_MEMBER_MyList,_LogP_MyList,GO,Description,_PATTERN_,_RANK_,CHILD_GO_MyList
1,-42.65276109219849,GO:0032502,developmental process,M1,1,GO:0001944 vasculature development
1,-41.28082985439489,GO:0009987,cellular process,M1,1,GO:0030198 extracellular matrix organization
1,-34.05205958365351,GO:0050896,response to stimulus,M1,1,GO:0070848 response to growth factor
1,-29.397449463595105,GO:0023052,signaling,M1,1,GO:0007167 enzyme-linked receptor protein signaling pathway
1,-26.098284564939032,GO:0040011,locomotion,M1,1,GO:0040017 positive regulation of locomotion
1,-20.77453784092499,GO:0032501,multicellular organismal process,M1,1,GO:0001503 ossification
1,-19.937565480932196,GO:0050789,regulation of biological process,M1,1,GO:0010810 regulation of cell-substrate adhesion
1,-18.84047940165002,GO:0048519,negative regulation of biological process,M1,1,GO:0008285 negative regulation of cell population proliferation
1,-16.869046363494668,GO:0048518,positive regulation of biological process,M1,1,GO:0045785 positive regulation of cell adhesion
1,-15.668587642165988,GO:0040007,growth,M1,1,GO:0040007 growth
1,-12.738997607097664,GO:0048511,rhythmic process,M1,1,GO:0042698 ovulation cycle
1,-11.297205061720483,GO:0022414,reproductive process,M1,1,GO:0048608 reproductive structure development
1,-11.155573938943089,GO:0008152,metabolic process,M1,1,GO:0043549 regulation of kinase activity
1,-9.361626087863543,GO:0002376,immune system process,M1,1,GO:0002683 negative regulation of immune system process
1,-8.179850171689655,GO:0051179,localization,M1,1,GO:0006897 endocytosis
1,-7.94098841958686,GO:0065007,biological regulation,M1,1,GO:0051347 positive regulation of transferase activity
1,-5.464667089565374,GO:0042592,homeostatic process,M1,1,GO:0048871 multicellular organismal homeostasis
1,-3.0724434130523353,GO:0044419,biological process involved in interspecies interaction between organisms,M1,1,GO:0009617 response to bacterium
1,-2.2867838018065547,GO:0016032,viral process,M1,1,GO:0019065 receptor-mediated endocytosis of virus by host cell
1,-2.0697822557333425,GO:0098754,detoxification,M1,1,GO:0019430 removal of superoxide radicals
