_MEMBER_MyList,_LogP_MyList,GO,Description,_PATTERN_,_RANK_,GiniIndex
1,-7.9,GO:0040013,negative regulation of locomotion,M1,1,0
1,-3.3,GO:0010038,response to metal ion,M1,1,0
1,-2.6,GO:0042542,response to hydrogen peroxide,M1,1,0
1,-5.9,GO:0001558,regulation of cell growth,M1,1,0
1,-2.4,GO:0032412,regulation of monoatomic ion transmembrane transporter activity,M1,1,0
1,-5.4,GO:1901652,response to peptide,M1,1,0
1,-3,GO:0010721,negative regulation of cell development,M1,1,0
1,-2.3,GO:0022407,regulation of cell-cell adhesion,M1,1,0
1,-2.3,GO:0044060,regulation of endocrine process,M1,1,0
1,-3.5,GO:0070661,leukocyte proliferation,M1,1,0
1,-3.9,GO:0000904,cell morphogenesis involved in differentiation,M1,1,0
1,-3.4,WP5109,Familial hyperlipidemia type 2,M1,1,0
1,-3.6,hsa04933,AGE-RAGE signaling pathway in diabetic complications,M1,1,0
1,-2.7,GO:0019229,regulation of vasoconstriction,M1,1,0
1,-2.3,M13,PID ERBB4 PATHWAY,M1,1,0
1,-3.2,GO:0051494,negative regulation of cytoskeleton organization,M1,1,0
1,-2.4,GO:0001503,ossification,M1,1,0
1,-3.7,GO:0042044,fluid transport,M1,1,0
1,-8.6,GO:0042327,positive regulation of phosphorylation,M1,1,0
1,-2.7,GO:0071407,cellular response to organic cyclic compound,M1,1,0
1,-2.7,GO:0042391,regulation of membrane potential,M1,1,0
1,-4.2,GO:0034330,cell junction organization,M1,1,0
1,-4.6,GO:0050942,positive regulation of pigment cell differentiation,M1,1,0
1,-2.7,GO:0031668,cellular response to extracellular stimulus,M1,1,0
1,-3.1,GO:0002042,cell migration involved in sprouting angiogenesis,M1,1,0
1,-2.5,GO:0031102,neuron projection regeneration,M1,1,0
1,-2.6,GO:0071384,cellular response to corticosteroid stimulus,M1,1,0
1,-2.4,WP4659,Gastrin signaling pathway,M1,1,0
1,-3.3,GO:0044706,multi-multicellular organism process,M1,1,0
1,-3.2,GO:0043062,extracellular structure organization,M1,1,0
1,-6.6,WP306,Focal adhesion,M1,1,0
1,-4.4,R-HSA-195399,VEGF binds to VEGFR leading to receptor dimerization,M1,1,0
1,-2.8,R-HSA-1474228,Degradation of the extracellular matrix,M1,1,0
1,-2.8,GO:0046777,protein autophosphorylation,M1,1,0
1,-2.4,GO:0055082,cellular chemical homeostasis,M1,1,0
1,-3.1,GO:1901215,negative regulation of neuron death,M1,1,0
1,-2.2,GO:0043086,negative regulation of catalytic activity,M1,1,0
1,-2.9,GO:0050886,endocrine process,M1,1,0
1,-2.8,GO:0055080,monoatomic cation homeostasis,M1,1,0
1,-2.2,GO:0014912,negative regulation of smooth muscle cell migration,M1,1,0
1,-2.1,GO:0046887,positive regulation of hormone secretion,M1,1,0
1,-3.3,GO:1901653,cellular response to peptide,M1,1,0
1,-2.3,GO:1901532,regulation of hematopoietic progenitor cell differentiation,M1,1,0
1,-2.4,GO:0030510,regulation of BMP signaling pathway,M1,1,0
1,-2.6,GO:0070507,regulation of microtubule cytoskeleton organization,M1,1,0
1,-4,GO:0007585,respiratory gaseous exchange by respiratory system,M1,1,0
1,-2.4,GO:0045773,positive regulation of axon extension,M1,1,0
1,-2.6,GO:1900225,regulation of NLRP3 inflammasome complex assembly,M1,1,0
1,-4.9,GO:0090497,mesenchymal cell migration,M1,1,0
1,-6.1,GO:0048863,stem cell differentiation,M1,1,0
1,-2.5,GO:0070588,calcium ion transmembrane transport,M1,1,0
1,-4.1,GO:0032535,regulation of cellular component size,M1,1,0
1,-3.4,R-HSA-163685,Integration of energy metabolism,M1,1,0
1,-2.7,GO:0051592,response to calcium ion,M1,1,0
1,-2.2,GO:0050865,regulation of cell activation,M1,1,0
1,-3.2,GO:1902903,regulation of supramolecular fiber organization,M1,1,0
1,-2.4,GO:0010633,negative regulation of epithelial cell migration,M1,1,0
1,-4.9,GO:0034762,regulation of transmembrane transport,M1,1,0
1,-2.5,R-HSA-6785807,Interleukin-4 and Interleukin-13 signaling,M1,1,0
1,-2.7,GO:0010631,epithelial cell migration,M1,1,0
1,-2.6,GO:0040014,regulation of multicellular organism growth,M1,1,0
1,-5.1,GO:0001541,ovarian follicle development,M1,1,0
1,-2.3,GO:0018210,peptidyl-threonine modification,M1,1,0
1,-3,GO:0003012,muscle system process,M1,1,0
1,-2.1,GO:0140546,defense response to symbiont,M1,1,0
1,-3.2,GO:0051900,regulation of mitochondrial depolarization,M1,1,0
1,-3.6,GO:0051960,regulation of nervous system development,M1,1,0
1,-4.4,WP3888,VEGFA-VEGFR2 signaling pathway,M1,1,0
1,-3.1,GO:0048639,positive regulation of developmental growth,M1,1,0
1,-7.7,GO:0009611,response to wounding,M1,1,0
1,-3.5,GO:0030308,negative regulation of cell growth,M1,1,0
1,-5,GO:0031345,negative regulation of cell projection organization,M1,1,0
1,-2.1,GO:0050808,synapse organization,M1,1,0
1,-4,GO:0009615,response to virus,M1,1,0
1,-2.3,GO:0050954,sensory perception of mechanical stimulus,M1,1,0
1,-2.2,R-HSA-3769402,Deactivation of the beta-catenin transactivating complex,M1,1,0
1,-2.9,GO:0051051,negative regulation of transport,M1,1,0
1,-2.3,WP2828,Bladder cancer,M1,1,0
1,-2.5,GO:0098801,regulation of renal system process,M1,1,0
1,-2.3,GO:0051099,positive regulation of binding,M1,1,0
1,-2.3,GO:0030279,negative regulation of ossification,M1,1,0
1,-3.2,GO:0034220,monoatomic ion transmembrane transport,M1,1,0
1,-2.8,GO:0009410,response to xenobiotic stimulus,M1,1,0
1,-2.9,GO:0031110,regulation of microtubule polymerization or depolymerization,M1,1,0
1,-2.1,GO:0006066,alcohol metabolic process,M1,1,0
1,-3.7,GO:0007548,sex differentiation,M1,1,0
1,-5,R-HSA-382551,Transport of small molecules,M1,1,0
1,-3.8,GO:0030516,regulation of axon extension,M1,1,0
1,-4.4,GO:1904045,cellular response to aldosterone,M1,1,0
1,-3.4,hsa04072,Phospholipase D signaling pathway,M1,1,0
1,-3.4,R-HSA-9006931,Signaling by Nuclear Receptors,M1,1,0
1,-4.7,GO:0006812,monoatomic cation transport,M1,1,0
1,-2.5,GO:1901889,negative regulation of cell junction assembly,M1,1,0
1,-7.8,GO:2000146,negative regulation of cell motility,M1,1,0
1,-2.8,R-HSA-1236394,Signaling by ERBB4,M1,1,0
1,-2.3,M241,PID RAC1 REG PATHWAY,M1,1,0
1,-3.4,GO:0072001,renal system development,M1,1,0
1,-2.9,GO:0003071,renal system process involved in regulation of systemic arterial blood pressure,M1,1,0
1,-3.1,GO:0019725,cellular homeostasis,M1,1,0
1,-4.9,GO:0007507,heart development,M1,1,0
1,-2.9,WP325,Triacylglyceride synthesis,M1,1,0
1,-4.4,GO:1903900,regulation of viral life cycle,M1,1,0
1,-4.4,GO:0050731,positive regulation of peptidyl-tyrosine phosphorylation,M1,1,0
1,-2,GO:0032496,response to lipopolysaccharide,M1,1,0
1,-17,GO:0001944,vasculature development,M1,1,0
1,-4.1,GO:0051056,regulation of small GTPase mediated signal transduction,M1,1,0
1,-2.2,WP382,MAPK signaling pathway,M1,1,0
1,-2.1,GO:0003007,heart morphogenesis,M1,1,0
1,-2.1,GO:2000106,regulation of leukocyte apoptotic process,M1,1,0
1,-2.4,GO:0002683,negative regulation of immune system process,M1,1,0
1,-2.2,M3005,NABA COLLAGENS,M1,1,0
1,-3.6,GO:0002275,myeloid cell activation involved in immune response,M1,1,0
1,-3,GO:0030098,lymphocyte differentiation,M1,1,0
1,-2.4,M5880,NABA ECM AFFILIATED,M1,1,0
1,-5.5,GO:0002009,morphogenesis of an epithelium,M1,1,0
1,-5,hsa04020,Calcium signaling pathway,M1,1,0
1,-2.5,GO:0010743,regulation of macrophage derived foam cell differentiation,M1,1,0
1,-2,M67,PID ARF6 TRAFFICKING PATHWAY,M1,1,0
1,-5.8,hsa04014,Ras signaling pathway,M1,1,0
1,-4.1,hsa04670,Leukocyte transendothelial migration,M1,1,0
1,-2.2,GO:0009755,hormone-mediated signaling pathway,M1,1,0
1,-2.4,GO:0001990,regulation of systemic arterial blood pressure by hormone,M1,1,0
1,-3.6,M124,PID CXCR4 PATHWAY,M1,1,0
1,-3.9,GO:0050792,regulation of viral process,M1,1,0
1,-2.6,M63,PID AVB3 OPN PATHWAY,M1,1,0
1,-2.9,GO:0036293,response to decreased oxygen levels,M1,1,0
1,-2,GO:0006954,inflammatory response,M1,1,0
1,-4.1,GO:0033622,integrin activation,M1,1,0
1,-4,WP3845,Canonical and non-canonical Notch signaling,M1,1,0
1,-3.6,GO:0000902,cell morphogenesis,M1,1,0
1,-3.2,R-HSA-372790,Signaling by GPCR,M1,1,0
1,-3.3,GO:0098657,import into cell,M1,1,0
1,-3.1,GO:0003254,regulation of membrane depolarization,M1,1,0
1,-3.6,GO:1904044,response to aldosterone,M1,1,0
1,-2.7,GO:0120161,regulation of cold-induced thermogenesis,M1,1,0
1,-3.6,GO:0008285,negative regulation of cell population proliferation,M1,1,0
1,-4.4,hsa04810,Regulation of actin cytoskeleton,M1,1,0
1,-4.4,hsa04360,Axon guidance,M1,1,0
1,-5.5,GO:0042330,taxis,M1,1,0
1,-2.3,GO:2001234,negative regulation of apoptotic signaling pathway,M1,1,0
1,-2.3,GO:0033627,cell adhesion mediated by integrin,M1,1,0
1,-6.2,GO:0008361,regulation of cell size,M1,1,0
1,-3.7,GO:0061572,actin filament bundle organization,M1,1,0
1,-3.9,R-HSA-76002,"Platelet activation, signaling and aggregation",M1,1,0
1,-3.7,GO:0043552,positive regulation of phosphatidylinositol 3-kinase activity,M1,1,0
1,-3.5,GO:0051384,response to glucocorticoid,M1,1,0
1,-3,GO:0010623,programmed cell death involved in cell development,M1,1,0
1,-4.2,GO:1903530,regulation of secretion by cell,M1,1,0
1,-2.1,WP2882,Nuclear receptors meta-pathway,M1,1,0
1,-5.6,GO:0043410,positive regulation of MAPK cascade,M1,1,0
1,-2.6,GO:0045927,positive regulation of growth,M1,1,0
1,-2.2,WP2911,miRNA targets in ECM and membrane receptors,M1,1,0
1,-6.7,GO:0003158,endothelium development,M1,1,0
1,-2.9,WP2406,Cardiac progenitor differentiation,M1,1,0
1,-2.1,GO:0048568,embryonic organ development,M1,1,0
1,-7.6,hsa04151,PI3K-Akt signaling pathway,M1,1,0
1,-2.2,GO:0042113,B cell activation,M1,1,0
1,-4.7,GO:0031960,response to corticosteroid,M1,1,0
1,-4.8,GO:0030001,metal ion transport,M1,1,0
1,-3.6,M145,PID P53 DOWNSTREAM PATHWAY,M1,1,0
1,-2.2,GO:0043405,regulation of MAP kinase activity,M1,1,0
1,-17,GO:0001568,blood vessel development,M1,1,0
1,-2.2,GO:0001837,epithelial to mesenchymal transition,M1,1,0
1,-2.5,GO:0018107,peptidyl-threonine phosphorylation,M1,1,0
1,-5.5,GO:0010942,positive regulation of cell death,M1,1,0
1,-2.6,GO:0048598,embryonic morphogenesis,M1,1,0
1,-3.6,GO:0019216,regulation of lipid metabolic process,M1,1,0
1,-2.4,WP3929,Chemokine signaling pathway,M1,1,0
1,-2.9,GO:0048525,negative regulation of viral process,M1,1,0
1,-2.1,hsa04742,Taste transduction,M1,1,0
1,-4.2,GO:0048812,neuron projection morphogenesis,M1,1,0
1,-3.9,GO:0043550,regulation of lipid kinase activity,M1,1,0
1,-2.1,GO:0048483,autonomic nervous system development,M1,1,0
1,-2.6,GO:0098901,regulation of cardiac muscle cell action potential,M1,1,0
1,-3.1,GO:0090100,positive regulation of transmembrane receptor protein serine/threonine kinase signaling pathway,M1,1,0
1,-2.5,GO:0007219,Notch signaling pathway,M1,1,0
1,-5.1,M5884,NABA CORE MATRISOME,M1,1,0
1,-3.7,GO:0098660,inorganic ion transmembrane transport,M1,1,0
1,-2.5,WP5115,Network map of SARS-CoV-2 signaling pathway,M1,1,0
1,-2.9,GO:0018105,peptidyl-serine phosphorylation,M1,1,0
1,-2.1,GO:0032092,positive regulation of protein binding,M1,1,0
1,-5.5,R-HSA-1474244,Extracellular matrix organization,M1,1,0
1,-2.8,hsa04923,Regulation of lipolysis in adipocytes,M1,1,0
1,-5.1,GO:0008217,regulation of blood pressure,M1,1,0
1,-6.6,R-HSA-9006934,Signaling by Receptor Tyrosine Kinases,M1,1,0
1,-4,GO:0043200,response to amino acid,M1,1,0
1,-4.5,GO:0019722,calcium-mediated signaling,M1,1,0
1,-3.2,GO:0046661,male sex differentiation,M1,1,0
1,-2.6,R-HSA-2219528,PI3K/AKT Signaling in Cancer,M1,1,0
1,-7.4,GO:0007169,transmembrane receptor protein tyrosine kinase signaling pathway,M1,1,0
1,-3.5,WP3942,PPAR signaling pathway,M1,1,0
1,-2.4,GO:0050974,detection of mechanical stimulus involved in sensory perception,M1,1,0
1,-2.8,GO:0030048,actin filament-based movement,M1,1,0
1,-3.4,GO:0042551,neuron maturation,M1,1,0
1,-2.5,GO:0043534,blood vessel endothelial cell migration,M1,1,0
1,-3.6,GO:0001991,regulation of systemic arterial blood pressure by circulatory renin-angiotensin,M1,1,0
1,-2.6,GO:0070168,negative regulation of biomineral tissue development,M1,1,0
1,-2.2,GO:0046883,regulation of hormone secretion,M1,1,0
1,-3.9,GO:0045069,regulation of viral genome replication,M1,1,0
1,-2.9,GO:0002262,myeloid cell homeostasis,M1,1,0
1,-4.6,GO:0071417,cellular response to organonitrogen compound,M1,1,0
1,-3,GO:0035162,embryonic hemopoiesis,M1,1,0
1,-2.3,GO:2000736,regulation of stem cell differentiation,M1,1,0
1,-2,GO:0001508,action potential,M1,1,0
1,-2.8,GO:0008584,male gonad development,M1,1,0
1,-2.3,GO:1902532,negative regulation of intracellular signal transduction,M1,1,0
1,-3.8,GO:0007568,aging,M1,1,0
1,-2.6,GO:0043524,negative regulation of neuron apoptotic process,M1,1,0
1,-2.2,GO:0051224,negative regulation of protein transport,M1,1,0
1,-2.8,WP5265,Neurogenesis regulation in the olfactory epithelium,M1,1,0
1,-2.1,GO:0014911,positive regulation of smooth muscle cell migration,M1,1,0
1,-4.1,hsa01521,EGFR tyrosine kinase inhibitor resistance,M1,1,0
1,-2.2,M91,PID TCPTP PATHWAY,M1,1,0
1,-3.4,GO:0098662,inorganic cation transmembrane transport,M1,1,0
1,-11,GO:0003013,circulatory system process,M1,1,0
1,-2.8,hsa04062,Chemokine signaling pathway,M1,1,0
1,-2.6,GO:0050768,negative regulation of neurogenesis,M1,1,0
1,-2,GO:0046580,negative regulation of Ras protein signal transduction,M1,1,0
1,-3.9,hsa04512,ECM-receptor interaction,M1,1,0
1,-3.9,GO:0032990,cell part morphogenesis,M1,1,0
1,-4.5,GO:0043551,regulation of phosphatidylinositol 3-kinase activity,M1,1,0
1,-8.4,M5885,NABA MATRISOME ASSOCIATED,M1,1,0
1,-5.2,GO:0045321,leukocyte activation,M1,1,0
1,-2.9,GO:0072091,regulation of stem cell proliferation,M1,1,0
1,-3.5,GO:0044703,multi-organism reproductive process,M1,1,0
1,-4.3,M160,PID AVB3 INTEGRIN PATHWAY,M1,1,0
1,-2.6,GO:0008016,regulation of heart contraction,M1,1,0
1,-4.4,GO:0050767,regulation of neurogenesis,M1,1,0
1,-2,GO:1903426,regulation of reactive oxygen species biosynthetic process,M1,1,0
1,-3.8,GO:0014910,regulation of smooth muscle cell migration,M1,1,0
1,-5.4,GO:0007160,cell-matrix adhesion,M1,1,0
1,-5.7,GO:0007229,integrin-mediated signaling pathway,M1,1,0
1,-2.3,GO:0010811,positive regulation of cell-substrate adhesion,M1,1,0
1,-9.8,GO:2000147,positive regulation of cell motility,M1,1,0
1,-6.1,GO:0040008,regulation of growth,M1,1,0
1,-3.2,GO:2001233,regulation of apoptotic signaling pathway,M1,1,0
1,-2.8,GO:0031103,axon regeneration,M1,1,0
1,-2.1,GO:0051607,defense response to virus,M1,1,0
1,-3,R-HSA-3928665,EPH-ephrin mediated repulsion of cells,M1,1,0
1,-2.7,GO:0097190,apoptotic signaling pathway,M1,1,0
1,-2.1,GO:1903510,mucopolysaccharide metabolic process,M1,1,0
1,-2.4,GO:0001704,formation of primary germ layer,M1,1,0
1,-5.3,GO:0061387,regulation of extent of cell growth,M1,1,0
1,-3.4,GO:2001212,regulation of vasculogenesis,M1,1,0
1,-3.5,R-HSA-5173214,O-glycosylation of TSR domain-containing proteins,M1,1,0
1,-4.6,R-HSA-9013695,NOTCH4 Intracellular Domain Regulates Transcription,M1,1,0
1,-2.2,GO:0002720,positive regulation of cytokine production involved in immune response,M1,1,0
1,-2.7,GO:0010876,lipid localization,M1,1,0
1,-3.1,GO:2000738,positive regulation of stem cell differentiation,M1,1,0
1,-2.2,GO:0031294,lymphocyte costimulation,M1,1,0
1,-4.8,GO:0043408,regulation of MAPK cascade,M1,1,0
1,-2.4,GO:0030307,positive regulation of cell growth,M1,1,0
1,-2.8,GO:0051017,actin filament bundle assembly,M1,1,0
1,-4.6,GO:0031111,negative regulation of microtubule polymerization or depolymerization,M1,1,0
1,-3.7,GO:0002252,immune effector process,M1,1,0
1,-2.3,GO:0010720,positive regulation of cell development,M1,1,0
1,-2.7,R-HSA-8980692,RHOA GTPase cycle,M1,1,0
1,-3.4,GO:0045834,positive regulation of lipid metabolic process,M1,1,0
1,-4.5,GO:0008360,regulation of cell shape,M1,1,0
1,-2.9,GO:0003016,respiratory system process,M1,1,0
1,-2.5,hsa04725,Cholinergic synapse,M1,1,0
1,-3.7,GO:0001101,response to acid chemical,M1,1,0
1,-3.4,hsa05224,Breast cancer,M1,1,0
1,-2.2,hsa04926,Relaxin signaling pathway,M1,1,0
1,-3.5,hsa04960,Aldosterone-regulated sodium reabsorption,M1,1,0
1,-3.3,GO:0048871,multicellular organismal homeostasis,M1,1,0
1,-3,GO:0050920,regulation of chemotaxis,M1,1,0
1,-2.7,GO:0008202,steroid metabolic process,M1,1,0
1,-6.4,GO:0051129,negative regulation of cellular component organization,M1,1,0
1,-2,WP2848,Pluripotent stem cell differentiation pathway,M1,1,0
1,-8.5,WP5087,Malignant pleural mesothelioma,M1,1,0
1,-2.6,GO:0032869,cellular response to insulin stimulus,M1,1,0
1,-2.8,GO:0001945,lymph vessel development,M1,1,0
1,-2.4,GO:0198738,cell-cell signaling by wnt,M1,1,0
1,-2.6,WP5102,Familial partial lipodystrophy,M1,1,0
1,-4.6,GO:0043065,positive regulation of apoptotic process,M1,1,0
1,-2.3,GO:0055078,sodium ion homeostasis,M1,1,0
1,-2.3,hsa04919,Thyroid hormone signaling pathway,M1,1,0
1,-3.2,GO:1900227,positive regulation of NLRP3 inflammasome complex assembly,M1,1,0
1,-3.9,GO:0150104,transport across blood-brain barrier,M1,1,0
1,-2.1,GO:0002366,leukocyte activation involved in immune response,M1,1,0
1,-2,M288,PID HES HEY PATHWAY,M1,1,0
1,-3.8,GO:0032409,regulation of transporter activity,M1,1,0
1,-2.7,R-HSA-5663202,Diseases of signal transduction by growth factor receptors and second messengers,M1,1,0
1,-2.4,GO:0055074,calcium ion homeostasis,M1,1,0
1,-3.6,GO:0031175,neuron projection development,M1,1,0
1,-3.1,GO:0007389,pattern specification process,M1,1,0
1,-3.3,GO:0150115,cell-substrate junction organization,M1,1,0
1,-3,R-HSA-8939211,ESR-mediated signaling,M1,1,0
1,-2.5,GO:0009612,response to mechanical stimulus,M1,1,0
1,-3.2,GO:0071496,cellular response to external stimulus,M1,1,0
1,-2.4,GO:0032956,regulation of actin cytoskeleton organization,M1,1,0
1,-3.2,GO:0051954,positive regulation of amine transport,M1,1,0
1,-4.1,GO:0045765,regulation of angiogenesis,M1,1,0
1,-3.2,WP3287,Overview of nanoparticle effects,M1,1,0
1,-2.2,GO:1905952,regulation of lipid localization,M1,1,0
1,-3,GO:0034599,cellular response to oxidative stress,M1,1,0
1,-4,GO:1903522,regulation of blood circulation,M1,1,0
1,-2.8,GO:0045860,positive regulation of protein kinase activity,M1,1,0
1,-2.2,hsa04975,Fat digestion and absorption,M1,1,0
1,-6.1,GO:0048729,tissue morphogenesis,M1,1,0
1,-3.3,GO:0007566,embryo implantation,M1,1,0
1,-2.8,GO:0009617,response to bacterium,M1,1,0
1,-2.9,R-HSA-2682334,EPH-Ephrin signaling,M1,1,0
1,-2.5,R-HSA-199418,Negative regulation of the PI3K/AKT network,M1,1,0
1,-3.2,GO:0007420,brain development,M1,1,0
1,-4.6,GO:0032989,cellular component morphogenesis,M1,1,0
1,-2.5,GO:0001569,branching involved in blood vessel morphogenesis,M1,1,0
1,-2.3,GO:0043087,regulation of GTPase activity,M1,1,0
1,-5,GO:0042060,wound healing,M1,1,0
1,-2.3,GO:0051048,negative regulation of secretion,M1,1,0
1,-2.5,GO:0007610,behavior,M1,1,0
1,-2.1,GO:0060047,heart contraction,M1,1,0
1,-11,GO:0009725,response to hormone,M1,1,0
1,-2.2,GO:0071526,semaphorin-plexin signaling pathway,M1,1,0
1,-2.8,GO:0008593,regulation of Notch signaling pathway,M1,1,0
1,-2.6,GO:0006665,sphingolipid metabolic process,M1,1,0
1,-2.5,WP1403,AMP-activated protein kinase signaling,M1,1,0
1,-3.4,GO:0045165,cell fate commitment,M1,1,0
1,-4.7,GO:0003073,regulation of systemic arterial blood pressure,M1,1,0
1,-3.6,WP474,Endochondral ossification,M1,1,0
1,-14,GO:0035239,tube morphogenesis,M1,1,0
1,-5.2,GO:0120035,regulation of plasma membrane bounded cell projection organization,M1,1,0
1,-2.7,GO:0090257,regulation of muscle system process,M1,1,0
1,-3.4,GO:0050678,regulation of epithelial cell proliferation,M1,1,0
1,-4.5,GO:0051091,positive regulation of DNA-binding transcription factor activity,M1,1,0
1,-4,GO:0010817,regulation of hormone levels,M1,1,0
1,-4.4,GO:0031589,cell-substrate adhesion,M1,1,0
1,-6.4,GO:0001775,cell activation,M1,1,0
1,-2.1,WP5078,T cell modulation in pancreatic cancer,M1,1,0
1,-2.9,GO:0061458,reproductive system development,M1,1,0
1,-3,GO:0001666,response to hypoxia,M1,1,0
1,-2.4,R-HSA-5684996,MAPK1/MAPK3 signaling,M1,1,0
1,-4.1,GO:0048858,cell projection morphogenesis,M1,1,0
1,-3.8,GO:0098655,monoatomic cation transmembrane transport,M1,1,0
1,-2.7,GO:0042116,macrophage activation,M1,1,0
1,-4.2,WP536,Calcium regulation in cardiac cells,M1,1,0
1,-4.5,GO:0050804,modulation of chemical synaptic transmission,M1,1,0
1,-3.5,GO:0097746,blood vessel diameter maintenance,M1,1,0
1,-2.2,GO:0030183,B cell differentiation,M1,1,0
1,-2.4,GO:0030855,epithelial cell differentiation,M1,1,0
1,-2.1,WP268,Notch signaling,M1,1,0
1,-2.8,GO:0007423,sensory organ development,M1,1,0
1,-2.4,GO:0061081,positive regulation of myeloid leukocyte cytokine production involved in immune response,M1,1,0
1,-2,GO:0042311,vasodilation,M1,1,0
1,-3.1,GO:0042692,muscle cell differentiation,M1,1,0
1,-2.9,GO:0031113,regulation of microtubule polymerization,M1,1,0
1,-2.5,GO:0071560,cellular response to transforming growth factor beta stimulus,M1,1,0
1,-2.7,GO:0043393,regulation of protein binding,M1,1,0
1,-3.2,GO:0048167,regulation of synaptic plasticity,M1,1,0
1,-3.4,R-HSA-8957275,Post-translational protein phosphorylation,M1,1,0
1,-4.5,GO:0030097,hemopoiesis,M1,1,0
1,-2.2,GO:0035987,endodermal cell differentiation,M1,1,0
1,-2.5,GO:0032103,positive regulation of response to external stimulus,M1,1,0
1,-2.1,GO:0071456,cellular response to hypoxia,M1,1,0
1,-2.4,GO:0045444,fat cell differentiation,M1,1,0
1,-2,GO:0051492,regulation of stress fiber assembly,M1,1,0
1,-3.5,R-HSA-5083635,Defective B3GALTL causes PpS,M1,1,0
1,-2.5,GO:0007411,axon guidance,M1,1,0
1,-5.8,GO:0048638,regulation of developmental growth,M1,1,0
1,-2.6,R-HSA-9013148,CDC42 GTPase cycle,M1,1,0
1,-2.5,GO:0048841,regulation of axon extension involved in axon guidance,M1,1,0
1,-2.5,GO:0071695,anatomical structure maturation,M1,1,0
1,-5.2,GO:0030029,actin filament-based process,M1,1,0
1,-2.4,hsa04935,"Growth hormone synthesis, secretion and action",M1,1,0
1,-8.1,GO:0030336,negative regulation of cell migration,M1,1,0
1,-3.6,GO:0006814,sodium ion transport,M1,1,0
1,-3,GO:0006869,lipid transport,M1,1,0
1,-2.6,GO:1901654,response to ketone,M1,1,0
1,-3.5,GO:0051385,response to mineralocorticoid,M1,1,0
1,-2.7,GO:0044089,positive regulation of cellular component biogenesis,M1,1,0
1,-3,GO:0035924,cellular response to vascular endothelial growth factor stimulus,M1,1,0
1,-2.2,hsa04012,ErbB signaling pathway,M1,1,0
1,-3.9,GO:0010232,vascular transport,M1,1,0
1,-5,hsa05165,Human papillomavirus infection,M1,1,0
1,-2.2,GO:0045766,positive regulation of angiogenesis,M1,1,0
1,-5.7,GO:0060326,cell chemotaxis,M1,1,0
1,-10,GO:0030335,positive regulation of cell migration,M1,1,0
1,-3.2,GO:1903131,mononuclear cell differentiation,M1,1,0
1,-5.6,hsa04010,MAPK signaling pathway,M1,1,0
1,-2.8,GO:0002700,regulation of production of molecular mediator of immune response,M1,1,0
1,-4.3,GO:0010594,regulation of endothelial cell migration,M1,1,0
1,-2.4,GO:0007369,gastrulation,M1,1,0
1,-4.5,GO:0010634,positive regulation of epithelial cell migration,M1,1,0
1,-2.1,GO:0001885,endothelial cell development,M1,1,0
1,-9.6,GO:0040017,positive regulation of locomotion,M1,1,0
1,-3.3,GO:0014066,regulation of phosphatidylinositol 3-kinase signaling,M1,1,0
1,-2,GO:0002028,regulation of sodium ion transport,M1,1,0
1,-3.7,GO:0045137,development of primary sexual characteristics,M1,1,0
1,-4.7,GO:0070848,response to growth factor,M1,1,0
1,-2.1,R-HSA-5668914,Diseases of metabolism,M1,1,0
1,-2.4,GO:0010639,negative regulation of organelle organization,M1,1,0
1,-2,GO:0048013,ephrin receptor signaling pathway,M1,1,0
1,-3.9,GO:0070633,transepithelial transport,M1,1,0
1,-2.8,GO:1904262,negative regulation of TORC1 signaling,M1,1,0
1,-3.4,GO:0071902,positive regulation of protein serine/threonine kinase activity,M1,1,0
1,-3.4,GO:0034765,regulation of monoatomic ion transmembrane transport,M1,1,0
1,-2.2,GO:0002702,positive regulation of production of molecular mediator of immune response,M1,1,0
1,-3,GO:0030217,T cell differentiation,M1,1,0
1,-2.2,GO:0048565,digestive tract development,M1,1,0
1,-2.3,GO:0001937,negative regulation of endothelial cell proliferation,M1,1,0
1,-3.6,hsa04666,Fc gamma R-mediated phagocytosis,M1,1,0
1,-2.2,GO:0090092,regulation of transmembrane receptor protein serine/threonine kinase signaling pathway,M1,1,0
1,-4.4,GO:0010977,negative regulation of neuron projection development,M1,1,0
1,-4.3,R-HSA-445355,Smooth Muscle Contraction,M1,1,0
1,-2.7,GO:0055123,digestive system development,M1,1,0
1,-3.6,R-HSA-9675108,Nervous system development,M1,1,0
1,-2.3,GO:0034614,cellular response to reactive oxygen species,M1,1,0
1,-2.3,hsa04060,Cytokine-cytokine receptor interaction,M1,1,0
1,-3.7,GO:0008585,female gonad development,M1,1,0
1,-2.2,R-HSA-76005,Response to elevated platelet cytosolic Ca2+,M1,1,0
1,-2.2,GO:0035725,sodium ion transmembrane transport,M1,1,0
1,-2.3,GO:0072524,pyridine-containing compound metabolic process,M1,1,0
1,-2.1,GO:0048286,lung alveolus development,M1,1,0
1,-3.7,GO:0061061,muscle structure development,M1,1,0
1,-2.4,GO:0003161,cardiac conduction system development,M1,1,0
1,-2.3,GO:0000302,response to reactive oxygen species,M1,1,0
1,-2.4,R-HSA-5673001,RAF/MAP kinase cascade,M1,1,0
1,-3.6,GO:0051493,regulation of cytoskeleton organization,M1,1,0
1,-6.9,GO:0032870,cellular response to hormone stimulus,M1,1,0
1,-2.3,M41,PID ER NONGENOMIC PATHWAY,M1,1,0
1,-2.2,GO:0042180,cellular ketone metabolic process,M1,1,0
1,-3.9,GO:0071277,cellular response to calcium ion,M1,1,0
1,-3.7,GO:0048660,regulation of smooth muscle cell proliferation,M1,1,0
1,-3.7,GO:0006939,smooth muscle contraction,M1,1,0
1,-3.4,GO:0007044,cell-substrate junction assembly,M1,1,0
1,-2.3,GO:0032943,mononuclear cell proliferation,M1,1,0
1,-5.3,GO:0040011,locomotion,M1,1,0
1,-3.3,WP4262,Breast cancer pathway,M1,1,0
1,-2.1,GO:0034103,regulation of tissue remodeling,M1,1,0
1,-2.6,GO:0034101,erythrocyte homeostasis,M1,1,0
1,-2.6,R-HSA-6811558,"PI5P, PP2A and IER3 Regulate PI3K/AKT Signaling",M1,1,0
1,-4.1,GO:0014032,neural crest cell development,M1,1,0
1,-3.3,GO:0015908,fatty acid transport,M1,1,0
1,-4.3,GO:0048087,positive regulation of developmental pigmentation,M1,1,0
1,-2.2,GO:0008610,lipid biosynthetic process,M1,1,0
1,-2.4,GO:0061138,morphogenesis of a branching epithelium,M1,1,0
1,-2.3,GO:0006919,activation of cysteine-type endopeptidase activity involved in apoptotic process,M1,1,0
1,-4,GO:0018108,peptidyl-tyrosine phosphorylation,M1,1,0
1,-2.8,GO:0007026,negative regulation of microtubule depolymerization,M1,1,0
1,-2.2,WP4217,Ebola virus infection in host,M1,1,0
1,-2.9,GO:0048608,reproductive structure development,M1,1,0
1,-2.2,M195,PID CMYB PATHWAY,M1,1,0
1,-3,GO:0001952,regulation of cell-matrix adhesion,M1,1,0
1,-2.4,GO:0048469,cell maturation,M1,1,0
1,-2.5,GO:0009792,embryo development ending in birth or egg hatching,M1,1,0
1,-3.3,WP5055,Burn wound healing,M1,1,0
1,-2.8,GO:0019755,one-carbon compound transport,M1,1,0
1,-2.4,R-HSA-9694548,Maturation of spike protein,M1,1,0
1,-4.8,WP4239,Epithelial to mesenchymal transition in colorectal cancer,M1,1,0
1,-2.4,R-HSA-109582,Hemostasis,M1,1,0
1,-2,GO:0038093,Fc receptor signaling pathway,M1,1,0
1,-2.7,M3008,NABA ECM GLYCOPROTEINS,M1,1,0
1,-3,GO:1903432,regulation of TORC1 signaling,M1,1,0
1,-9.3,GO:0007167,enzyme-linked receptor protein signaling pathway,M1,1,0
1,-2.1,GO:0060191,regulation of lipase activity,M1,1,0
1,-3.9,GO:0010959,regulation of metal ion transport,M1,1,0
1,-4.1,GO:0045446,endothelial cell differentiation,M1,1,0
1,-2,GO:0050921,positive regulation of chemotaxis,M1,1,0
1,-2.5,GO:0097192,extrinsic apoptotic signaling pathway in absence of ligand,M1,1,0
1,-4,GO:0007015,actin filament organization,M1,1,0
1,-4.2,M5883,NABA SECRETED FACTORS,M1,1,0
1,-6.2,GO:0009991,response to extracellular stimulus,M1,1,0
1,-2,hsa05415,Diabetic cardiomyopathy,M1,1,0
1,-2.6,GO:0031114,regulation of microtubule depolymerization,M1,1,0
1,-2.2,hsa05219,Bladder cancer,M1,1,0
1,-4,WP4787,Osteoblast differentiation and related diseases,M1,1,0
1,-6.6,GO:0031667,response to nutrient levels,M1,1,0
1,-3.2,R-HSA-9009391,Extra-nuclear estrogen signaling,M1,1,0
1,-4,GO:0014068,positive regulation of phosphatidylinositol 3-kinase signaling,M1,1,0
1,-3.1,GO:0098739,import across plasma membrane,M1,1,0
1,-3.7,GO:0006936,muscle contraction,M1,1,0
1,-5.4,GO:0006468,protein phosphorylation,M1,1,0
1,-3.4,GO:0048667,cell morphogenesis involved in neuron differentiation,M1,1,0
1,-2.8,GO:0048754,branching morphogenesis of an epithelial tube,M1,1,0
1,-2.2,R-HSA-1660661,Sphingolipid de novo biosynthesis,M1,1,0
1,-2.6,R-HSA-9012999,RHO GTPase cycle,M1,1,0
1,-2.5,GO:0062197,cellular response to chemical stress,M1,1,0
1,-5.4,GO:0051046,regulation of secretion,M1,1,0
1,-3.3,GO:0048066,developmental pigmentation,M1,1,0
1,-2.1,GO:0071229,cellular response to acid chemical,M1,1,0
1,-4.6,GO:0046545,development of primary female sexual characteristics,M1,1,0
1,-3.7,GO:0048678,response to axon injury,M1,1,0
1,-2.7,GO:0051098,regulation of binding,M1,1,0
1,-3.2,R-HSA-422356,Regulation of insulin secretion,M1,1,0
1,-4,WP4806,EGFR tyrosine kinase inhibitor resistance,M1,1,0
1,-4.4,R-HSA-909733,Interferon alpha/beta signaling,M1,1,0
1,-4.4,GO:0001936,regulation of endothelial cell proliferation,M1,1,0
1,-4.4,GO:0043068,positive regulation of programmed cell death,M1,1,0
1,-4.2,GO:0002274,myeloid leukocyte activation,M1,1,0
1,-2.2,R-HSA-9013694,Signaling by NOTCH4,M1,1,0
1,-3.6,WP4808,Endochondral ossification with skeletal dysplasias,M1,1,0
1,-4.3,GO:0048545,response to steroid hormone,M1,1,0
1,-2.7,GO:0042119,neutrophil activation,M1,1,0
1,-2.8,hsa05414,Dilated cardiomyopathy,M1,1,0
1,-3.7,GO:0048010,vascular endothelial growth factor receptor signaling pathway,M1,1,0
1,-2.5,GO:0042310,vasoconstriction,M1,1,0
1,-2.4,GO:0050878,regulation of body fluid levels,M1,1,0
1,-2.6,GO:0021700,developmental maturation,M1,1,0
1,-6.4,GO:0048762,mesenchymal cell differentiation,M1,1,0
1,-2.2,R-HSA-114608,Platelet degranulation,M1,1,0
1,-4.2,GO:0008283,cell population proliferation,M1,1,0
1,-3.2,GO:0003044,regulation of systemic arterial blood pressure mediated by a chemical signal,M1,1,0
1,-3.2,GO:0043031,negative regulation of macrophage activation,M1,1,0
1,-3.1,WP4754,IL-18 signaling pathway,M1,1,0
1,-2.4,GO:0009267,cellular response to starvation,M1,1,0
1,-2.5,GO:0003002,regionalization,M1,1,0
1,-2.6,GO:0051961,negative regulation of nervous system development,M1,1,0
1,-2.7,WP61,Notch signaling pathway,M1,1,0
1,-2.5,R-HSA-8963899,Plasma lipoprotein remodeling,M1,1,0
1,-3.1,hsa04152,AMPK signaling pathway,M1,1,0
1,-3,GO:0071396,cellular response to lipid,M1,1,0
1,-2.5,GO:0097485,neuron projection guidance,M1,1,0
1,-2.1,GO:0014706,striated muscle tissue development,M1,1,0
1,-2.4,GO:0055065,metal ion homeostasis,M1,1,0
1,-4,GO:0050730,regulation of peptidyl-tyrosine phosphorylation,M1,1,0
1,-3.8,GO:0043523,regulation of neuron apoptotic process,M1,1,0
1,-3.5,M15,PID LYSOPHOSPHOLIPID PATHWAY,M1,1,0
1,-2.5,GO:0002694,regulation of leukocyte activation,M1,1,0
1,-2.4,GO:0043254,regulation of protein-containing complex assembly,M1,1,0
1,-4.3,GO:0038084,vascular endothelial growth factor signaling pathway,M1,1,0
1,-3.2,GO:0003014,renal system process,M1,1,0
1,-3.4,GO:0022604,regulation of cell morphogenesis,M1,1,0
1,-2.5,GO:0099587,inorganic ion import across plasma membrane,M1,1,0
1,-3.7,GO:0001501,skeletal system development,M1,1,0
1,-2.2,WP2877,Vitamin D receptor pathway,M1,1,0
1,-3.5,GO:0048070,regulation of developmental pigmentation,M1,1,0
1,-2,GO:0046467,membrane lipid biosynthetic process,M1,1,0
1,-4.5,GO:0033674,positive regulation of kinase activity,M1,1,0
1,-2.4,GO:0048705,skeletal system morphogenesis,M1,1,0
1,-2.2,GO:0032881,regulation of polysaccharide metabolic process,M1,1,0
1,-2,M141,PID PI3KCI PATHWAY,M1,1,0
1,-2,R-HSA-9012852,Signaling by NOTCH3,M1,1,0
1,-2.7,GO:0050801,monoatomic ion homeostasis,M1,1,0
1,-3.8,GO:2000668,regulation of dendritic cell apoptotic process,M1,1,0
1,-2.7,GO:0098771,inorganic ion homeostasis,M1,1,0
1,-4.6,GO:0030036,actin cytoskeleton organization,M1,1,0
1,-3.5,R-HSA-1280215,Cytokine Signaling in Immune system,M1,1,0
1,-3.2,GO:0030198,extracellular matrix organization,M1,1,0
1,-3.6,R-HSA-114604,GPVI-mediated activation cascade,M1,1,0
1,-2.7,GO:0002444,myeloid leukocyte mediated immunity,M1,1,0
1,-4.1,M137,PID VEGF VEGFR PATHWAY,M1,1,0
1,-4.1,GO:0050900,leukocyte migration,M1,1,0
1,-2.9,GO:0022898,regulation of transmembrane transporter activity,M1,1,0
1,-2.6,M269,PID RAS PATHWAY,M1,1,0
1,-3,GO:0002446,neutrophil mediated immunity,M1,1,0
1,-7,GO:0090066,regulation of anatomical structure size,M1,1,0
1,-2.4,GO:0045859,regulation of protein kinase activity,M1,1,0
1,-3.6,hsa01522,Endocrine resistance,M1,1,0
1,-3.4,GO:0002730,regulation of dendritic cell cytokine production,M1,1,0
1,-3.1,GO:2001239,regulation of extrinsic apoptotic signaling pathway in absence of ligand,M1,1,0
1,-2.4,GO:0001938,positive regulation of endothelial cell proliferation,M1,1,0
1,-2.1,GO:1904950,negative regulation of establishment of protein localization,M1,1,0
1,-3.3,GO:0060562,epithelial tube morphogenesis,M1,1,0
1,-2.5,GO:0098659,inorganic cation import across plasma membrane,M1,1,0
1,-2.7,GO:0048041,focal adhesion assembly,M1,1,0
1,-2.5,GO:0048844,artery morphogenesis,M1,1,0
1,-2.6,GO:0097066,response to thyroid hormone,M1,1,0
1,-3.4,GO:0051145,smooth muscle cell differentiation,M1,1,0
1,-7,WP3932,Focal adhesion: PI3K-Akt-mTOR-signaling pathway,M1,1,0
1,-8.8,GO:0001934,positive regulation of protein phosphorylation,M1,1,0
1,-3.8,hsa05410,Hypertrophic cardiomyopathy,M1,1,0
1,-4.8,GO:0098900,regulation of action potential,M1,1,0
1,-2.5,GO:0038034,signal transduction in absence of ligand,M1,1,0
1,-2.6,GO:0090132,epithelium migration,M1,1,0
1,-3.3,GO:0060055,angiogenesis involved in wound healing,M1,1,0
1,-6,R-HSA-216083,Integrin cell surface interactions,M1,1,0
1,-2.5,GO:0090130,tissue migration,M1,1,0
1,-3,GO:0001763,morphogenesis of a branching structure,M1,1,0
1,-3.2,M53,PID INTEGRIN3 PATHWAY,M1,1,0
1,-5.1,GO:0030595,leukocyte chemotaxis,M1,1,0
1,-3.6,GO:0120162,positive regulation of cold-induced thermogenesis,M1,1,0
1,-5.6,R-HSA-397014,Muscle contraction,M1,1,0
1,-4.8,GO:0051345,positive regulation of hydrolase activity,M1,1,0
1,-3.5,GO:0035150,regulation of tube size,M1,1,0
1,-2.7,GO:0050671,positive regulation of lymphocyte proliferation,M1,1,0
1,-3.1,GO:0032970,regulation of actin filament-based process,M1,1,0
1,-4.1,GO:0120039,plasma membrane bounded cell projection morphogenesis,M1,1,0
1,-2.7,GO:0060840,artery development,M1,1,0
1,-2.1,GO:0030890,positive regulation of B cell proliferation,M1,1,0
1,-5.3,GO:0051347,positive regulation of transferase activity,M1,1,0
1,-8.7,WP4172,PI3K-Akt signaling pathway,M1,1,0
1,-3,GO:0098719,sodium ion import across plasma membrane,M1,1,0
1,-5.1,GO:0031344,regulation of cell projection organization,M1,1,0
1,-7.6,GO:0008015,blood circulation,M1,1,0
1,-7.7,GO:0003018,vascular process in circulatory system,M1,1,0
1,-2.6,GO:0006816,calcium ion transport,M1,1,0
1,-3.1,GO:1903428,positive regulation of reactive oxygen species biosynthetic process,M1,1,0
1,-3.2,GO:0097009,energy homeostasis,M1,1,0
1,-4,GO:0018212,peptidyl-tyrosine modification,M1,1,0
1,-2.3,GO:0032885,regulation of polysaccharide biosynthetic process,M1,1,0
1,-4.9,GO:0048864,stem cell development,M1,1,0
1,-3.5,GO:0050771,negative regulation of axonogenesis,M1,1,0
1,-5.5,GO:0006935,chemotaxis,M1,1,0
1,-3.7,GO:0002040,sprouting angiogenesis,M1,1,0
1,-3.2,GO:0048640,negative regulation of developmental growth,M1,1,0
1,-3.3,GO:0097435,supramolecular fiber organization,M1,1,0
1,-2.4,GO:0043406,positive regulation of MAP kinase activity,M1,1,0
1,-3.6,GO:2001240,negative regulation of extrinsic apoptotic signaling pathway in absence of ligand,M1,1,0
1,-2.9,R-HSA-5576891,Cardiac conduction,M1,1,0
1,-6.3,GO:0010632,regulation of epithelial cell migration,M1,1,0
1,-3.5,GO:0090218,positive regulation of lipid kinase activity,M1,1,0
1,-3.3,GO:1905954,positive regulation of lipid localization,M1,1,0
1,-2.9,GO:0001822,kidney development,M1,1,0
1,-2.2,GO:1904018,positive regulation of vasculature development,M1,1,0
1,-3.7,GO:0050931,pigment cell differentiation,M1,1,0
1,-6.4,hsa04015,Rap1 signaling pathway,M1,1,0
1,-4,GO:0098609,cell-cell adhesion,M1,1,0
1,-5.1,GO:0043269,regulation of monoatomic ion transport,M1,1,0
1,-3.7,GO:0033605,positive regulation of catecholamine secretion,M1,1,0
1,-2.6,GO:0010962,regulation of glucan biosynthetic process,M1,1,0
1,-2.8,GO:0046546,development of primary male sexual characteristics,M1,1,0
1,-3.1,GO:0031669,cellular response to nutrient levels,M1,1,0
1,-15,GO:0048514,blood vessel morphogenesis,M1,1,0
1,-4.4,WP4223,Ras signaling,M1,1,0
1,-3.2,GO:0051924,regulation of calcium ion transport,M1,1,0
1,-4.5,GO:0051047,positive regulation of secretion,M1,1,0
1,-2.3,GO:0048662,negative regulation of smooth muscle cell proliferation,M1,1,0
1,-2.2,GO:0071230,cellular response to amino acid stimulus,M1,1,0
1,-2.3,GO:0019221,cytokine-mediated signaling pathway,M1,1,0
1,-2,GO:1990266,neutrophil migration,M1,1,0
1,-2.2,GO:0071900,regulation of protein serine/threonine kinase activity,M1,1,0
1,-5.3,GO:0097529,myeloid leukocyte migration,M1,1,0
1,-4.4,GO:0050932,regulation of pigment cell differentiation,M1,1,0
1,-3,GO:0032370,positive regulation of lipid transport,M1,1,0
1,-2.7,R-HSA-913531,Interferon Signaling,M1,1,0
1,-2.4,GO:1904062,regulation of monoatomic cation transmembrane transport,M1,1,0
1,-3.9,GO:0071363,cellular response to growth factor stimulus,M1,1,0
1,-2.7,GO:0071345,cellular response to cytokine stimulus,M1,1,0
1,-2.6,GO:0005979,regulation of glycogen biosynthetic process,M1,1,0
1,-2.1,GO:0030517,negative regulation of axon extension,M1,1,0
1,-15,GO:0001525,angiogenesis,M1,1,0
1,-2.6,GO:0031099,regeneration,M1,1,0
1,-3.7,GO:0071389,cellular response to mineralocorticoid stimulus,M1,1,0
1,-3.1,GO:0045229,external encapsulating structure organization,M1,1,0
1,-2.7,GO:0033280,response to vitamin D,M1,1,0
1,-2.5,R-HSA-5576892,Phase 0 - rapid depolarisation,M1,1,0
1,-2.2,GO:0150077,regulation of neuroinflammatory response,M1,1,0
1,-2.1,GO:0007264,small GTPase mediated signal transduction,M1,1,0
1,-5,GO:0001755,neural crest cell migration,M1,1,0
1,-4,hsa05205,Proteoglycans in cancer,M1,1,0
1,-4.4,GO:1901214,regulation of neuron death,M1,1,0
1,-3.8,GO:0007565,female pregnancy,M1,1,0
1,-2.4,GO:0002718,regulation of cytokine production involved in immune response,M1,1,0
1,-2.3,GO:0032376,positive regulation of cholesterol transport,M1,1,0
1,-3.9,GO:0070665,positive regulation of leukocyte proliferation,M1,1,0
1,-4.2,GO:1903532,positive regulation of secretion by cell,M1,1,0
1,-2.4,GO:0070873,regulation of glycogen metabolic process,M1,1,0
1,-2.2,GO:0031295,T cell costimulation,M1,1,0
1,-4.1,GO:0043549,regulation of kinase activity,M1,1,0
1,-2.6,GO:0007178,transmembrane receptor protein serine/threonine kinase signaling pathway,M1,1,0
1,-3.5,R-HSA-3906995,Diseases associated with O-glycosylation of proteins,M1,1,0
1,-3.4,GO:0007584,response to nutrient,M1,1,0
1,-3,GO:0002521,leukocyte differentiation,M1,1,0
1,-2.9,R-HSA-9013149,RAC1 GTPase cycle,M1,1,0
1,-2.2,GO:0048738,cardiac muscle tissue development,M1,1,0
1,-2.1,WP98,Prostaglandin synthesis and regulation,M1,1,0
1,-2.3,WP3937,Microglia pathogen phagocytosis pathway,M1,1,0
1,-4.4,R-HSA-194313,VEGF ligand-receptor interactions,M1,1,0
1,-2.6,GO:0040018,positive regulation of multicellular organism growth,M1,1,0
1,-5.8,GO:0044057,regulation of system process,M1,1,0
1,-5.2,GO:0043434,response to peptide hormone,M1,1,0
1,-4.1,GO:1901342,regulation of vasculature development,M1,1,0
1,-5.1,GO:0046660,female sex differentiation,M1,1,0
1,-2.5,GO:0050708,regulation of protein secretion,M1,1,0
1,-3.2,R-HSA-2219530,Constitutive Signaling by Aberrant PI3K in Cancer,M1,1,0
1,-5.7,GO:0060485,mesenchyme development,M1,1,0
1,-2.5,GO:0070663,regulation of leukocyte proliferation,M1,1,0
1,-3.7,GO:0061564,axon development,M1,1,0
1,-2.7,GO:0018209,peptidyl-serine modification,M1,1,0
1,-2,WP673,ErbB signaling pathway,M1,1,0
1,-5.7,GO:0010035,response to inorganic substance,M1,1,0
1,-3.3,GO:0009952,anterior/posterior pattern specification,M1,1,0
1,-4,WP4541,Hippo-Merlin signaling dysregulation,M1,1,0
1,-2.6,R-HSA-3000157,Laminin interactions,M1,1,0
1,-2.2,R-HSA-8948216,Collagen chain trimerization,M1,1,0
1,-2.5,GO:0036230,granulocyte activation,M1,1,0
1,-3.1,GO:0010810,regulation of cell-substrate adhesion,M1,1,0
1,-2.6,hsa04929,GnRH secretion,M1,1,0
1,-3.5,GO:0035296,regulation of tube diameter,M1,1,0
1,-3.5,M18,PID INTEGRIN1 PATHWAY,M1,1,0
1,-4.2,GO:1901699,cellular response to nitrogen compound,M1,1,0
1,-3.8,R-HSA-422475,Axon guidance,M1,1,0
1,-5.5,GO:0010975,regulation of neuron projection development,M1,1,0
1,-2.7,GO:0032946,positive regulation of mononuclear cell proliferation,M1,1,0
1,-3,GO:0003081,regulation of systemic arterial blood pressure by renin-angiotensin,M1,1,0
1,-4.2,R-HSA-5173105,O-linked glycosylation,M1,1,0
1,-4.1,GO:0050770,regulation of axonogenesis,M1,1,0
1,-2.1,GO:0048872,homeostasis of number of cells,M1,1,0
1,-3.2,WP4823,Genes controlling nephrogenesis,M1,1,0
1,-2.8,GO:0015909,long-chain fatty acid transport,M1,1,0
1,-4.7,GO:0019932,second-messenger-mediated signaling,M1,1,0
1,-2.8,R-HSA-388396,GPCR downstream signalling,M1,1,0
1,-2.5,GO:0032868,response to insulin,M1,1,0
1,-2.1,GO:0031334,positive regulation of protein-containing complex assembly,M1,1,0
1,-3.4,GO:0110096,cellular response to aldehyde,M1,1,0
1,-3.6,GO:0045596,negative regulation of cell differentiation,M1,1,0
1,-2,hsa00565,Ether lipid metabolism,M1,1,0
1,-3.3,hsa03320,PPAR signaling pathway,M1,1,0
1,-2.3,GO:0032373,positive regulation of sterol transport,M1,1,0
1,-3.3,GO:0045926,negative regulation of growth,M1,1,0
1,-2.1,GO:0001649,osteoblast differentiation,M1,1,0
1,-2.7,R-HSA-3781865,Diseases of glycosylation,M1,1,0
1,-2.9,M3468,NABA ECM REGULATORS,M1,1,0
1,-3.5,GO:1901615,organic hydroxy compound metabolic process,M1,1,0
1,-2.5,GO:1905207,regulation of cardiocyte differentiation,M1,1,0
1,-2.2,GO:0030593,neutrophil chemotaxis,M1,1,0
1,-2.4,GO:0071559,response to transforming growth factor beta,M1,1,0
1,-6.5,WP3413,NOTCH1 regulation of endothelial cell calcification,M1,1,0
1,-2.5,GO:0072089,stem cell proliferation,M1,1,0
1,-3.1,GO:0008406,gonad development,M1,1,0
1,-3.1,GO:0045601,regulation of endothelial cell differentiation,M1,1,0
1,-2,hsa05222,Small cell lung cancer,M1,1,0
1,-2.4,GO:0016311,dephosphorylation,M1,1,0
1,-4.9,GO:0045634,regulation of melanocyte differentiation,M1,1,0
1,-2.6,R-HSA-5683057,MAPK family signaling cascades,M1,1,0
1,-2.2,hsa04662,B cell receptor signaling pathway,M1,1,0
1,-7.8,hsa05200,Pathways in cancer,M1,1,0
1,-3.7,R-HSA-1251985,Nuclear signaling by ERBB4,M1,1,0
1,-3.7,GO:0014033,neural crest cell differentiation,M1,1,0
1,-4.8,R-HSA-381426,Regulation of Insulin-like Growth Factor (IGF) transport and uptake by Insulin-like Growth Factor Binding Proteins (IGFBPs),M1,1,0
1,-2.2,GO:0006979,response to oxidative stress,M1,1,0
1,-2.3,GO:0050709,negative regulation of protein secretion,M1,1,0
1,-6.7,GO:0001667,ameboidal-type cell migration,M1,1,0
1,-2.7,GO:0097305,response to alcohol,M1,1,0
1,-2.6,GO:0042445,hormone metabolic process,M1,1,0
1,-3.5,GO:0071375,cellular response to peptide hormone stimulus,M1,1,0
1,-2.1,GO:0071621,granulocyte chemotaxis,M1,1,0
1,-2.4,GO:0016055,Wnt signaling pathway,M1,1,0
1,-3.1,R-HSA-416482,G alpha (12/13) signalling events,M1,1,0
1,-3.6,GO:1901099,negative regulation of signal transduction in absence of ligand,M1,1,0
1,-2.5,M108,PID NETRIN PATHWAY,M1,1,0
1,-5.2,GO:0045636,positive regulation of melanocyte differentiation,M1,1,0
1,-2.5,GO:1902904,negative regulation of supramolecular fiber organization,M1,1,0
1,-4.1,GO:0071248,cellular response to metal ion,M1,1,0
1,-4.1,GO:0051090,regulation of DNA-binding transcription factor activity,M1,1,0
1,-3.5,GO:0046649,lymphocyte activation,M1,1,0
1,-2.9,M274,PID LYMPH ANGIOGENESIS PATHWAY,M1,1,0
1,-2.6,GO:0070482,response to oxygen levels,M1,1,0
1,-2.6,R-HSA-373755,Semaphorin interactions,M1,1,0
1,-3.6,GO:0071241,cellular response to inorganic substance,M1,1,0
1,-3.7,GO:0034329,cell junction assembly,M1,1,0
1,-2.3,hsa05412,Arrhythmogenic right ventricular cardiomyopathy,M1,1,0
1,-2.7,hsa04330,Notch signaling pathway,M1,1,0
1,-6.1,WP4331,Neovascularisation processes,M1,1,0
1,-2.7,GO:0002263,cell activation involved in immune response,M1,1,0
1,-2.6,GO:1901655,cellular response to ketone,M1,1,0
1,-4.5,GO:0045785,positive regulation of cell adhesion,M1,1,0
1,-3.5,GO:0007409,axonogenesis,M1,1,0
1,-3.2,WP3640,Imatinib and chronic myeloid leukemia,M1,1,0
1,-2,GO:0036294,cellular response to decreased oxygen levels,M1,1,0
1,-2.2,GO:0046903,secretion,M1,1,0
1,-2.1,GO:0022409,positive regulation of cell-cell adhesion,M1,1,0
1,-2.6,GO:0006643,membrane lipid metabolic process,M1,1,0
1,-3.8,GO:0010595,positive regulation of endothelial cell migration,M1,1,0
1,-2,GO:0051251,positive regulation of lymphocyte activation,M1,1,0
1,-2.3,GO:0071634,regulation of transforming growth factor beta production,M1,1,0
1,-3.5,GO:0120305,regulation of pigmentation,M1,1,0
1,-2.1,hsa05418,Fluid shear stress and atherosclerosis,M1,1,0
1,-3.4,GO:0042110,T cell activation,M1,1,0
1,-2.2,R-HSA-1433557,Signaling by SCF-KIT,M1,1,0
1,-2.2,GO:0003151,outflow tract morphogenesis,M1,1,0
1,-4.4,GO:0030318,melanocyte differentiation,M1,1,0
1,-7.5,hsa04510,Focal adhesion,M1,1,0
1,-2.3,GO:0050680,negative regulation of epithelial cell proliferation,M1,1,0
1,-2.8,GO:0045071,negative regulation of viral genome replication,M1,1,0
1,-2.8,GO:0097306,cellular response to alcohol,M1,1,0
1,-3.1,GO:0033273,response to vitamin,M1,1,0
1,-3,GO:0006937,regulation of muscle contraction,M1,1,0
1,-2.2,GO:1903169,regulation of calcium ion transmembrane transport,M1,1,0
1,-2.5,GO:0032231,regulation of actin filament bundle assembly,M1,1,0
1,-4.5,GO:0099177,regulation of trans-synaptic signaling,M1,1,0
