_MEMBER_MyList,_LogP_MyList,GO,Description,_PATTERN_,_RANK_,CHILD_GO_MyList
1,-17.38160842211308,GO:0032502,developmental process,M1,1,GO:0001568 blood vessel development
1,-10.66570678713166,GO:0032501,multicellular organismal process,M1,1,GO:0003013 circulatory system process
1,-10.645586093593444,GO:0050896,response to stimulus,M1,1,GO:0009725 response to hormone
1,-10.18001875225807,GO:0040011,locomotion,M1,1,GO:0030335 positive regulation of cell migration
1,-9.316575116449009,GO:0023052,signaling,M1,1,GO:0007167 enzyme-linked receptor protein signaling pathway
1,-8.77421021846379,GO:0048518,positive regulation of biological process,M1,1,GO:0001934 positive regulation of protein phosphorylation
1,-6.973331736189902,GO:0065007,biological regulation,M1,1,GO:0090066 regulation of anatomical structure size
1,-6.6527200270815365,GO:0009987,cellular process,M1,1,GO:0001667 ameboidal-type cell migration
1,-6.406578853533541,GO:0048519,negative regulation of biological process,M1,1,GO:0051129 negative regulation of cellular component organization
1,-6.062258286998468,GO:0040007,growth,M1,1,GO:0040008 regulation of growth
1,-5.407869051623447,GO:0008152,metabolic process,M1,1,GO:0006468 protein phosphorylation
1,-5.363096903445428,GO:0051179,localization,M1,1,GO:0051046 regulation of secretion
1,-5.321280679875856,GO:0002376,immune system process,M1,1,GO:0097529 myeloid leukocyte migration
1,-5.227456222565308,GO:0050789,regulation of biological process,M1,1,GO:0120035 regulation of plasma membrane bounded cell projection organization
1,-5.165411177313596,GO:0043473,pigmentation,M1,1,GO:0045636 positive regulation of melanocyte differentiation
1,-5.125028144819188,GO:0022414,reproductive process,M1,1,GO:0001541 ovarian follicle development
1,-4.3562833646185535,GO:0016032,viral process,M1,1,GO:1903900 regulation of viral life cycle
1,-3.9620172659764727,GO:0044419,biological process involved in interspecies interaction between organisms,M1,1,GO:0009615 response to virus
1,-3.608292540462976,GO:0042592,homeostatic process,M1,1,GO:0120162 positive regulation of cold-induced thermogenesis
