_MEMBER_MyList,_LogP_MyList,GO,Description,_PATTERN_,_RANK_,GiniIndex
1,-3,hsa04024,cAMP signaling pathway,M1,1,0
1,-4.1,GO:0034599,cellular response to oxidative stress,M1,1,0
1,-2.8,GO:0042116,macrophage activation,M1,1,0
1,-9.5,GO:0048858,cell projection morphogenesis,M1,1,0
1,-3.5,hsa05142,Chagas disease,M1,1,0
1,-2.8,WP5053,Development of ureteric collection system,M1,1,0
1,-4.1,WP3596,miR-517 relationship with ARCN1 and USP1,M1,1,0
1,-10,GO:0001666,response to hypoxia,M1,1,0
1,-2,GO:0070884,regulation of calcineurin-NFAT signaling cascade,M1,1,0
1,-4.7,R-HSA-1474290,Collagen formation,M1,1,0
1,-4,GO:0002689,negative regulation of leukocyte chemotaxis,M1,1,0
1,-2.1,GO:0001961,positive regulation of cytokine-mediated signaling pathway,M1,1,0
1,-2.8,GO:0051091,positive regulation of DNA-binding transcription factor activity,M1,1,0
1,-7.8,GO:0021537,telencephalon development,M1,1,0
1,-5.8,GO:0035567,non-canonical Wnt signaling pathway,M1,1,0
1,-2.6,GO:1905203,regulation of connective tissue replacement,M1,1,0
1,-3,R-HSA-202427,Phosphorylation of CD3 and TCR zeta chains,M1,1,0
1,-2.2,GO:0030308,negative regulation of cell growth,M1,1,0
1,-2.6,GO:0061383,trabecula morphogenesis,M1,1,0
1,-2.3,GO:0043171,peptide catabolic process,M1,1,0
1,-7.9,GO:0051960,regulation of nervous system development,M1,1,0
1,-3,GO:0003012,muscle system process,M1,1,0
1,-3,R-HSA-8878159,Transcriptional regulation by RUNX3,M1,1,0
1,-2.2,WP3287,Overview of nanoparticle effects,M1,1,0
1,-2.6,GO:0051348,negative regulation of transferase activity,M1,1,0
1,-4.4,GO:0002573,myeloid leukocyte differentiation,M1,1,0
1,-3.8,GO:0051894,positive regulation of focal adhesion assembly,M1,1,0
1,-2.2,GO:0010906,regulation of glucose metabolic process,M1,1,0
1,-2.9,GO:0014745,negative regulation of muscle adaptation,M1,1,0
1,-7.6,WP558,Complement and coagulation cascades,M1,1,0
1,-4.8,hsa04010,MAPK signaling pathway,M1,1,0
1,-3.8,GO:1903131,mononuclear cell differentiation,M1,1,0
1,-2.3,GO:1902165,regulation of intrinsic apoptotic signaling pathway in response to DNA damage by p53 class mediator,M1,1,0
1,-4.9,R-HSA-9031628,NGF-stimulated transcription,M1,1,0
1,-2.6,R-HSA-166786,Creation of C4 and C2 activators,M1,1,0
1,-5.2,WP4258,lncRNA in canonical Wnt signaling and colorectal cancer,M1,1,0
1,-3.3,GO:0035924,cellular response to vascular endothelial growth factor stimulus,M1,1,0
1,-5.5,GO:0044089,positive regulation of cellular component biogenesis,M1,1,0
1,-6.4,GO:1901654,response to ketone,M1,1,0
1,-2.4,GO:0022408,negative regulation of cell-cell adhesion,M1,1,0
1,-3,WP3591,Sleep regulation,M1,1,0
1,-3.6,GO:0043087,regulation of GTPase activity,M1,1,0
1,-4.9,hsa04310,Wnt signaling pathway,M1,1,0
1,-8.7,GO:0030199,collagen fibril organization,M1,1,0
1,-2.3,hsa05152,Tuberculosis,M1,1,0
1,-2.4,GO:0021783,preganglionic parasympathetic fiber development,M1,1,0
1,-2.3,GO:0010675,regulation of cellular carbohydrate metabolic process,M1,1,0
1,-6,WP2374,Oncostatin M signaling pathway,M1,1,0
1,-11,R-HSA-6785807,Interleukin-4 and Interleukin-13 signaling,M1,1,0
1,-2.5,GO:0032535,regulation of cellular component size,M1,1,0
1,-4.8,GO:0031345,negative regulation of cell projection organization,M1,1,0
1,-2.1,GO:0006163,purine nucleotide metabolic process,M1,1,0
1,-2.1,GO:0051250,negative regulation of lymphocyte activation,M1,1,0
1,-2,WP2858,Ectoderm differentiation,M1,1,0
1,-2.2,WP4784,Proteoglycan biosynthesis,M1,1,0
1,-4.6,R-HSA-2173782,Binding and Uptake of Ligands by Scavenger Receptors,M1,1,0
1,-4.6,hsa05323,Rheumatoid arthritis,M1,1,0
1,-2.2,WP2813,Mammary gland development pathway - Embryonic development (Stage 1 of 4),M1,1,0
1,-3.7,GO:1901215,negative regulation of neuron death,M1,1,0
1,-7.4,R-HSA-1474228,Degradation of the extracellular matrix,M1,1,0
1,-4.7,GO:0060249,anatomical structure homeostasis,M1,1,0
1,-4.8,GO:0017015,regulation of transforming growth factor beta receptor signaling pathway,M1,1,0
1,-2.3,GO:0035269,protein O-linked mannosylation,M1,1,0
1,-4.5,WP4659,Gastrin signaling pathway,M1,1,0
1,-3.3,GO:0030203,glycosaminoglycan metabolic process,M1,1,0
1,-4,GO:0030111,regulation of Wnt signaling pathway,M1,1,0
1,-2.1,GO:0045664,regulation of neuron differentiation,M1,1,0
1,-4.5,M145,PID P53 DOWNSTREAM PATHWAY,M1,1,0
1,-2.5,WP2380,Brain-derived neurotrophic factor (BDNF) signaling pathway,M1,1,0
1,-5,CORUM:2693,NFAT-JUN-FOS DNA-protein complex,M1,1,0
1,-2.5,GO:0007520,myoblast fusion,M1,1,0
1,-3.3,R-HSA-2122947,NOTCH1 Intracellular Domain Regulates Transcription,M1,1,0
1,-8.8,GO:0043410,positive regulation of MAPK cascade,M1,1,0
1,-5,GO:0052548,regulation of endopeptidase activity,M1,1,0
1,-2.4,R-HSA-373752,Netrin-1 signaling,M1,1,0
1,-4.6,GO:0031668,cellular response to extracellular stimulus,M1,1,0
1,-2.5,GO:1900542,regulation of purine nucleotide metabolic process,M1,1,0
1,-2.9,R-HSA-1236394,Signaling by ERBB4,M1,1,0
1,-2.8,GO:0060907,positive regulation of macrophage cytokine production,M1,1,0
1,-2.3,WP3859,TGF-beta signaling in thyroid cells for epithelial-mesenchymal transition,M1,1,0
1,-2.3,hsa05146,Amoebiasis,M1,1,0
1,-2.9,GO:0002478,antigen processing and presentation of exogenous peptide antigen,M1,1,0
1,-2.9,GO:0002764,immune response-regulating signaling pathway,M1,1,0
1,-4,GO:0051051,negative regulation of transport,M1,1,0
1,-3,WP170,Nuclear receptors,M1,1,0
1,-5.8,GO:0034330,cell junction organization,M1,1,0
1,-5.9,GO:0071407,cellular response to organic cyclic compound,M1,1,0
1,-3.4,R-HSA-6794362,Protein-protein interactions at synapses,M1,1,0
1,-2.6,GO:0007623,circadian rhythm,M1,1,0
1,-2.8,GO:0090178,regulation of establishment of planar polarity involved in neural tube closure,M1,1,0
1,-7.6,GO:0001503,ossification,M1,1,0
1,-3,GO:0097006,regulation of plasma lipoprotein particle levels,M1,1,0
1,-2.3,GO:0016239,positive regulation of macroautophagy,M1,1,0
1,-3,M122,PID IL2 1PATHWAY,M1,1,0
1,-6.1,WP428,Wnt signaling,M1,1,0
1,-3.7,WP49,IL-2 signaling pathway,M1,1,0
1,-5.8,GO:0150116,regulation of cell-substrate junction organization,M1,1,0
1,-5.7,GO:0006958,"complement activation, classical pathway",M1,1,0
1,-3.6,GO:0062012,regulation of small molecule metabolic process,M1,1,0
1,-3.3,GO:0031290,retinal ganglion cell axon guidance,M1,1,0
1,-3.1,WP5144,NRP1-triggered signaling pathways in pancreatic cancer,M1,1,0
1,-3.6,GO:0071709,membrane assembly,M1,1,0
1,-2.5,hsa04657,IL-17 signaling pathway,M1,1,0
1,-3.3,GO:0097193,intrinsic apoptotic signaling pathway,M1,1,0
1,-2.4,GO:0002824,positive regulation of adaptive immune response based on somatic recombination of immune receptors built from immunoglobulin superfamily domains,M1,1,0
1,-2.9,GO:1904064,positive regulation of cation transmembrane transport,M1,1,0
1,-6,R-HSA-5173214,O-glycosylation of TSR domain-containing proteins,M1,1,0
1,-3.1,GO:2001056,positive regulation of cysteine-type endopeptidase activity,M1,1,0
1,-2.4,GO:1901570,fatty acid derivative biosynthetic process,M1,1,0
1,-12,GO:0043408,regulation of MAPK cascade,M1,1,0
1,-3.3,GO:0070613,regulation of protein processing,M1,1,0
1,-2.1,GO:0055023,positive regulation of cardiac muscle tissue growth,M1,1,0
1,-2.2,GO:0002720,positive regulation of cytokine production involved in immune response,M1,1,0
1,-5.8,R-HSA-3000480,Scavenging by Class A Receptors,M1,1,0
1,-2.2,R-HSA-112040,G-protein mediated events,M1,1,0
1,-2.9,GO:0007389,pattern specification process,M1,1,0
1,-5.6,GO:2000027,regulation of animal organ morphogenesis,M1,1,0
1,-2.5,GO:0055086,nucleobase-containing small molecule metabolic process,M1,1,0
1,-13,GO:0031175,neuron projection development,M1,1,0
1,-2.6,GO:0022411,cellular component disassembly,M1,1,0
1,-2,R-HSA-5663202,Diseases of signal transduction by growth factor receptors and second messengers,M1,1,0
1,-4.5,GO:0021543,pallium development,M1,1,0
1,-2.4,GO:1902042,negative regulation of extrinsic apoptotic signaling pathway via death domain receptors,M1,1,0
1,-2.1,WP4844,Influence of laminopathies on Wnt signaling,M1,1,0
1,-3.4,GO:0070206,protein trimerization,M1,1,0
1,-6.1,GO:0090109,regulation of cell-substrate junction assembly,M1,1,0
1,-3.2,hsa05410,Hypertrophic cardiomyopathy,M1,1,0
1,-10,GO:0001934,positive regulation of protein phosphorylation,M1,1,0
1,-4.6,GO:0007265,Ras protein signal transduction,M1,1,0
1,-2.9,WP4666,Hepatitis B infection,M1,1,0
1,-2.1,WP61,Notch signaling pathway,M1,1,0
1,-7.8,WP4754,IL-18 signaling pathway,M1,1,0
1,-2.4,GO:0140894,endolysosomal toll-like receptor signaling pathway,M1,1,0
1,-3.3,GO:0021700,developmental maturation,M1,1,0
1,-2.3,WP3678,Amplification and expansion of oncogenic pathways as metastatic traits,M1,1,0
1,-3.2,GO:1901724,positive regulation of cell proliferation involved in kidney development,M1,1,0
1,-6.8,GO:0097485,neuron projection guidance,M1,1,0
1,-2.5,GO:0001774,microglial cell activation,M1,1,0
1,-4.3,hsa05417,Lipid and atherosclerosis,M1,1,0
1,-9.8,GO:0043068,positive regulation of programmed cell death,M1,1,0
1,-3.1,GO:0071320,cellular response to cAMP,M1,1,0
1,-2.3,GO:0060998,regulation of dendritic spine development,M1,1,0
1,-2.7,GO:0000082,G1/S transition of mitotic cell cycle,M1,1,0
1,-2.1,GO:0043516,"regulation of DNA damage response, signal transduction by p53 class mediator",M1,1,0
1,-3.2,WP2877,Vitamin D receptor pathway,M1,1,0
1,-3.4,GO:0055065,metal ion homeostasis,M1,1,0
1,-2.5,R-HSA-170834,Signaling by TGF-beta Receptor Complex,M1,1,0
1,-5.1,WP2032,Thyroid stimulating hormone (TSH) signaling pathway,M1,1,0
1,-9.5,GO:0045766,positive regulation of angiogenesis,M1,1,0
1,-9,GO:0043065,positive regulation of apoptotic process,M1,1,0
1,-4.5,GO:2000097,regulation of smooth muscle cell-matrix adhesion,M1,1,0
1,-2.2,GO:0050796,regulation of insulin secretion,M1,1,0
1,-5.1,M2,PID SMAD2 3NUCLEAR PATHWAY,M1,1,0
1,-2.7,GO:0051450,myoblast proliferation,M1,1,0
1,-2.7,GO:2000516,"positive regulation of CD4-positive, alpha-beta T cell activation",M1,1,0
1,-4.3,GO:0045321,leukocyte activation,M1,1,0
1,-5.7,GO:0043542,endothelial cell migration,M1,1,0
1,-6.9,GO:0002696,positive regulation of leukocyte activation,M1,1,0
1,-2.1,GO:1901222,regulation of NIK/NF-kappaB signaling,M1,1,0
1,-2,GO:0043030,regulation of macrophage activation,M1,1,0
1,-2.8,R-HSA-9013148,CDC42 GTPase cycle,M1,1,0
1,-4.6,GO:0060537,muscle tissue development,M1,1,0
1,-5.3,GO:0071456,cellular response to hypoxia,M1,1,0
1,-4.6,GO:0048592,eye morphogenesis,M1,1,0
1,-8,GO:0032103,positive regulation of response to external stimulus,M1,1,0
1,-2.6,GO:0090505,epiboly involved in wound healing,M1,1,0
1,-2.3,GO:0031214,biomineral tissue development,M1,1,0
1,-6.3,GO:0034644,cellular response to UV,M1,1,0
1,-5.9,WP5036,Angiotensin II receptor type 1 pathway,M1,1,0
1,-3.5,GO:0007423,sensory organ development,M1,1,0
1,-6.7,GO:0030097,hemopoiesis,M1,1,0
1,-2.1,GO:0060749,mammary gland alveolus development,M1,1,0
1,-3.2,GO:0002703,regulation of leukocyte mediated immunity,M1,1,0
1,-2.6,hsa04211,Longevity regulating pathway,M1,1,0
1,-4,GO:0043281,regulation of cysteine-type endopeptidase activity involved in apoptotic process,M1,1,0
1,-2.1,R-HSA-5653656,Vesicle-mediated transport,M1,1,0
1,-2.4,GO:0030214,hyaluronan catabolic process,M1,1,0
1,-2.2,GO:0071772,response to BMP,M1,1,0
1,-12,WP5087,Malignant pleural mesothelioma,M1,1,0
1,-2.7,GO:0051918,negative regulation of fibrinolysis,M1,1,0
1,-3.6,GO:0002399,MHC class II protein complex assembly,M1,1,0
1,-5.3,GO:0002455,humoral immune response mediated by circulating immunoglobulin,M1,1,0
1,-2.1,hsa05330,Allograft rejection,M1,1,0
1,-8.2,GO:0003013,circulatory system process,M1,1,0
1,-6.1,M212,PID INTEGRIN5 PATHWAY,M1,1,0
1,-12,GO:2000147,positive regulation of cell motility,M1,1,0
1,-2.1,GO:0051224,negative regulation of protein transport,M1,1,0
1,-2,GO:0008584,male gonad development,M1,1,0
1,-2.7,GO:0045069,regulation of viral genome replication,M1,1,0
1,-9,GO:0032990,cell part morphogenesis,M1,1,0
1,-2.2,GO:0034976,response to endoplasmic reticulum stress,M1,1,0
1,-2.6,GO:0051607,defense response to virus,M1,1,0
1,-5.7,GO:0046688,response to copper ion,M1,1,0
1,-8,GO:2001233,regulation of apoptotic signaling pathway,M1,1,0
1,-3.4,WP453,Inflammatory response pathway,M1,1,0
1,-2.7,GO:0033138,positive regulation of peptidyl-serine phosphorylation,M1,1,0
1,-3,hsa05140,Leishmaniasis,M1,1,0
1,-2.5,GO:0009267,cellular response to starvation,M1,1,0
1,-4.9,GO:0002687,positive regulation of leukocyte migration,M1,1,0
1,-2,GO:0003203,endocardial cushion morphogenesis,M1,1,0
1,-5.5,M3468,NABA ECM REGULATORS,M1,1,0
1,-3,R-HSA-112316,Neuronal System,M1,1,0
1,-3.7,GO:0019233,sensory perception of pain,M1,1,0
1,-2.3,GO:0061548,ganglion development,M1,1,0
1,-17,GO:0007167,enzyme-linked receptor protein signaling pathway,M1,1,0
1,-3.3,GO:0010757,negative regulation of plasminogen activation,M1,1,0
1,-2.4,WP363,Wnt signaling pathway,M1,1,0
1,-3.2,hsa05322,Systemic lupus erythematosus,M1,1,0
1,-2,GO:0090201,negative regulation of release of cytochrome c from mitochondria,M1,1,0
1,-2.8,GO:0045620,negative regulation of lymphocyte differentiation,M1,1,0
1,-4.2,GO:0031400,negative regulation of protein modification process,M1,1,0
1,-2.6,GO:0051346,negative regulation of hydrolase activity,M1,1,0
1,-2.6,hsa05167,Kaposi sarcoma-associated herpesvirus infection,M1,1,0
1,-2.6,GO:0048469,cell maturation,M1,1,0
1,-3.9,GO:0042129,regulation of T cell proliferation,M1,1,0
1,-6.7,GO:0002460,adaptive immune response based on somatic recombination of immune receptors built from immunoglobulin superfamily domains,M1,1,0
1,-2.8,WP4217,Ebola virus infection in host,M1,1,0
1,-8.1,GO:0050921,positive regulation of chemotaxis,M1,1,0
1,-2.9,GO:0006468,protein phosphorylation,M1,1,0
1,-4.2,GO:0062197,cellular response to chemical stress,M1,1,0
1,-5.3,GO:1905114,cell surface receptor signaling pathway involved in cell-cell signaling,M1,1,0
1,-2.5,GO:0010649,regulation of cell communication by electrical coupling,M1,1,0
1,-3,GO:0001954,positive regulation of cell-matrix adhesion,M1,1,0
1,-3.3,GO:0050727,regulation of inflammatory response,M1,1,0
1,-2.3,hsa03320,PPAR signaling pathway,M1,1,0
1,-7.2,GO:0045596,negative regulation of cell differentiation,M1,1,0
1,-4.1,GO:0071493,cellular response to UV-B,M1,1,0
1,-2,WP4970,Galanin receptor pathway,M1,1,0
1,-2.1,GO:0060395,SMAD protein signal transduction,M1,1,0
1,-3.3,R-HSA-5173105,O-linked glycosylation,M1,1,0
1,-2.6,GO:1902043,positive regulation of extrinsic apoptotic signaling pathway via death domain receptors,M1,1,0
1,-2.6,GO:0098869,cellular oxidant detoxification,M1,1,0
1,-6.3,GO:0032946,positive regulation of mononuclear cell proliferation,M1,1,0
1,-2.5,GO:0009266,response to temperature stimulus,M1,1,0
1,-2.4,GO:0043588,skin development,M1,1,0
1,-3.1,GO:0007517,muscle organ development,M1,1,0
1,-3.6,GO:0002503,peptide antigen assembly with MHC class II protein complex,M1,1,0
1,-2.1,GO:0032373,positive regulation of sterol transport,M1,1,0
1,-6.4,R-HSA-381426,Regulation of Insulin-like Growth Factor (IGF) transport and uptake by Insulin-like Growth Factor Binding Proteins (IGFBPs),M1,1,0
1,-4.3,R-HSA-1251985,Nuclear signaling by ERBB4,M1,1,0
1,-3,hsa05133,Pertussis,M1,1,0
1,-2.8,GO:1900024,regulation of substrate adhesion-dependent cell spreading,M1,1,0
1,-5.9,GO:0071214,cellular response to abiotic stimulus,M1,1,0
1,-6.5,R-HSA-3781865,Diseases of glycosylation,M1,1,0
1,-2.7,GO:0071364,cellular response to epidermal growth factor stimulus,M1,1,0
1,-2.7,GO:0071549,cellular response to dexamethasone stimulus,M1,1,0
1,-7.1,GO:0009314,response to radiation,M1,1,0
1,-6.6,GO:0071675,regulation of mononuclear cell migration,M1,1,0
1,-4.7,hsa05219,Bladder cancer,M1,1,0
1,-2.4,GO:0060392,negative regulation of SMAD protein signal transduction,M1,1,0
1,-3.4,GO:2001239,regulation of extrinsic apoptotic signaling pathway in absence of ligand,M1,1,0
1,-2.5,GO:0032649,regulation of type II interferon production,M1,1,0
1,-2.2,GO:0044772,mitotic cell cycle phase transition,M1,1,0
1,-2.5,R-HSA-400206,Regulation of lipid metabolism by PPARalpha,M1,1,0
1,-3.2,hsa05031,Amphetamine addiction,M1,1,0
1,-3.3,GO:0050801,monoatomic ion homeostasis,M1,1,0
1,-3.6,GO:0009636,response to toxic substance,M1,1,0
1,-3.9,GO:0043618,regulation of transcription from RNA polymerase II promoter in response to stress,M1,1,0
1,-2.2,GO:0043537,negative regulation of blood vessel endothelial cell migration,M1,1,0
1,-2.1,WP5236,Markers of kidney cell lineage,M1,1,0
1,-2.5,GO:0045582,positive regulation of T cell differentiation,M1,1,0
1,-2.5,GO:0035150,regulation of tube size,M1,1,0
1,-5.9,GO:0051345,positive regulation of hydrolase activity,M1,1,0
1,-6.4,GO:0050671,positive regulation of lymphocyte proliferation,M1,1,0
1,-4.5,GO:2000351,regulation of endothelial cell apoptotic process,M1,1,0
1,-3.5,WP2873,Aryl hydrocarbon receptor pathway,M1,1,0
1,-3.8,GO:2000051,negative regulation of non-canonical Wnt signaling pathway,M1,1,0
1,-2.9,GO:0030282,bone mineralization,M1,1,0
1,-2.1,GO:0050732,negative regulation of peptidyl-tyrosine phosphorylation,M1,1,0
1,-2.1,GO:0140253,cell-cell fusion,M1,1,0
1,-4.9,GO:0032872,regulation of stress-activated MAPK cascade,M1,1,0
1,-3.9,GO:0000165,MAPK cascade,M1,1,0
1,-2.2,GO:0043116,negative regulation of vascular permeability,M1,1,0
1,-2.6,GO:0097237,cellular response to toxic substance,M1,1,0
1,-6.5,GO:0050870,positive regulation of T cell activation,M1,1,0
1,-4.3,GO:0061138,morphogenesis of a branching epithelium,M1,1,0
1,-6.7,GO:0002686,negative regulation of leukocyte migration,M1,1,0
1,-3,R-HSA-428542,Regulation of commissural axon pathfinding by SLIT and ROBO,M1,1,0
1,-8.6,GO:0050679,positive regulation of epithelial cell proliferation,M1,1,0
1,-3.1,GO:0008585,female gonad development,M1,1,0
1,-2.4,GO:0048873,homeostasis of number of cells within a tissue,M1,1,0
1,-3.9,WP481,Insulin signaling,M1,1,0
1,-4.5,GO:0071603,endothelial cell-cell adhesion,M1,1,0
1,-2.5,WP1971,Integrated cancer pathway,M1,1,0
1,-2.7,GO:0051098,regulation of binding,M1,1,0
1,-3.3,GO:0045619,regulation of lymphocyte differentiation,M1,1,0
1,-2.5,GO:0002381,immunoglobulin production involved in immunoglobulin-mediated immune response,M1,1,0
1,-4.6,WP4262,Breast cancer pathway,M1,1,0
1,-2.9,M41,PID ER NONGENOMIC PATHWAY,M1,1,0
1,-2.6,WP254,Apoptosis,M1,1,0
1,-2.2,GO:0018149,peptide cross-linking,M1,1,0
1,-3.4,GO:0060674,placenta blood vessel development,M1,1,0
1,-3.6,GO:0044849,estrous cycle,M1,1,0
1,-2.8,GO:0048678,response to axon injury,M1,1,0
1,-3.1,GO:0097305,response to alcohol,M1,1,0
1,-7.1,GO:0022409,positive regulation of cell-cell adhesion,M1,1,0
1,-3.8,WP3941,Oxidative damage response,M1,1,0
1,-3.9,GO:1904427,positive regulation of calcium ion transmembrane transport,M1,1,0
1,-2.2,WP4538,Regulatory circuits of the STAT3 signaling pathway,M1,1,0
1,-7.3,GO:0006954,inflammatory response,M1,1,0
1,-4.4,M63,PID AVB3 OPN PATHWAY,M1,1,0
1,-5.1,M255,PID HIF1 TFPATHWAY,M1,1,0
1,-4.3,R-HSA-1442490,Collagen degradation,M1,1,0
1,-2.6,GO:1904322,cellular response to forskolin,M1,1,0
1,-10,GO:0043549,regulation of kinase activity,M1,1,0
1,-2.6,GO:0044319,"wound healing, spreading of cells",M1,1,0
1,-2.7,WP5284,Cell interactions of the pancreatic cancer microenvironment,M1,1,0
1,-13,GO:0001525,angiogenesis,M1,1,0
1,-4.1,R-HSA-3906995,Diseases associated with O-glycosylation of proteins,M1,1,0
1,-4.2,GO:1901214,regulation of neuron death,M1,1,0
1,-3.5,GO:0007584,response to nutrient,M1,1,0
1,-2.8,R-HSA-2197563,NOTCH2 intracellular domain regulates transcription,M1,1,0
1,-2.4,WP5113,Antiviral and anti-inflammatory effects of Nrf2 on SARS-CoV-2 pathway,M1,1,0
1,-6,GO:0070663,regulation of leukocyte proliferation,M1,1,0
1,-7.4,GO:0060485,mesenchyme development,M1,1,0
1,-3.8,GO:2000050,regulation of non-canonical Wnt signaling pathway,M1,1,0
1,-4.8,GO:1902905,positive regulation of supramolecular fiber organization,M1,1,0
1,-2.1,WP2261,Glioblastoma signaling pathways,M1,1,0
1,-2.4,GO:0003197,endocardial cushion development,M1,1,0
1,-3.4,GO:0044091,membrane biogenesis,M1,1,0
1,-3.1,GO:1902253,regulation of intrinsic apoptotic signaling pathway by p53 class mediator,M1,1,0
1,-2.1,GO:0050792,regulation of viral process,M1,1,0
1,-7.3,GO:0001819,positive regulation of cytokine production,M1,1,0
1,-2,M5887,NABA BASEMENT MEMBRANES,M1,1,0
1,-3.9,GO:0019722,calcium-mediated signaling,M1,1,0
1,-12,R-HSA-9006934,Signaling by Receptor Tyrosine Kinases,M1,1,0
1,-4.4,GO:0034764,positive regulation of transmembrane transport,M1,1,0
1,-5.8,GO:0050863,regulation of T cell activation,M1,1,0
1,-3.3,GO:0097191,extrinsic apoptotic signaling pathway,M1,1,0
1,-2.5,GO:0051223,regulation of protein transport,M1,1,0
1,-9.1,GO:0048812,neuron projection morphogenesis,M1,1,0
1,-3,GO:0045807,positive regulation of endocytosis,M1,1,0
1,-2.5,GO:0051881,regulation of mitochondrial membrane potential,M1,1,0
1,-2.8,hsa04360,Axon guidance,M1,1,0
1,-2.4,GO:0010743,regulation of macrophage derived foam cell differentiation,M1,1,0
1,-5.2,WP3624,Lung fibrosis,M1,1,0
1,-2.6,WP2586,Aryl hydrocarbon receptor pathway,M1,1,0
1,-2.9,GO:0010718,positive regulation of epithelial to mesenchymal transition,M1,1,0
1,-2.9,GO:0071347,cellular response to interleukin-1,M1,1,0
1,-2.5,GO:1903900,regulation of viral life cycle,M1,1,0
1,-6.5,GO:1902105,regulation of leukocyte differentiation,M1,1,0
1,-3,GO:0140059,dendrite arborization,M1,1,0
1,-2.9,GO:0033627,cell adhesion mediated by integrin,M1,1,0
1,-3.9,GO:0046686,response to cadmium ion,M1,1,0
1,-3.1,GO:2001240,negative regulation of extrinsic apoptotic signaling pathway in absence of ligand,M1,1,0
1,-4.4,GO:1904036,negative regulation of epithelial cell apoptotic process,M1,1,0
1,-3.1,GO:0043406,positive regulation of MAP kinase activity,M1,1,0
1,-3,hsa05412,Arrhythmogenic right ventricular cardiomyopathy,M1,1,0
1,-6.4,GO:0071241,cellular response to inorganic substance,M1,1,0
1,-11,GO:0070482,response to oxygen levels,M1,1,0
1,-2.8,GO:0110053,regulation of actin filament organization,M1,1,0
1,-2.3,GO:0071375,cellular response to peptide hormone stimulus,M1,1,0
1,-4.7,GO:0051090,regulation of DNA-binding transcription factor activity,M1,1,0
1,-6.7,GO:0071248,cellular response to metal ion,M1,1,0
1,-2.7,GO:2000045,regulation of G1/S transition of mitotic cell cycle,M1,1,0
1,-3.1,GO:1901099,negative regulation of signal transduction in absence of ligand,M1,1,0
1,-2.5,GO:0030514,negative regulation of BMP signaling pathway,M1,1,0
1,-12,GO:0045785,positive regulation of cell adhesion,M1,1,0
1,-2.8,M274,PID LYMPH ANGIOGENESIS PATHWAY,M1,1,0
1,-4.4,GO:0003151,outflow tract morphogenesis,M1,1,0
1,-3.2,GO:0090090,negative regulation of canonical Wnt signaling pathway,M1,1,0
1,-2.5,GO:0036376,sodium ion export across plasma membrane,M1,1,0
1,-2.4,GO:0043502,regulation of muscle adaptation,M1,1,0
1,-3,GO:0045071,negative regulation of viral genome replication,M1,1,0
1,-2.3,GO:1903531,negative regulation of secretion by cell,M1,1,0
1,-5.6,GO:0090175,regulation of establishment of planar polarity,M1,1,0
1,-4.7,hsa05166,Human T-cell leukemia virus 1 infection,M1,1,0
1,-5.6,R-HSA-449147,Signaling by Interleukins,M1,1,0
1,-3.6,GO:0048713,regulation of oligodendrocyte differentiation,M1,1,0
1,-2,GO:0002263,cell activation involved in immune response,M1,1,0
1,-4,WP4336,ncRNAs involved in Wnt signaling in hepatocellular carcinoma,M1,1,0
1,-3.2,WP4875,Disruption of postsynaptic signaling by CNV,M1,1,0
1,-2.9,GO:0016525,negative regulation of angiogenesis,M1,1,0
1,-2.4,M23,PID WNT NONCANONICAL PATHWAY,M1,1,0
1,-3.8,GO:0048714,positive regulation of oligodendrocyte differentiation,M1,1,0
1,-2.7,GO:0001657,ureteric bud development,M1,1,0
1,-2.4,R-HSA-556833,Metabolism of lipids,M1,1,0
1,-2.9,GO:0006816,calcium ion transport,M1,1,0
1,-2.8,GO:0003018,vascular process in circulatory system,M1,1,0
1,-2.9,GO:0060070,canonical Wnt signaling pathway,M1,1,0
1,-2.4,GO:0019221,cytokine-mediated signaling pathway,M1,1,0
1,-2.2,GO:0071230,cellular response to amino acid stimulus,M1,1,0
1,-9.5,GO:0010810,regulation of cell-substrate adhesion,M1,1,0
1,-2.6,GO:0051047,positive regulation of secretion,M1,1,0
1,-2.2,WP3646,Hepatitis C and hepatocellular carcinoma,M1,1,0
1,-2.5,WP2637,Interleukin-1 (IL-1) structural pathway,M1,1,0
1,-3.8,GO:0003402,planar cell polarity pathway involved in axis elongation,M1,1,0
1,-2.8,GO:0035988,chondrocyte proliferation,M1,1,0
1,-2.1,GO:0014896,muscle hypertrophy,M1,1,0
1,-2.8,GO:0032965,regulation of collagen biosynthetic process,M1,1,0
1,-3.8,GO:0043269,regulation of monoatomic ion transport,M1,1,0
1,-2.4,GO:0045671,negative regulation of osteoclast differentiation,M1,1,0
1,-4.8,GO:0060071,"Wnt signaling pathway, planar cell polarity pathway",M1,1,0
1,-3.3,GO:0003184,pulmonary valve morphogenesis,M1,1,0
1,-7.8,WP408,Oxidative stress response,M1,1,0
1,-2.5,GO:0006957,"complement activation, alternative pathway",M1,1,0
1,-6.1,GO:0051893,regulation of focal adhesion assembly,M1,1,0
1,-4.8,WP2828,Bladder cancer,M1,1,0
1,-5,GO:0045862,positive regulation of proteolysis,M1,1,0
1,-2.5,GO:0006639,acylglycerol metabolic process,M1,1,0
1,-2.2,GO:1903580,positive regulation of ATP metabolic process,M1,1,0
1,-4.9,GO:0045637,regulation of myeloid cell differentiation,M1,1,0
1,-3.3,GO:0048863,stem cell differentiation,M1,1,0
1,-2.8,GO:0043407,negative regulation of MAP kinase activity,M1,1,0
1,-2.5,GO:0006140,regulation of nucleotide metabolic process,M1,1,0
1,-9.6,hsa04933,AGE-RAGE signaling pathway in diabetic complications,M1,1,0
1,-3.9,GO:0002831,regulation of response to biotic stimulus,M1,1,0
1,-7.9,GO:0000904,cell morphogenesis involved in differentiation,M1,1,0
1,-2.5,GO:0070661,leukocyte proliferation,M1,1,0
1,-8,GO:0010721,negative regulation of cell development,M1,1,0
1,-2.2,GO:0032412,regulation of monoatomic ion transmembrane transporter activity,M1,1,0
1,-2.4,GO:0030852,regulation of granulocyte differentiation,M1,1,0
1,-4.1,GO:0042542,response to hydrogen peroxide,M1,1,0
1,-3.8,GO:0070593,dendrite self-avoidance,M1,1,0
1,-4.7,GO:0042326,negative regulation of phosphorylation,M1,1,0
1,-3.7,GO:0030510,regulation of BMP signaling pathway,M1,1,0
1,-2.1,GO:0021545,cranial nerve development,M1,1,0
1,-8.1,GO:0009410,response to xenobiotic stimulus,M1,1,0
1,-5.8,GO:1903037,regulation of leukocyte cell-cell adhesion,M1,1,0
1,-3.1,GO:0007413,axonal fasciculation,M1,1,0
1,-5.8,R-HSA-9006931,Signaling by Nuclear Receptors,M1,1,0
1,-5.7,GO:0072593,reactive oxygen species metabolic process,M1,1,0
1,-5.2,M8,PID ENDOTHELIN PATHWAY,M1,1,0
1,-19,GO:0035239,tube morphogenesis,M1,1,0
1,-2.9,GO:0140115,export across plasma membrane,M1,1,0
1,-4.8,GO:1903844,regulation of cellular response to transforming growth factor beta stimulus,M1,1,0
1,-2.4,GO:0035914,skeletal muscle cell differentiation,M1,1,0
1,-4.3,M254,PID MYC REPRESS PATHWAY,M1,1,0
1,-5.3,WP3888,VEGFA-VEGFR2 signaling pathway,M1,1,0
1,-2.2,GO:0050864,regulation of B cell activation,M1,1,0
1,-5.4,WP366,TGF-beta signaling pathway,M1,1,0
1,-5.5,GO:0034762,regulation of transmembrane transport,M1,1,0
1,-2.8,M7,PID FCER1 PATHWAY,M1,1,0
1,-2.3,GO:0002708,positive regulation of lymphocyte mediated immunity,M1,1,0
1,-4.1,GO:0050866,negative regulation of cell activation,M1,1,0
1,-2.9,GO:0051592,response to calcium ion,M1,1,0
1,-3.6,hsa05416,Viral myocarditis,M1,1,0
1,-4.9,GO:0050808,synapse organization,M1,1,0
1,-5.9,GO:0048146,positive regulation of fibroblast proliferation,M1,1,0
1,-2.1,R-HSA-186797,Signaling by PDGF,M1,1,0
1,-2.2,GO:0033194,response to hydroperoxide,M1,1,0
1,-2.9,WP712,Estrogen signaling pathway,M1,1,0
1,-3.1,GO:0055080,monoatomic cation homeostasis,M1,1,0
1,-3.4,GO:0043086,negative regulation of catalytic activity,M1,1,0
1,-2.4,GO:0046638,positive regulation of alpha-beta T cell differentiation,M1,1,0
1,-4.9,GO:0090101,negative regulation of transmembrane receptor protein serine/threonine kinase signaling pathway,M1,1,0
1,-2.9,GO:0003177,pulmonary valve development,M1,1,0
1,-4.4,GO:0007179,transforming growth factor beta receptor signaling pathway,M1,1,0
1,-2,GO:1903018,regulation of glycoprotein metabolic process,M1,1,0
1,-2.2,GO:0048486,parasympathetic nervous system development,M1,1,0
1,-7.6,GO:0030900,forebrain development,M1,1,0
1,-3.5,GO:0048483,autonomic nervous system development,M1,1,0
1,-5.8,GO:0019933,cAMP-mediated signaling,M1,1,0
1,-3.2,GO:0006198,cAMP catabolic process,M1,1,0
1,-2.4,GO:0007292,female gamete generation,M1,1,0
1,-2.6,GO:0071624,positive regulation of granulocyte chemotaxis,M1,1,0
1,-4.4,GO:0051384,response to glucocorticoid,M1,1,0
1,-3.2,GO:1903317,regulation of protein maturation,M1,1,0
1,-2.5,GO:2001242,regulation of intrinsic apoptotic signaling pathway,M1,1,0
1,-2.6,WP3680,Physico-chemical features and toxicity-associated pathways,M1,1,0
1,-5.4,GO:0002009,morphogenesis of an epithelium,M1,1,0
1,-4,hsa05169,Epstein-Barr virus infection,M1,1,0
1,-2.5,M5880,NABA ECM AFFILIATED,M1,1,0
1,-3.8,GO:0046328,regulation of JNK cascade,M1,1,0
1,-2.3,GO:1905477,positive regulation of protein localization to membrane,M1,1,0
1,-2.1,hsa05135,Yersinia infection,M1,1,0
1,-2.6,GO:2000106,regulation of leukocyte apoptotic process,M1,1,0
1,-5.4,GO:0042246,tissue regeneration,M1,1,0
1,-2.9,GO:0052652,cyclic purine nucleotide metabolic process,M1,1,0
1,-2.9,GO:0035904,aorta development,M1,1,0
1,-3,R-HSA-399997,Acetylcholine regulates insulin secretion,M1,1,0
1,-7.9,GO:0070372,regulation of ERK1 and ERK2 cascade,M1,1,0
1,-3.2,GO:0048598,embryonic morphogenesis,M1,1,0
1,-5.6,GO:0042698,ovulation cycle,M1,1,0
1,-24,GO:0001568,blood vessel development,M1,1,0
1,-3.8,WP4879,Overlap between signal transduction pathways contributing to LMNA laminopathies,M1,1,0
1,-7.5,hsa04151,PI3K-Akt signaling pathway,M1,1,0
1,-3.2,GO:0010611,regulation of cardiac muscle hypertrophy,M1,1,0
1,-2.7,GO:0051965,positive regulation of synapse assembly,M1,1,0
1,-2.2,GO:0034284,response to monosaccharide,M1,1,0
1,-5.8,GO:0071478,cellular response to radiation,M1,1,0
1,-2,GO:0072012,glomerulus vasculature development,M1,1,0
1,-3.6,WP2911,miRNA targets in ECM and membrane receptors,M1,1,0
1,-4.5,GO:1904181,positive regulation of membrane depolarization,M1,1,0
1,-3.9,GO:0016049,cell growth,M1,1,0
1,-2.1,GO:0030856,regulation of epithelial cell differentiation,M1,1,0
1,-3.6,M235,PID TCR CALCIUM PATHWAY,M1,1,0
1,-6.1,WP2882,Nuclear receptors meta-pathway,M1,1,0
1,-7.6,GO:1901888,regulation of cell junction assembly,M1,1,0
1,-3.2,GO:0014904,myotube cell development,M1,1,0
1,-3.9,R-HSA-8864260,Transcriptional regulation by the AP-2 (TFAP2) family of transcription factors,M1,1,0
1,-2.6,WP710,DNA damage response (only ATM dependent),M1,1,0
1,-9.5,GO:0050678,regulation of epithelial cell proliferation,M1,1,0
1,-2.8,GO:0050773,regulation of dendrite development,M1,1,0
1,-6.8,GO:0009612,response to mechanical stimulus,M1,1,0
1,-7.3,WP5090,Complement system in neuronal development and plasticity,M1,1,0
1,-4.6,GO:0007229,integrin-mediated signaling pathway,M1,1,0
1,-3.2,R-HSA-4420332,Defective B3GALT6 causes EDSP2 and SEMDJL1,M1,1,0
1,-4,GO:1903510,mucopolysaccharide metabolic process,M1,1,0
1,-4.5,GO:0097190,apoptotic signaling pathway,M1,1,0
1,-2.1,GO:0060135,maternal process involved in female pregnancy,M1,1,0
1,-2.4,R-HSA-3928665,EPH-ephrin mediated repulsion of cells,M1,1,0
1,-2.2,GO:0043931,ossification involved in bone maturation,M1,1,0
1,-3.5,GO:0042417,dopamine metabolic process,M1,1,0
1,-3.8,GO:0031103,axon regeneration,M1,1,0
1,-2.2,WP3617,Photodynamic therapy-induced NF-kB survival signaling,M1,1,0
1,-7.9,GO:0040008,regulation of growth,M1,1,0
1,-2.6,GO:1990090,cellular response to nerve growth factor stimulus,M1,1,0
1,-2.8,M174,PID UPA UPAR PATHWAY,M1,1,0
1,-5.5,GO:0010717,regulation of epithelial to mesenchymal transition,M1,1,0
1,-3.1,GO:0106058,positive regulation of calcineurin-mediated signaling,M1,1,0
1,-2.8,GO:0033555,multicellular organismal response to stress,M1,1,0
1,-2.5,GO:0043627,response to estrogen,M1,1,0
1,-3.7,GO:0044703,multi-organism reproductive process,M1,1,0
1,-2.3,hsa04640,Hematopoietic cell lineage,M1,1,0
1,-3.6,GO:0030501,positive regulation of bone mineralization,M1,1,0
1,-2.2,GO:0046883,regulation of hormone secretion,M1,1,0
1,-3.7,GO:0010212,response to ionizing radiation,M1,1,0
1,-2.2,GO:0051896,regulation of protein kinase B signaling,M1,1,0
1,-3.4,GO:0031331,positive regulation of cellular catabolic process,M1,1,0
1,-3.4,GO:0050890,cognition,M1,1,0
1,-2.8,GO:0034114,regulation of heterotypic cell-cell adhesion,M1,1,0
1,-2.4,R-HSA-8980692,RHOA GTPase cycle,M1,1,0
1,-2.5,GO:0048675,axon extension,M1,1,0
1,-2.4,GO:0002709,regulation of T cell mediated immunity,M1,1,0
1,-2.1,R-HSA-9013695,NOTCH4 Intracellular Domain Regulates Transcription,M1,1,0
1,-2.4,GO:0001935,endothelial cell proliferation,M1,1,0
1,-5.1,GO:0198738,cell-cell signaling by wnt,M1,1,0
1,-3.2,R-HSA-3560783,"Defective B4GALT7 causes EDS, progeroid type",M1,1,0
1,-2.9,GO:0061430,bone trabecula morphogenesis,M1,1,0
1,-2.6,M12,PID RHOA PATHWAY,M1,1,0
1,-2.4,hsa05310,Asthma,M1,1,0
1,-3.7,GO:0051495,positive regulation of cytoskeleton organization,M1,1,0
1,-2.1,GO:0019432,triglyceride biosynthetic process,M1,1,0
1,-3.1,GO:0045821,positive regulation of glycolytic process,M1,1,0
1,-2.6,GO:0030850,prostate gland development,M1,1,0
1,-4.2,GO:0080135,regulation of cellular response to stress,M1,1,0
1,-2.5,GO:0090630,activation of GTPase activity,M1,1,0
1,-3.6,GO:0007568,aging,M1,1,0
1,-2.5,GO:0070849,response to epidermal growth factor,M1,1,0
1,-6.3,GO:0007156,homophilic cell adhesion via plasma membrane adhesion molecules,M1,1,0
1,-2.5,GO:0072521,purine-containing compound metabolic process,M1,1,0
1,-3.1,GO:0010817,regulation of hormone levels,M1,1,0
1,-2.4,WP53,ID signaling pathway,M1,1,0
1,-3.5,GO:1902622,regulation of neutrophil migration,M1,1,0
1,-10,GO:0007420,brain development,M1,1,0
1,-2.4,R-HSA-9006936,Signaling by TGFB family members,M1,1,0
1,-3.1,GO:0002762,negative regulation of myeloid leukocyte differentiation,M1,1,0
1,-4.2,GO:0002504,antigen processing and presentation of peptide or polysaccharide antigen via MHC class II,M1,1,0
1,-3.1,GO:0009617,response to bacterium,M1,1,0
1,-3.1,GO:0046330,positive regulation of JNK cascade,M1,1,0
1,-4.1,GO:0071504,cellular response to heparin,M1,1,0
1,-2.4,GO:0043010,camera-type eye development,M1,1,0
1,-2.5,GO:1903522,regulation of blood circulation,M1,1,0
1,-2.9,hsa04612,Antigen processing and presentation,M1,1,0
1,-3.7,R-HSA-8875878,MET promotes cell motility,M1,1,0
1,-5.3,GO:1903707,negative regulation of hemopoiesis,M1,1,0
1,-7.2,GO:0031589,cell-substrate adhesion,M1,1,0
1,-2.2,GO:0098655,monoatomic cation transmembrane transport,M1,1,0
1,-2.3,GO:0046425,regulation of receptor signaling pathway via JAK-STAT,M1,1,0
1,-2.1,GO:0043123,positive regulation of I-kappaB kinase/NF-kappaB signaling,M1,1,0
1,-2.1,GO:0002577,regulation of antigen processing and presentation,M1,1,0
1,-2.8,GO:0002691,regulation of cellular extravasation,M1,1,0
1,-2,GO:0002837,regulation of immune response to tumor cell,M1,1,0
1,-3.2,WP5130,Th17 cell differentiation pathway,M1,1,0
1,-2.1,GO:0001959,regulation of cytokine-mediated signaling pathway,M1,1,0
1,-2.9,R-HSA-389948,PD-1 signaling,M1,1,0
1,-4.9,GO:0007157,heterophilic cell-cell adhesion via plasma membrane cell adhesion molecules,M1,1,0
1,-2.4,GO:0010634,positive regulation of epithelial cell migration,M1,1,0
1,-2.1,GO:0003179,heart valve morphogenesis,M1,1,0
1,-6.8,GO:0007411,axon guidance,M1,1,0
1,-2.2,GO:0030206,chondroitin sulfate biosynthetic process,M1,1,0
1,-4.1,R-HSA-8957275,Post-translational protein phosphorylation,M1,1,0
1,-2.1,GO:0001502,cartilage condensation,M1,1,0
1,-3.5,GO:0034368,protein-lipid complex remodeling,M1,1,0
1,-2.3,GO:0048841,regulation of axon extension involved in axon guidance,M1,1,0
1,-2.2,GO:2001224,positive regulation of neuron migration,M1,1,0
1,-2.1,GO:0035418,protein localization to synapse,M1,1,0
1,-3.9,GO:0010594,regulation of endothelial cell migration,M1,1,0
1,-15,GO:0030336,negative regulation of cell migration,M1,1,0
1,-2.5,R-HSA-2214320,Anchoring fibril formation,M1,1,0
1,-2.4,WP2435,Quercetin and Nf-kB / AP-1 induced apoptosis,M1,1,0
1,-2.8,GO:0060343,trabecula formation,M1,1,0
1,-6.9,GO:0051962,positive regulation of nervous system development,M1,1,0
1,-2,GO:0009083,branched-chain amino acid catabolic process,M1,1,0
1,-8.6,GO:0002685,regulation of leukocyte migration,M1,1,0
1,-2.1,hsa04012,ErbB signaling pathway,M1,1,0
1,-2.7,GO:0030431,sleep,M1,1,0
1,-2.7,GO:0016322,neuron remodeling,M1,1,0
1,-4.2,GO:0051056,regulation of small GTPase mediated signal transduction,M1,1,0
1,-4,GO:0048588,developmental cell growth,M1,1,0
1,-25,GO:0001944,vasculature development,M1,1,0
1,-2.5,R-HSA-163125,Post-translational modification: synthesis of GPI-anchored proteins,M1,1,0
1,-4.8,GO:0003279,cardiac septum development,M1,1,0
1,-2.6,GO:0048754,branching morphogenesis of an epithelial tube,M1,1,0
1,-2.3,R-HSA-9009391,Extra-nuclear estrogen signaling,M1,1,0
1,-5.2,GO:0031667,response to nutrient levels,M1,1,0
1,-2.5,R-HSA-1989781,PPARA activates gene expression,M1,1,0
1,-5.6,GO:0009991,response to extracellular stimulus,M1,1,0
1,-4.5,GO:0043620,regulation of DNA-templated transcription in response to stress,M1,1,0
1,-2.2,WP2018,RANKL/RANK signaling pathway,M1,1,0
1,-3.3,GO:0030204,chondroitin sulfate metabolic process,M1,1,0
1,-2.6,R-HSA-9675108,Nervous system development,M1,1,0
1,-2.8,GO:0050927,positive regulation of positive chemotaxis,M1,1,0
1,-2.6,GO:0001823,mesonephros development,M1,1,0
1,-3.7,GO:0010977,negative regulation of neuron projection development,M1,1,0
1,-3,GO:0001937,negative regulation of endothelial cell proliferation,M1,1,0
1,-3.2,GO:0032722,positive regulation of chemokine production,M1,1,0
1,-7,GO:0090092,regulation of transmembrane receptor protein serine/threonine kinase signaling pathway,M1,1,0
1,-2.2,GO:0048565,digestive tract development,M1,1,0
1,-3.2,GO:0009743,response to carbohydrate,M1,1,0
1,-5.9,GO:0104004,cellular response to environmental stimulus,M1,1,0
1,-2.8,WP4686,"Leucine, isoleucine and valine metabolism",M1,1,0
1,-2.5,GO:0045670,regulation of osteoclast differentiation,M1,1,0
1,-4.5,GO:0051046,regulation of secretion,M1,1,0
1,-4,GO:0043009,chordate embryonic development,M1,1,0
1,-3,GO:0046545,development of primary female sexual characteristics,M1,1,0
1,-4.7,GO:0001894,tissue homeostasis,M1,1,0
1,-2.8,WP3668,Hypothesized pathways in pathogenesis of cardiovascular disease,M1,1,0
1,-4.5,GO:0052547,regulation of peptidase activity,M1,1,0
1,-2.7,WP4211,Transcriptional cascade regulating adipogenesis,M1,1,0
1,-3,GO:1990138,neuron projection extension,M1,1,0
1,-2.7,R-HSA-75205,Dissolution of Fibrin Clot,M1,1,0
1,-3.1,GO:0001570,vasculogenesis,M1,1,0
1,-8.1,GO:0002688,regulation of leukocyte chemotaxis,M1,1,0
1,-3.9,GO:0071774,response to fibroblast growth factor,M1,1,0
1,-2.1,hsa00590,Arachidonic acid metabolism,M1,1,0
1,-4.7,R-HSA-109582,Hemostasis,M1,1,0
1,-2.6,GO:0071229,cellular response to acid chemical,M1,1,0
1,-2.1,GO:0050673,epithelial cell proliferation,M1,1,0
1,-2.1,hsa04022,cGMP-PKG signaling pathway,M1,1,0
1,-3.3,GO:0055021,regulation of cardiac muscle tissue growth,M1,1,0
1,-4,R-HSA-166663,Initial triggering of complement,M1,1,0
1,-2.7,M195,PID CMYB PATHWAY,M1,1,0
1,-2.7,GO:0072164,mesonephric tubule development,M1,1,0
1,-2.2,GO:0018108,peptidyl-tyrosine phosphorylation,M1,1,0
1,-2,GO:0010762,regulation of fibroblast migration,M1,1,0
1,-2.4,GO:0014020,primary neural tube formation,M1,1,0
1,-2.7,GO:0150076,neuroinflammatory response,M1,1,0
1,-2.4,GO:0048013,ephrin receptor signaling pathway,M1,1,0
1,-4,GO:0051496,positive regulation of stress fiber assembly,M1,1,0
1,-5.9,R-HSA-5668914,Diseases of metabolism,M1,1,0
1,-3.4,GO:0010812,negative regulation of cell-substrate adhesion,M1,1,0
1,-2.5,GO:0022898,regulation of transmembrane transporter activity,M1,1,0
1,-2.2,GO:1900242,regulation of synaptic vesicle endocytosis,M1,1,0
1,-5.3,GO:0008037,cell recognition,M1,1,0
1,-2.9,GO:0060740,prostate gland epithelium morphogenesis,M1,1,0
1,-5.3,hsa05150,Staphylococcus aureus infection,M1,1,0
1,-2.4,GO:0042594,response to starvation,M1,1,0
1,-2.5,GO:0048041,focal adhesion assembly,M1,1,0
1,-3,GO:0045669,positive regulation of osteoblast differentiation,M1,1,0
1,-3.5,GO:0090288,negative regulation of cellular response to growth factor stimulus,M1,1,0
1,-13,GO:0040007,growth,M1,1,0
1,-3.2,GO:1903243,negative regulation of cardiac muscle hypertrophy in response to stress,M1,1,0
1,-2.4,GO:0002011,morphogenesis of an epithelial sheet,M1,1,0
1,-2.6,WP2840,Hair follicle development: cytodifferentiation - part 3 of 3,M1,1,0
1,-3,GO:0032729,positive regulation of type II interferon production,M1,1,0
1,-5.8,GO:0071492,cellular response to UV-A,M1,1,0
1,-2.2,GO:0010759,positive regulation of macrophage chemotaxis,M1,1,0
1,-6.7,M53,PID INTEGRIN3 PATHWAY,M1,1,0
1,-4,GO:0090130,tissue migration,M1,1,0
1,-2.3,hsa04218,Cellular senescence,M1,1,0
1,-2.3,GO:0032411,positive regulation of transporter activity,M1,1,0
1,-2.5,hsa04924,Renin secretion,M1,1,0
1,-7.8,GO:0045859,regulation of protein kinase activity,M1,1,0
1,-6.1,GO:0001938,positive regulation of endothelial cell proliferation,M1,1,0
1,-6.7,R-HSA-5660526,Response to metal ions,M1,1,0
1,-6.3,M183,PID IL6 7 PATHWAY,M1,1,0
1,-2.2,R-HSA-2173796,SMAD2/SMAD3:SMAD4 heterotrimer regulates transcription,M1,1,0
1,-7.1,GO:0050867,positive regulation of cell activation,M1,1,0
1,-2.7,GO:0009214,cyclic nucleotide catabolic process,M1,1,0
1,-3.3,GO:0010952,positive regulation of peptidase activity,M1,1,0
1,-2.7,GO:0002792,negative regulation of peptide secretion,M1,1,0
1,-3.4,GO:0034103,regulation of tissue remodeling,M1,1,0
1,-3,GO:0045088,regulation of innate immune response,M1,1,0
1,-2.9,GO:1902254,negative regulation of intrinsic apoptotic signaling pathway by p53 class mediator,M1,1,0
1,-2.3,WP4874,CAMKK2 pathway,M1,1,0
1,-2.2,GO:0045621,positive regulation of lymphocyte differentiation,M1,1,0
1,-2.9,GO:0007044,cell-substrate junction assembly,M1,1,0
1,-3.8,GO:0021891,olfactory bulb interneuron development,M1,1,0
1,-2.1,M17,PID NOTCH PATHWAY,M1,1,0
1,-2.6,GO:0021675,nerve development,M1,1,0
1,-3.1,WP2864,Apoptosis-related network due to altered Notch3 in ovarian cancer,M1,1,0
1,-7.5,GO:0098742,cell-cell adhesion via plasma-membrane adhesion molecules,M1,1,0
1,-2.2,GO:0038128,ERBB2 signaling pathway,M1,1,0
1,-2.3,hsa04961,Endocrine and other factor-regulated calcium reabsorption,M1,1,0
1,-9.4,GO:0051216,cartilage development,M1,1,0
1,-2.3,hsa04261,Adrenergic signaling in cardiomyocytes,M1,1,0
1,-7.8,GO:0071559,response to transforming growth factor beta,M1,1,0
1,-3.6,GO:0090399,replicative senescence,M1,1,0
1,-3.5,R-HSA-8948216,Collagen chain trimerization,M1,1,0
1,-5.3,GO:0002521,leukocyte differentiation,M1,1,0
1,-15,GO:0071363,cellular response to growth factor stimulus,M1,1,0
1,-7.6,GO:0071345,cellular response to cytokine stimulus,M1,1,0
1,-8.3,WP2431,Spinal cord injury,M1,1,0
1,-3.8,GO:0032835,glomerulus development,M1,1,0
1,-3.5,GO:0140352,export from cell,M1,1,0
1,-2.6,GO:1904892,regulation of receptor signaling pathway via STAT,M1,1,0
1,-3.4,GO:0070304,positive regulation of stress-activated protein kinase signaling cascade,M1,1,0
1,-3.4,GO:0048864,stem cell development,M1,1,0
1,-3.2,GO:0034405,response to fluid shear stress,M1,1,0
1,-2.9,M176,PID FOXM1 PATHWAY,M1,1,0
1,-2.8,GO:0043589,skin morphogenesis,M1,1,0
1,-9.5,GO:1904018,positive regulation of vasculature development,M1,1,0
1,-2.7,hsa05161,Hepatitis B,M1,1,0
1,-3,WP2815,Mammary gland development pathway - Involution (Stage 4 of 4),M1,1,0
1,-6.5,GO:0071900,regulation of protein serine/threonine kinase activity,M1,1,0
1,-4.4,GO:0006022,aminoglycan metabolic process,M1,1,0
1,-3.1,GO:0032330,regulation of chondrocyte differentiation,M1,1,0
1,-19,GO:0048514,blood vessel morphogenesis,M1,1,0
1,-2.4,WP4658,Small cell lung cancer,M1,1,0
1,-2,GO:0046546,development of primary male sexual characteristics,M1,1,0
1,-3.3,GO:0051901,positive regulation of mitochondrial depolarization,M1,1,0
1,-2.9,GO:0046058,cAMP metabolic process,M1,1,0
1,-2.3,R-HSA-9013149,RAC1 GTPase cycle,M1,1,0
1,-2.1,GO:1903532,positive regulation of secretion by cell,M1,1,0
1,-3.3,R-HSA-76002,"Platelet activation, signaling and aggregation",M1,1,0
1,-3.3,R-HSA-2243919,Crosslinking of collagen fibrils,M1,1,0
1,-7,GO:2001234,negative regulation of apoptotic signaling pathway,M1,1,0
1,-10,GO:0042330,taxis,M1,1,0
1,-3.5,GO:0060638,mesenchymal-epithelial cell signaling,M1,1,0
1,-3,GO:0045685,regulation of glial cell differentiation,M1,1,0
1,-3.2,GO:0045778,positive regulation of ossification,M1,1,0
1,-4.5,GO:0002763,positive regulation of myeloid leukocyte differentiation,M1,1,0
1,-4.7,WP236,Adipogenesis,M1,1,0
1,-3.4,GO:0046683,response to organophosphorus,M1,1,0
1,-4.5,GO:1902107,positive regulation of leukocyte differentiation,M1,1,0
1,-2.1,GO:0046427,positive regulation of receptor signaling pathway via JAK-STAT,M1,1,0
1,-3.4,GO:0002819,regulation of adaptive immune response,M1,1,0
1,-7.9,hsa05205,Proteoglycans in cancer,M1,1,0
1,-3.1,GO:2000352,negative regulation of endothelial cell apoptotic process,M1,1,0
1,-2.1,WP4816,TGF-beta receptor signaling in skeletal dysplasias,M1,1,0
1,-6.9,GO:0031099,regeneration,M1,1,0
1,-3,R-HSA-549127,Organic cation transport,M1,1,0
1,-2.8,GO:0045622,regulation of T-helper cell differentiation,M1,1,0
1,-3.8,GO:0060627,regulation of vesicle-mediated transport,M1,1,0
1,-2.8,GO:0002544,chronic inflammatory response,M1,1,0
1,-2.5,R-HSA-549132,Organic cation/anion/zwitterion transport,M1,1,0
1,-3.1,GO:0060420,regulation of heart growth,M1,1,0
1,-7.7,R-HSA-1566948,Elastic fibre formation,M1,1,0
1,-5.5,R-HSA-166658,Complement cascade,M1,1,0
1,-3,GO:2001243,negative regulation of intrinsic apoptotic signaling pathway,M1,1,0
1,-2.6,GO:0009896,positive regulation of catabolic process,M1,1,0
1,-3.3,GO:0060977,coronary vasculature morphogenesis,M1,1,0
1,-4.3,GO:0021889,olfactory bulb interneuron differentiation,M1,1,0
1,-4.6,GO:0050770,regulation of axonogenesis,M1,1,0
1,-3.8,R-HSA-173623,Classical antibody-mediated complement activation,M1,1,0
1,-4.6,GO:0045687,positive regulation of glial cell differentiation,M1,1,0
1,-2.4,GO:1902895,positive regulation of miRNA transcription,M1,1,0
1,-2.8,M115,PID REG GR PATHWAY,M1,1,0
1,-8,M18,PID INTEGRIN1 PATHWAY,M1,1,0
1,-2,GO:0002429,immune response-activating cell surface receptor signaling pathway,M1,1,0
1,-5.2,GO:0045926,negative regulation of growth,M1,1,0
1,-2.9,GO:0050709,negative regulation of protein secretion,M1,1,0
1,-5.5,GO:0006979,response to oxidative stress,M1,1,0
1,-2.6,WP5098,T-cell activation SARS-CoV-2,M1,1,0
1,-2.4,GO:2000095,"regulation of Wnt signaling pathway, planar cell polarity pathway",M1,1,0
1,-4,GO:0003015,heart process,M1,1,0
1,-2.2,GO:0010744,positive regulation of macrophage derived foam cell differentiation,M1,1,0
1,-3.3,GO:0033673,negative regulation of kinase activity,M1,1,0
1,-3.6,GO:0008406,gonad development,M1,1,0
1,-5.4,GO:0001667,ameboidal-type cell migration,M1,1,0
1,-2.6,GO:0001649,osteoblast differentiation,M1,1,0
1,-2.5,GO:0045995,regulation of embryonic development,M1,1,0
1,-3.4,GO:0032231,regulation of actin filament bundle assembly,M1,1,0
1,-2,GO:0046649,lymphocyte activation,M1,1,0
1,-3.8,hsa04915,Estrogen signaling pathway,M1,1,0
1,-2.2,GO:0001841,neural tube formation,M1,1,0
1,-2.8,GO:1904338,regulation of dopaminergic neuron differentiation,M1,1,0
1,-2.6,GO:0018958,phenol-containing compound metabolic process,M1,1,0
1,-5.1,GO:0016055,Wnt signaling pathway,M1,1,0
1,-2.5,GO:0010838,positive regulation of keratinocyte proliferation,M1,1,0
1,-3,R-HSA-6794361,Neurexins and neuroligins,M1,1,0
1,-7,GO:0007409,axonogenesis,M1,1,0
1,-2.1,GO:2000630,positive regulation of miRNA metabolic process,M1,1,0
1,-2.8,hsa04390,Hippo signaling pathway,M1,1,0
1,-2.4,GO:0034375,high-density lipoprotein particle remodeling,M1,1,0
1,-3.1,GO:0034605,cellular response to heat,M1,1,0
1,-5.8,hsa04610,Complement and coagulation cascades,M1,1,0
1,-2.2,GO:0072132,mesenchyme morphogenesis,M1,1,0
1,-2.4,GO:0050680,negative regulation of epithelial cell proliferation,M1,1,0
1,-2.2,GO:0071625,vocalization behavior,M1,1,0
1,-5.9,hsa05418,Fluid shear stress and atherosclerosis,M1,1,0
1,-2.5,R-HSA-4090294,SUMOylation of intracellular receptors,M1,1,0
1,-2.9,GO:0071634,regulation of transforming growth factor beta production,M1,1,0
1,-5.2,GO:0060541,respiratory system development,M1,1,0
1,-4.1,GO:1902041,regulation of extrinsic apoptotic signaling pathway via death domain receptors,M1,1,0
1,-4.7,GO:0014902,myotube differentiation,M1,1,0
1,-3.8,M118,PID INTEGRIN A9B1 PATHWAY,M1,1,0
1,-4.2,GO:0021987,cerebral cortex development,M1,1,0
1,-3.2,GO:0043534,blood vessel endothelial cell migration,M1,1,0
1,-3.8,GO:0042551,neuron maturation,M1,1,0
1,-2.7,GO:0001656,metanephros development,M1,1,0
1,-3.2,GO:0030099,myeloid cell differentiation,M1,1,0
1,-8.9,GO:0009611,response to wounding,M1,1,0
1,-6.4,GO:0019724,B cell mediated immunity,M1,1,0
1,-4.5,GO:0051900,regulation of mitochondrial depolarization,M1,1,0
1,-2.6,R-HSA-8941856,RUNX3 regulates NOTCH signaling,M1,1,0
1,-2.6,GO:0140546,defense response to symbiont,M1,1,0
1,-2.3,GO:0070588,calcium ion transmembrane transport,M1,1,0
1,-2.3,GO:0010638,positive regulation of organelle organization,M1,1,0
1,-4.7,R-HSA-3560782,Diseases associated with glycosaminoglycan metabolism,M1,1,0
1,-2.4,GO:0060048,cardiac muscle contraction,M1,1,0
1,-2.7,GO:0071827,plasma lipoprotein particle organization,M1,1,0
1,-3.4,GO:1902903,regulation of supramolecular fiber organization,M1,1,0
1,-10,GO:0050865,regulation of cell activation,M1,1,0
1,-2.3,GO:0001541,ovarian follicle development,M1,1,0
1,-2.9,GO:0015914,phospholipid transport,M1,1,0
1,-3.6,GO:0007548,sex differentiation,M1,1,0
1,-2.2,GO:0002286,T cell activation involved in immune response,M1,1,0
1,-2.7,GO:0021915,neural tube development,M1,1,0
1,-3.9,GO:0060828,regulation of canonical Wnt signaling pathway,M1,1,0
1,-5.8,GO:0030323,respiratory tube development,M1,1,0
1,-6.9,GO:0001775,cell activation,M1,1,0
1,-3,GO:0030178,negative regulation of Wnt signaling pathway,M1,1,0
1,-4.1,GO:0042060,wound healing,M1,1,0
1,-7.4,GO:0032989,cellular component morphogenesis,M1,1,0
1,-2.5,M87,PID LKB1 PATHWAY,M1,1,0
1,-3.7,GO:0035051,cardiocyte differentiation,M1,1,0
1,-2.1,GO:0051279,regulation of release of sequestered calcium ion into cytosol,M1,1,0
1,-2.4,GO:0045861,negative regulation of proteolysis,M1,1,0
1,-5,GO:0045860,positive regulation of protein kinase activity,M1,1,0
1,-6,hsa04514,Cell adhesion molecules,M1,1,0
1,-3.6,GO:0090398,cellular senescence,M1,1,0
1,-3.8,GO:0043113,receptor clustering,M1,1,0
1,-2.6,hsa05321,Inflammatory bowel disease,M1,1,0
1,-3.3,GO:1905952,regulation of lipid localization,M1,1,0
1,-3.5,GO:0002695,negative regulation of leukocyte activation,M1,1,0
1,-3.3,GO:0010612,regulation of cardiac muscle adaptation,M1,1,0
1,-3,GO:0050654,chondroitin sulfate proteoglycan metabolic process,M1,1,0
1,-2.8,GO:1904037,positive regulation of epithelial cell apoptotic process,M1,1,0
1,-3.9,WP2795,Cardiac hypertrophic response,M1,1,0
1,-4.4,GO:0032233,positive regulation of actin filament bundle assembly,M1,1,0
1,-2.3,GO:1903036,positive regulation of response to wounding,M1,1,0
1,-5.2,GO:0071503,response to heparin,M1,1,0
1,-2.9,GO:2000241,regulation of reproductive process,M1,1,0
1,-2.1,GO:1901987,regulation of cell cycle phase transition,M1,1,0
1,-4.9,GO:0071622,regulation of granulocyte chemotaxis,M1,1,0
1,-2.1,GO:0090497,mesenchymal cell migration,M1,1,0
1,-2.7,GO:0009712,catechol-containing compound metabolic process,M1,1,0
1,-3,WP4341,"Non-genomic actions of 1,25 dihydroxyvitamin D3",M1,1,0
1,-16,GO:0043062,extracellular structure organization,M1,1,0
1,-3.9,GO:0043409,negative regulation of MAPK cascade,M1,1,0
1,-7.5,M166,PID ATF2 PATHWAY,M1,1,0
1,-4,GO:0014015,positive regulation of gliogenesis,M1,1,0
1,-8.3,GO:0010038,response to metal ion,M1,1,0
1,-2.5,GO:1901722,regulation of cell proliferation involved in kidney development,M1,1,0
1,-2.2,GO:0050728,negative regulation of inflammatory response,M1,1,0
1,-12,GO:0010942,positive regulation of cell death,M1,1,0
1,-2.5,GO:0140467,integrated stress response signaling,M1,1,0
1,-2.4,GO:0070303,negative regulation of stress-activated protein kinase signaling cascade,M1,1,0
1,-4.2,GO:0045639,positive regulation of myeloid cell differentiation,M1,1,0
1,-2.2,GO:0010332,response to gamma radiation,M1,1,0
1,-2.4,GO:1904705,regulation of vascular associated smooth muscle cell proliferation,M1,1,0
1,-4.3,GO:0030100,regulation of endocytosis,M1,1,0
1,-6,GO:0032944,regulation of mononuclear cell proliferation,M1,1,0
1,-3.1,GO:0030001,metal ion transport,M1,1,0
1,-9.5,GO:0007169,transmembrane receptor protein tyrosine kinase signaling pathway,M1,1,0
1,-3.3,GO:0030522,intracellular receptor signaling pathway,M1,1,0
1,-2.1,GO:0046661,male sex differentiation,M1,1,0
1,-2,R-HSA-70895,Branched-chain amino acid catabolism,M1,1,0
1,-3.5,GO:0071671,regulation of smooth muscle cell chemotaxis,M1,1,0
1,-2.3,GO:0071385,cellular response to glucocorticoid stimulus,M1,1,0
1,-2.3,GO:2000191,regulation of fatty acid transport,M1,1,0
1,-4.9,GO:1901890,positive regulation of cell junction assembly,M1,1,0
1,-3.9,GO:0042391,regulation of membrane potential,M1,1,0
1,-3.8,R-HSA-8931987,RUNX1 regulates estrogen receptor mediated transcription,M1,1,0
1,-11,GO:0042327,positive regulation of phosphorylation,M1,1,0
1,-2.4,GO:0046685,response to arsenic-containing substance,M1,1,0
1,-2.9,GO:0003231,cardiac ventricle development,M1,1,0
1,-4.9,R-HSA-1630316,Glycosaminoglycan metabolism,M1,1,0
1,-6.9,GO:1901652,response to peptide,M1,1,0
1,-4.1,GO:0001558,regulation of cell growth,M1,1,0
1,-2.3,GO:0002221,pattern recognition receptor signaling pathway,M1,1,0
1,-4.1,R-HSA-1650814,Collagen biosynthesis and modifying enzymes,M1,1,0
1,-2.7,GO:0002063,chondrocyte development,M1,1,0
1,-3.6,GO:0010596,negative regulation of endothelial cell migration,M1,1,0
1,-3.5,GO:0070542,response to fatty acid,M1,1,0
1,-3.7,hsa05202,Transcriptional misregulation in cancer,M1,1,0
1,-2.7,R-HSA-201556,Signaling by ALK,M1,1,0
1,-3.2,GO:0060348,bone development,M1,1,0
1,-4.3,GO:0031102,neuron projection regeneration,M1,1,0
1,-5,GO:2000116,regulation of cysteine-type endopeptidase activity,M1,1,0
1,-2.8,GO:2001021,negative regulation of response to DNA damage stimulus,M1,1,0
1,-2.8,GO:0051048,negative regulation of secretion,M1,1,0
1,-2.5,GO:0060047,heart contraction,M1,1,0
1,-3,WP2118,Arrhythmogenic right ventricular cardiomyopathy,M1,1,0
1,-2.8,GO:0008344,adult locomotory behavior,M1,1,0
1,-2.1,hsa05163,Human cytomegalovirus infection,M1,1,0
1,-2,GO:0071498,cellular response to fluid shear stress,M1,1,0
1,-2.5,GO:0030212,hyaluronan metabolic process,M1,1,0
1,-7.9,GO:0010720,positive regulation of cell development,M1,1,0
1,-11,GO:0050920,regulation of chemotaxis,M1,1,0
1,-2.2,GO:0051282,regulation of sequestering of calcium ion,M1,1,0
1,-4.1,R-HSA-8939211,ESR-mediated signaling,M1,1,0
1,-3,GO:0030449,regulation of complement activation,M1,1,0
1,-3.2,GO:0046634,regulation of alpha-beta T cell activation,M1,1,0
1,-2.6,WP3944,Serotonin and anxiety-related events,M1,1,0
1,-2.5,GO:0032409,regulation of transporter activity,M1,1,0
1,-3.7,GO:0051129,negative regulation of cellular component organization,M1,1,0
1,-2.6,WP5283,Chronic hyperglycemia impairment of neuron function,M1,1,0
1,-7.5,R-HSA-5661231,Metallothioneins bind metals,M1,1,0
1,-3.8,GO:0150063,visual system development,M1,1,0
1,-2.3,R-HSA-202433,Generation of second messenger molecules,M1,1,0
1,-2.3,GO:0042476,odontogenesis,M1,1,0
1,-2.9,GO:0060350,endochondral bone morphogenesis,M1,1,0
1,-2.1,GO:0007266,Rho protein signal transduction,M1,1,0
1,-4.1,R-HSA-1793185,Chondroitin sulfate/dermatan sulfate metabolism,M1,1,0
1,-2.4,GO:0010469,regulation of signaling receptor activity,M1,1,0
1,-4.7,GO:0006959,humoral immune response,M1,1,0
1,-2,R-HSA-622312,Inflammasomes,M1,1,0
1,-7.8,GO:0002252,immune effector process,M1,1,0
1,-2.2,GO:2000341,regulation of chemokine (C-X-C motif) ligand 2 production,M1,1,0
1,-3.2,R-HSA-877300,Interferon gamma signaling,M1,1,0
1,-2.2,GO:0071398,cellular response to fatty acid,M1,1,0
1,-3.5,M60,PID NFAT TFPATHWAY,M1,1,0
1,-2.8,GO:0090596,sensory organ morphogenesis,M1,1,0
1,-2.7,GO:0003002,regionalization,M1,1,0
1,-6.9,GO:0033674,positive regulation of kinase activity,M1,1,0
1,-7.7,GO:0048511,rhythmic process,M1,1,0
1,-2.3,GO:0070201,regulation of establishment of protein localization,M1,1,0
1,-3.8,GO:0034612,response to tumor necrosis factor,M1,1,0
1,-9.9,GO:0002694,regulation of leukocyte activation,M1,1,0
1,-2.3,WP422,MAPK cascade,M1,1,0
1,-2.6,GO:0043523,regulation of neuron apoptotic process,M1,1,0
1,-7.3,R-HSA-2129379,Molecules associated with elastic fibres,M1,1,0
1,-4.9,GO:0048145,regulation of fibroblast proliferation,M1,1,0
1,-2.3,GO:0061036,positive regulation of cartilage development,M1,1,0
1,-17,GO:0040013,negative regulation of locomotion,M1,1,0
1,-2.1,GO:0099177,regulation of trans-synaptic signaling,M1,1,0
1,-3.5,GO:0090025,regulation of monocyte chemotaxis,M1,1,0
1,-2.2,GO:0035886,vascular associated smooth muscle cell differentiation,M1,1,0
1,-2.2,GO:0090083,regulation of inclusion body assembly,M1,1,0
1,-2.2,GO:0071773,cellular response to BMP stimulus,M1,1,0
1,-3.9,WP35,G protein signaling pathways,M1,1,0
1,-2.6,GO:0006869,lipid transport,M1,1,0
1,-3.5,GO:0050768,negative regulation of neurogenesis,M1,1,0
1,-2.7,GO:0006898,receptor-mediated endocytosis,M1,1,0
1,-7.4,GO:0050767,regulation of neurogenesis,M1,1,0
1,-3.1,M160,PID AVB3 INTEGRIN PATHWAY,M1,1,0
1,-2.4,GO:0060688,regulation of morphogenesis of a branching structure,M1,1,0
1,-2.6,GO:0010799,regulation of peptidyl-threonine phosphorylation,M1,1,0
1,-2.4,hsa05144,Malaria,M1,1,0
1,-2.3,R-HSA-1980145,Signaling by NOTCH2,M1,1,0
1,-5.4,GO:0071496,cellular response to external stimulus,M1,1,0
1,-5.6,GO:0060411,cardiac septum morphogenesis,M1,1,0
1,-2.4,R-HSA-2871796,FCERI mediated MAPK activation,M1,1,0
1,-4.7,WP2328,Allograft rejection,M1,1,0
1,-5.3,GO:0042692,muscle cell differentiation,M1,1,0
1,-2.2,R-HSA-9006925,Intracellular signaling by second messengers,M1,1,0
1,-2.3,hsa05207,Chemical carcinogenesis - receptor activation,M1,1,0
1,-3.1,GO:0061035,regulation of cartilage development,M1,1,0
1,-3,WP4141,PI3K/AKT/mTOR - vitamin D3 signaling,M1,1,0
1,-9.8,M65,PID FRA PATHWAY,M1,1,0
1,-12,GO:0030335,positive regulation of cell migration,M1,1,0
1,-4,GO:0060326,cell chemotaxis,M1,1,0
1,-6.8,hsa05165,Human papillomavirus infection,M1,1,0
1,-3.7,hsa04935,"Growth hormone synthesis, secretion and action",M1,1,0
1,-3.7,GO:2000514,"regulation of CD4-positive, alpha-beta T cell activation",M1,1,0
1,-4.1,GO:0051928,positive regulation of calcium ion transport,M1,1,0
1,-3.5,WP399,Wnt signaling pathway and pluripotency,M1,1,0
1,-2.8,GO:0043567,regulation of insulin-like growth factor receptor signaling pathway,M1,1,0
1,-5.6,hsa04659,Th17 cell differentiation,M1,1,0
1,-3.7,GO:0002822,regulation of adaptive immune response based on somatic recombination of immune receptors built from immunoglobulin superfamily domains,M1,1,0
1,-3.6,GO:0030512,negative regulation of transforming growth factor beta receptor signaling pathway,M1,1,0
1,-9,GO:1902532,negative regulation of intracellular signal transduction,M1,1,0
1,-3.1,GO:0001508,action potential,M1,1,0
1,-8,GO:0071417,cellular response to organonitrogen compound,M1,1,0
1,-2.1,GO:0061377,mammary gland lobule development,M1,1,0
1,-2.4,GO:0034374,low-density lipoprotein particle remodeling,M1,1,0
1,-3.2,GO:0032922,circadian regulation of gene expression,M1,1,0
1,-6.5,hsa04512,ECM-receptor interaction,M1,1,0
1,-2.7,GO:0010951,negative regulation of endopeptidase activity,M1,1,0
1,-2.2,GO:0051917,regulation of fibrinolysis,M1,1,0
1,-2.4,R-HSA-112043,PLC beta mediated events,M1,1,0
1,-4.9,GO:0009416,response to light stimulus,M1,1,0
1,-3.2,GO:1902806,regulation of cell cycle G1/S phase transition,M1,1,0
1,-2.5,GO:0031638,zymogen activation,M1,1,0
1,-4.5,R-HSA-3000171,Non-integrin membrane-ECM interactions,M1,1,0
1,-2.7,GO:0031341,regulation of cell killing,M1,1,0
1,-3.6,GO:0010719,negative regulation of epithelial to mesenchymal transition,M1,1,0
1,-5.7,GO:0010811,positive regulation of cell-substrate adhesion,M1,1,0
1,-2.4,GO:0043200,response to amino acid,M1,1,0
1,-5.1,GO:0071482,cellular response to light stimulus,M1,1,0
1,-3,GO:0031348,negative regulation of defense response,M1,1,0
1,-2.2,WP1742,TP53 network,M1,1,0
1,-4.2,GO:0071902,positive regulation of protein serine/threonine kinase activity,M1,1,0
1,-4.5,GO:0034765,regulation of monoatomic ion transmembrane transport,M1,1,0
1,-5.1,WP4877,Host-pathogen interaction of human coronaviruses - MAPK signaling,M1,1,0
1,-6.3,GO:1904035,regulation of epithelial cell apoptotic process,M1,1,0
1,-3,GO:0001654,eye development,M1,1,0
1,-15,GO:0070848,response to growth factor,M1,1,0
1,-2,hsa05164,Influenza A,M1,1,0
1,-2.7,R-HSA-76005,Response to elevated platelet cytosolic Ca2+,M1,1,0
1,-2.3,GO:0006986,response to unfolded protein,M1,1,0
1,-2.4,GO:0071479,cellular response to ionizing radiation,M1,1,0
1,-11,GO:0040011,locomotion,M1,1,0
1,-5.1,GO:0032870,cellular response to hormone stimulus,M1,1,0
1,-2.2,GO:0051493,regulation of cytoskeleton organization,M1,1,0
1,-4.8,GO:0000302,response to reactive oxygen species,M1,1,0
1,-3.1,GO:0003281,ventricular septum development,M1,1,0
1,-7.5,GO:0051249,regulation of lymphocyte activation,M1,1,0
1,-3.1,GO:0014074,response to purine-containing compound,M1,1,0
1,-2.3,M270,PID MAPK TRK PATHWAY,M1,1,0
1,-4.3,M165,PID SYNDECAN 4 PATHWAY,M1,1,0
1,-2.1,GO:1904950,negative regulation of establishment of protein localization,M1,1,0
1,-2.5,GO:0060711,labyrinthine layer development,M1,1,0
1,-3.3,R-HSA-166520,Signaling by NTRKs,M1,1,0
1,-2.3,GO:0060351,cartilage development involved in endochondral bone morphogenesis,M1,1,0
1,-3.8,GO:0008217,regulation of blood pressure,M1,1,0
1,-3,GO:0032060,bleb assembly,M1,1,0
1,-2.7,GO:0002833,positive regulation of response to biotic stimulus,M1,1,0
1,-2.8,GO:0043380,regulation of memory T cell differentiation,M1,1,0
1,-2.3,GO:0072332,intrinsic apoptotic signaling pathway by p53 class mediator,M1,1,0
1,-3,R-HSA-450341,Activation of the AP-1 family of transcription factors,M1,1,0
1,-2.6,GO:0030888,regulation of B cell proliferation,M1,1,0
1,-2.5,GO:0048002,antigen processing and presentation of peptide antigen,M1,1,0
1,-6.4,GO:0001952,regulation of cell-matrix adhesion,M1,1,0
1,-2.9,GO:0002604,regulation of dendritic cell antigen processing and presentation,M1,1,0
1,-3.2,hsa05145,Toxoplasmosis,M1,1,0
1,-2.9,R-HSA-9012999,RHO GTPase cycle,M1,1,0
1,-3.7,GO:0032642,regulation of chemokine production,M1,1,0
1,-5.2,GO:0021988,olfactory lobe development,M1,1,0
1,-4.2,GO:0090022,regulation of neutrophil chemotaxis,M1,1,0
1,-3.1,GO:0014743,regulation of muscle hypertrophy,M1,1,0
1,-2.2,GO:2000107,negative regulation of leukocyte apoptotic process,M1,1,0
1,-2.7,GO:0045089,positive regulation of innate immune response,M1,1,0
1,-3.5,GO:0014068,positive regulation of phosphatidylinositol 3-kinase signaling,M1,1,0
1,-3,GO:0009408,response to heat,M1,1,0
1,-2.3,GO:0055089,fatty acid homeostasis,M1,1,0
1,-2.2,GO:0008610,lipid biosynthetic process,M1,1,0
1,-2.4,GO:0034614,cellular response to reactive oxygen species,M1,1,0
1,-4.4,hsa01522,Endocrine resistance,M1,1,0
1,-3.9,GO:0090066,regulation of anatomical structure size,M1,1,0
1,-3.1,GO:0030534,adult behavior,M1,1,0
1,-2.2,GO:1901387,positive regulation of voltage-gated calcium channel activity,M1,1,0
1,-2.8,R-HSA-114608,Platelet degranulation,M1,1,0
1,-4.2,GO:0048762,mesenchymal cell differentiation,M1,1,0
1,-2.3,GO:0043372,"positive regulation of CD4-positive, alpha-beta T cell differentiation",M1,1,0
1,-3.5,WP4808,Endochondral ossification with skeletal dysplasias,M1,1,0
1,-5.2,GO:0030324,lung development,M1,1,0
1,-2.1,R-HSA-9029569,NR1H3 & NR1H2 regulate gene expression linked to cholesterol transport and efflux,M1,1,0
1,-2.4,GO:0002274,myeloid leukocyte activation,M1,1,0
1,-3.5,GO:0034369,plasma lipoprotein particle remodeling,M1,1,0
1,-2.1,GO:0032007,negative regulation of TOR signaling,M1,1,0
1,-7.9,GO:0001936,regulation of endothelial cell proliferation,M1,1,0
1,-3.4,hsa04921,Oxytocin signaling pathway,M1,1,0
1,-3.1,R-HSA-909733,Interferon alpha/beta signaling,M1,1,0
1,-2.1,GO:0015918,sterol transport,M1,1,0
1,-4,GO:0051961,negative regulation of nervous system development,M1,1,0
1,-6.5,GO:0048705,skeletal system morphogenesis,M1,1,0
1,-13,GO:0001501,skeletal system development,M1,1,0
1,-5.4,GO:0021772,olfactory bulb development,M1,1,0
1,-3.7,GO:0043547,positive regulation of GTPase activity,M1,1,0
1,-3.1,GO:0014706,striated muscle tissue development,M1,1,0
1,-3.4,GO:0034367,protein-containing complex remodeling,M1,1,0
1,-3,R-HSA-9702518,STAT5 activation downstream of FLT3 ITD mutants,M1,1,0
1,-4.2,GO:0042102,positive regulation of T cell proliferation,M1,1,0
1,-2.2,GO:0002931,response to ischemia,M1,1,0
1,-2.5,GO:0010955,negative regulation of protein processing,M1,1,0
1,-3.8,R-HSA-1971475,A tetrasaccharide linker sequence is required for GAG synthesis,M1,1,0
1,-2.2,R-HSA-114604,GPVI-mediated activation cascade,M1,1,0
1,-7.9,R-HSA-1280215,Cytokine Signaling in Immune system,M1,1,0
1,-16,GO:0030198,extracellular matrix organization,M1,1,0
1,-3.9,GO:0043370,"regulation of CD4-positive, alpha-beta T cell differentiation",M1,1,0
1,-2.8,GO:2000668,regulation of dendritic cell apoptotic process,M1,1,0
1,-2.9,GO:0050850,positive regulation of calcium-mediated signaling,M1,1,0
1,-2.6,hsa04371,Apelin signaling pathway,M1,1,0
1,-4.1,GO:0001763,morphogenesis of a branching structure,M1,1,0
1,-9,GO:0120039,plasma membrane bounded cell projection morphogenesis,M1,1,0
1,-2.5,GO:0032970,regulation of actin filament-based process,M1,1,0
1,-6.9,WP3932,Focal adhesion: PI3K-Akt-mTOR-signaling pathway,M1,1,0
1,-6.5,WP545,Complement activation,M1,1,0
1,-2.4,GO:0042742,defense response to bacterium,M1,1,0
1,-7.6,R-HSA-216083,Integrin cell surface interactions,M1,1,0
1,-4.2,GO:0090132,epithelium migration,M1,1,0
1,-4.5,WP4963,p53 transcriptional gene network,M1,1,0
1,-6.2,GO:0002449,lymphocyte mediated immunity,M1,1,0
1,-3.4,GO:0007612,learning,M1,1,0
1,-2,GO:0001953,negative regulation of cell-matrix adhesion,M1,1,0
1,-4.3,GO:0045655,regulation of monocyte differentiation,M1,1,0
1,-23,M3008,NABA ECM GLYCOPROTEINS,M1,1,0
1,-3.3,GO:0071356,cellular response to tumor necrosis factor,M1,1,0
1,-3.3,GO:0050803,regulation of synapse structure or activity,M1,1,0
1,-2.8,GO:0048771,tissue remodeling,M1,1,0
1,-5.2,GO:0070141,response to UV-A,M1,1,0
1,-3.6,GO:0070167,regulation of biomineral tissue development,M1,1,0
1,-2.6,GO:0014066,regulation of phosphatidylinositol 3-kinase signaling,M1,1,0
1,-5.6,GO:0071276,cellular response to cadmium ion,M1,1,0
1,-2.1,GO:0032376,positive regulation of cholesterol transport,M1,1,0
1,-4.2,GO:0007565,female pregnancy,M1,1,0
1,-3.1,GO:0046637,regulation of alpha-beta T cell differentiation,M1,1,0
1,-2,GO:0060218,hematopoietic stem cell differentiation,M1,1,0
1,-5.3,GO:0007264,small GTPase mediated signal transduction,M1,1,0
1,-2.6,GO:0032414,positive regulation of ion transmembrane transporter activity,M1,1,0
1,-2.4,WP4747,Netrin-UNC5B signaling pathway,M1,1,0
1,-4.2,GO:0048880,sensory system development,M1,1,0
1,-3.4,M198,PID SYNDECAN 1 PATHWAY,M1,1,0
1,-3.2,GO:0046660,female sex differentiation,M1,1,0
1,-2,GO:0061024,membrane organization,M1,1,0
1,-4,GO:0043434,response to peptide hormone,M1,1,0
1,-2.7,GO:0048738,cardiac muscle tissue development,M1,1,0
1,-2.6,GO:0001816,cytokine production,M1,1,0
1,-2.8,GO:0090023,positive regulation of neutrophil chemotaxis,M1,1,0
1,-2.2,GO:0018212,peptidyl-tyrosine modification,M1,1,0
1,-5.2,M5882,NABA PROTEOGLYCANS,M1,1,0
1,-10,GO:0000902,cell morphogenesis,M1,1,0
1,-3,R-HSA-372790,Signaling by GPCR,M1,1,0
1,-4.5,GO:0048251,elastic fiber assembly,M1,1,0
1,-2.5,GO:2000117,negative regulation of cysteine-type endopeptidase activity,M1,1,0
1,-2.3,WP4493,Cells and molecules involved in local acute inflammatory response,M1,1,0
1,-9.6,WP5115,Network map of SARS-CoV-2 signaling pathway,M1,1,0
1,-30,M5884,NABA CORE MATRISOME,M1,1,0
1,-2.3,GO:1902624,positive regulation of neutrophil migration,M1,1,0
1,-7,GO:0050778,positive regulation of immune response,M1,1,0
1,-6.2,GO:0010043,response to zinc ion,M1,1,0
1,-2.2,GO:0043470,regulation of carbohydrate catabolic process,M1,1,0
1,-2.8,hsa04020,Calcium signaling pathway,M1,1,0
1,-2.5,GO:0060043,regulation of cardiac muscle cell proliferation,M1,1,0
1,-2.7,M54,PID IL12 2PATHWAY,M1,1,0
1,-4,GO:0008361,regulation of cell size,M1,1,0
1,-3.9,GO:0071711,basement membrane organization,M1,1,0
1,-10,GO:0002683,negative regulation of immune system process,M1,1,0
1,-3.1,WP382,MAPK signaling pathway,M1,1,0
1,-3.2,GO:0050774,negative regulation of dendrite morphogenesis,M1,1,0
1,-2.1,hsa00532,Glycosaminoglycan biosynthesis - chondroitin sulfate / dermatan sulfate,M1,1,0
1,-2.1,GO:0030166,proteoglycan biosynthetic process,M1,1,0
1,-2.3,hsa04934,Cushing syndrome,M1,1,0
1,-3.2,R-HSA-3560801,Defective B3GAT3 causes JDSSDHD,M1,1,0
1,-12,GO:0007507,heart development,M1,1,0
1,-7.1,GO:0001822,kidney development,M1,1,0
1,-3.6,GO:0010950,positive regulation of endopeptidase activity,M1,1,0
1,-2.2,GO:0110020,regulation of actomyosin structure organization,M1,1,0
1,-3.9,GO:1904062,regulation of monoatomic cation transmembrane transport,M1,1,0
1,-2.1,GO:0090263,positive regulation of canonical Wnt signaling pathway,M1,1,0
1,-6,GO:0070374,positive regulation of ERK1 and ERK2 cascade,M1,1,0
1,-2.7,R-HSA-388396,GPCR downstream signalling,M1,1,0
1,-2.5,GO:0030509,BMP signaling pathway,M1,1,0
1,-2.1,GO:0003180,aortic valve morphogenesis,M1,1,0
1,-2.9,GO:0048872,homeostasis of number of cells,M1,1,0
1,-11,GO:0010975,regulation of neuron projection development,M1,1,0
1,-2.2,R-HSA-422475,Axon guidance,M1,1,0
1,-2.3,R-HSA-1592389,Activation of Matrix Metalloproteinases,M1,1,0
1,-8.5,GO:1901699,cellular response to nitrogen compound,M1,1,0
1,-13,M167,PID AP1 PATHWAY,M1,1,0
1,-2.3,GO:0002269,leukocyte activation involved in inflammatory response,M1,1,0
1,-2.2,GO:0048048,embryonic eye morphogenesis,M1,1,0
1,-3.9,GO:0014033,neural crest cell differentiation,M1,1,0
1,-4.4,GO:0051146,striated muscle cell differentiation,M1,1,0
1,-4,GO:0045087,innate immune response,M1,1,0
1,-7.8,WP4172,PI3K-Akt signaling pathway,M1,1,0
1,-2.6,GO:0030890,positive regulation of B cell proliferation,M1,1,0
1,-6.7,GO:0002253,activation of immune response,M1,1,0
1,-3.3,GO:1903242,regulation of cardiac muscle hypertrophy in response to stress,M1,1,0
1,-3.6,GO:0010959,regulation of metal ion transport,M1,1,0
1,-3,R-HSA-1638091,Heparan sulfate/heparin (HS-GAG) metabolism,M1,1,0
1,-2.2,GO:0002693,positive regulation of cellular extravasation,M1,1,0
1,-2.2,GO:0009117,nucleotide metabolic process,M1,1,0
1,-5.8,GO:0031346,positive regulation of cell projection organization,M1,1,0
1,-4.1,R-HSA-913531,Interferon Signaling,M1,1,0
1,-2.6,GO:0032370,positive regulation of lipid transport,M1,1,0
1,-7.7,hsa04015,Rap1 signaling pathway,M1,1,0
1,-4.9,GO:0051924,regulation of calcium ion transport,M1,1,0
1,-2.5,GO:0006110,regulation of glycolytic process,M1,1,0
1,-2.9,WP4830,GDNF/RET signaling axis,M1,1,0
1,-4.1,GO:0048512,circadian behavior,M1,1,0
1,-5.7,GO:1901655,cellular response to ketone,M1,1,0
1,-4,GO:0070555,response to interleukin-1,M1,1,0
1,-2.4,GO:0060759,regulation of response to cytokine stimulus,M1,1,0
1,-3.6,GO:0030500,regulation of bone mineralization,M1,1,0
1,-2.8,GO:0031349,positive regulation of defense response,M1,1,0
1,-3.2,GO:0051963,regulation of synapse assembly,M1,1,0
1,-3.3,GO:0060346,bone trabecula formation,M1,1,0
1,-3.2,GO:0002501,peptide antigen assembly with MHC protein complex,M1,1,0
1,-2.5,GO:1990089,response to nerve growth factor,M1,1,0
1,-6.6,hsa04510,Focal adhesion,M1,1,0
1,-5.7,GO:0036294,cellular response to decreased oxygen levels,M1,1,0
1,-3.2,GO:0042110,T cell activation,M1,1,0
1,-6.9,GO:0051251,positive regulation of lymphocyte activation,M1,1,0
1,-2.3,GO:0010763,positive regulation of fibroblast migration,M1,1,0
1,-2,GO:1901136,carbohydrate derivative catabolic process,M1,1,0
1,-7.5,GO:0008283,cell population proliferation,M1,1,0
1,-3.6,GO:0060412,ventricular septum morphogenesis,M1,1,0
1,-2.1,GO:0042509,regulation of tyrosine phosphorylation of STAT protein,M1,1,0
1,-7.1,WP3611,Photodynamic therapy-induced AP-1 survival signaling,M1,1,0
1,-2.5,GO:0006812,monoatomic cation transport,M1,1,0
1,-6.1,GO:0050670,regulation of lymphocyte proliferation,M1,1,0
1,-5.2,GO:0071453,cellular response to oxygen levels,M1,1,0
1,-5.3,R-HSA-977606,Regulation of Complement cascade,M1,1,0
1,-2.5,GO:1902893,regulation of miRNA transcription,M1,1,0
1,-3.2,GO:0009615,response to virus,M1,1,0
1,-4.4,GO:0002062,chondrocyte differentiation,M1,1,0
1,-2.5,GO:0090504,epiboly,M1,1,0
1,-5.7,GO:0030162,regulation of proteolysis,M1,1,0
1,-5.3,GO:0009411,response to UV,M1,1,0
1,-7.8,GO:0022407,regulation of cell-cell adhesion,M1,1,0
1,-3.5,GO:0090027,negative regulation of monocyte chemotaxis,M1,1,0
1,-2.9,GO:0043270,positive regulation of monoatomic ion transport,M1,1,0
1,-3.5,GO:0048009,insulin-like growth factor receptor signaling pathway,M1,1,0
1,-4,WP3529,Zinc homeostasis,M1,1,0
1,-2,GO:0002042,cell migration involved in sprouting angiogenesis,M1,1,0
1,-2.4,R-HSA-1980143,Signaling by NOTCH1,M1,1,0
1,-2.3,GO:0046620,regulation of organ growth,M1,1,0
1,-2.2,GO:0051968,"positive regulation of synaptic transmission, glutamatergic",M1,1,0
1,-15,GO:2000146,negative regulation of cell motility,M1,1,0
1,-3.8,GO:0010633,negative regulation of epithelial cell migration,M1,1,0
1,-3.4,GO:0006641,triglyceride metabolic process,M1,1,0
1,-2.6,GO:1904321,response to forskolin,M1,1,0
1,-2.7,GO:0044843,cell cycle G1/S phase transition,M1,1,0
1,-6.4,GO:0048729,tissue morphogenesis,M1,1,0
1,-2.4,WP5122,Prostaglandin and leukotriene metabolism in senescence,M1,1,0
1,-3.5,GO:0034767,positive regulation of monoatomic ion transmembrane transport,M1,1,0
1,-11,GO:0045765,regulation of angiogenesis,M1,1,0
1,-2.1,GO:0050852,T cell receptor signaling pathway,M1,1,0
1,-11,GO:0009725,response to hormone,M1,1,0
1,-4.1,R-HSA-9018519,Estrogen-dependent gene expression,M1,1,0
1,-3.6,GO:0007611,learning or memory,M1,1,0
1,-4.8,GO:0061458,reproductive system development,M1,1,0
1,-3.1,GO:1904645,response to amyloid-beta,M1,1,0
1,-2.6,GO:0090257,regulation of muscle system process,M1,1,0
1,-11,GO:0120035,regulation of plasma membrane bounded cell projection organization,M1,1,0
1,-2.4,R-HSA-9703648,Signaling by FLT3 ITD and TKD mutants,M1,1,0
1,-3.4,hsa05210,Colorectal cancer,M1,1,0
1,-3.5,WP474,Endochondral ossification,M1,1,0
1,-2.6,GO:0045165,cell fate commitment,M1,1,0
1,-3.9,GO:0001764,neuron migration,M1,1,0
1,-4.3,GO:0048639,positive regulation of developmental growth,M1,1,0
1,-4.3,GO:0010631,epithelial cell migration,M1,1,0
1,-7.1,GO:0090287,regulation of cellular response to growth factor stimulus,M1,1,0
1,-2.5,WP2880,Glucocorticoid receptor pathway,M1,1,0
1,-4,GO:1901653,cellular response to peptide,M1,1,0
1,-6.2,GO:0060560,developmental growth involved in morphogenesis,M1,1,0
1,-3,GO:0045657,positive regulation of monocyte differentiation,M1,1,0
1,-2.9,GO:0048593,camera-type eye morphogenesis,M1,1,0
1,-8.3,GO:2001236,regulation of extrinsic apoptotic signaling pathway,M1,1,0
1,-5.7,GO:0050769,positive regulation of neurogenesis,M1,1,0
1,-2.5,WP3942,PPAR signaling pathway,M1,1,0
1,-2.1,GO:0008544,epidermis development,M1,1,0
1,-2.2,R-HSA-6806834,Signaling by MET,M1,1,0
1,-4.6,GO:0010755,regulation of plasminogen activation,M1,1,0
1,-4.2,GO:0010224,response to UV-B,M1,1,0
1,-2.4,GO:0032355,response to estradiol,M1,1,0
1,-2.8,hsa05332,Graft-versus-host disease,M1,1,0
1,-18,R-HSA-1474244,Extracellular matrix organization,M1,1,0
1,-5.3,GO:0002443,leukocyte mediated immunity,M1,1,0
1,-2.7,GO:0010875,positive regulation of cholesterol efflux,M1,1,0
1,-2.6,GO:0050777,negative regulation of immune response,M1,1,0
1,-3.2,GO:0010616,negative regulation of cardiac muscle adaptation,M1,1,0
1,-3.1,GO:0033135,regulation of peptidyl-serine phosphorylation,M1,1,0
1,-2.1,GO:0090087,regulation of peptide transport,M1,1,0
1,-2.1,GO:0010001,glial cell differentiation,M1,1,0
1,-2.5,GO:1902166,negative regulation of intrinsic apoptotic signaling pathway in response to DNA damage by p53 class mediator,M1,1,0
1,-2.8,hsa04014,Ras signaling pathway,M1,1,0
1,-3.5,M3005,NABA COLLAGENS,M1,1,0
1,-5,GO:0045927,positive regulation of growth,M1,1,0
1,-2.1,GO:0006753,nucleoside phosphate metabolic process,M1,1,0
1,-2.9,GO:0048568,embryonic organ development,M1,1,0
1,-3.4,GO:0019216,regulation of lipid metabolic process,M1,1,0
1,-2.2,GO:0046486,glycerolipid metabolic process,M1,1,0
1,-6.7,WP306,Focal adhesion,M1,1,0
1,-2.6,M5493,WNT SIGNALING,M1,1,0
1,-3,WP4222,Phosphodiesterases in neuronal function,M1,1,0
1,-3.5,GO:0044706,multi-multicellular organism process,M1,1,0
1,-3.1,GO:0051897,positive regulation of protein kinase B signaling,M1,1,0
1,-3.4,GO:0010712,regulation of collagen metabolic process,M1,1,0
1,-7.5,GO:0072001,renal system development,M1,1,0
1,-9.3,R-HSA-3000178,ECM proteoglycans,M1,1,0
1,-4.5,GO:0050923,regulation of negative chemotaxis,M1,1,0
1,-2.1,GO:0060042,retina morphogenesis in camera-type eye,M1,1,0
1,-5.4,hsa04978,Mineral absorption,M1,1,0
1,-2.6,GO:0050930,induction of positive chemotaxis,M1,1,0
1,-5.7,GO:0043405,regulation of MAP kinase activity,M1,1,0
1,-2.1,GO:0043433,negative regulation of DNA-binding transcription factor activity,M1,1,0
1,-2.5,R-HSA-111885,Opioid Signalling,M1,1,0
1,-5.4,WP2881,Estrogen receptor pathway,M1,1,0
1,-5.7,GO:0031960,response to corticosteroid,M1,1,0
1,-4.1,GO:1903530,regulation of secretion by cell,M1,1,0
1,-2.4,R-HSA-71387,Metabolism of carbohydrates,M1,1,0
1,-3.3,R-HSA-202430,Translocation of ZAP-70 to Immunological synapse,M1,1,0
1,-2.5,WP2355,Corticotropin-releasing hormone signaling pathway,M1,1,0
1,-5.4,GO:0050919,negative chemotaxis,M1,1,0
1,-4.4,GO:0014911,positive regulation of smooth muscle cell migration,M1,1,0
1,-3.8,GO:0030307,positive regulation of cell growth,M1,1,0
1,-2.2,GO:0030224,monocyte differentiation,M1,1,0
1,-6.7,GO:0007162,negative regulation of cell adhesion,M1,1,0
1,-2.8,GO:1901343,negative regulation of vasculature development,M1,1,0
1,-2,GO:0071392,cellular response to estradiol stimulus,M1,1,0
1,-2.7,GO:0006584,catecholamine metabolic process,M1,1,0
1,-2.2,GO:0010876,lipid localization,M1,1,0
1,-6,GO:0048871,multicellular organismal homeostasis,M1,1,0
1,-3.2,GO:0006026,aminoglycan catabolic process,M1,1,0
1,-2.2,hsa05206,MicroRNAs in cancer,M1,1,0
1,-2.8,GO:0150115,cell-substrate junction organization,M1,1,0
1,-3.6,GO:0045667,regulation of osteoblast differentiation,M1,1,0
1,-3,GO:0061900,glial cell activation,M1,1,0
1,-3.9,hsa04115,p53 signaling pathway,M1,1,0
1,-2.7,GO:0051604,protein maturation,M1,1,0
1,-4.4,GO:0048661,positive regulation of smooth muscle cell proliferation,M1,1,0
1,-2.7,GO:0060402,calcium ion transport into cytosol,M1,1,0
1,-3.7,GO:0055001,muscle cell development,M1,1,0
1,-2.2,GO:0061387,regulation of extent of cell growth,M1,1,0
1,-3.1,GO:0070886,positive regulation of calcineurin-NFAT signaling cascade,M1,1,0
1,-2.6,GO:1901021,positive regulation of calcium ion transmembrane transporter activity,M1,1,0
1,-4.1,GO:0001890,placenta development,M1,1,0
1,-2.2,GO:0051004,regulation of lipoprotein lipase activity,M1,1,0
1,-4.2,GO:0007626,locomotory behavior,M1,1,0
1,-4.2,M15,PID LYSOPHOSPHOLIPID PATHWAY,M1,1,0
1,-3,hsa05414,Dilated cardiomyopathy,M1,1,0
1,-5.6,GO:0048545,response to steroid hormone,M1,1,0
1,-3,WP2806,Complement system,M1,1,0
1,-6.5,GO:1903039,positive regulation of leukocyte cell-cell adhesion,M1,1,0
1,-6.5,GO:0002761,regulation of myeloid leukocyte differentiation,M1,1,0
1,-2.9,GO:0019882,antigen processing and presentation,M1,1,0
1,-2.4,hsa04925,Aldosterone synthesis and secretion,M1,1,0
1,-2.3,R-HSA-8963899,Plasma lipoprotein remodeling,M1,1,0
1,-2.4,GO:2001238,positive regulation of extrinsic apoptotic signaling pathway,M1,1,0
1,-4.4,R-HSA-2022090,Assembly of collagen fibrils and other multimeric structures,M1,1,0
1,-5.6,GO:0032102,negative regulation of response to external stimulus,M1,1,0
1,-6.3,GO:0050730,regulation of peptidyl-tyrosine phosphorylation,M1,1,0
1,-4.7,GO:0071396,cellular response to lipid,M1,1,0
1,-2.4,GO:0032873,negative regulation of stress-activated MAPK cascade,M1,1,0
1,-4.8,hsa04926,Relaxin signaling pathway,M1,1,0
1,-2.7,GO:0001101,response to acid chemical,M1,1,0
1,-6.4,GO:0071676,negative regulation of mononuclear cell migration,M1,1,0
1,-4.3,WP3297,EV release from cardiac cells and their functional effects,M1,1,0
1,-3.9,WP4216,Chromosomal and microsatellite instability in colorectal cancer,M1,1,0
1,-3.4,GO:0032874,positive regulation of stress-activated MAPK cascade,M1,1,0
1,-2.1,GO:0098662,inorganic cation transmembrane transport,M1,1,0
1,-2.9,GO:0002757,immune response-activating signaling pathway,M1,1,0
1,-4.1,GO:0045475,locomotor rhythm,M1,1,0
1,-2.9,WP5265,Neurogenesis regulation in the olfactory epithelium,M1,1,0
1,-8.1,GO:0071560,cellular response to transforming growth factor beta stimulus,M1,1,0
1,-2.1,GO:0002791,regulation of peptide secretion,M1,1,0
1,-2.2,GO:0061081,positive regulation of myeloid leukocyte cytokine production involved in immune response,M1,1,0
1,-4.6,GO:0085029,extracellular matrix assembly,M1,1,0
1,-3.8,GO:0071695,anatomical structure maturation,M1,1,0
1,-3.1,GO:0016485,protein processing,M1,1,0
1,-4.9,GO:1902229,regulation of intrinsic apoptotic signaling pathway in response to DNA damage,M1,1,0
1,-4.1,hsa04380,Osteoclast differentiation,M1,1,0
1,-6.6,GO:0016064,immunoglobulin mediated immune response,M1,1,0
1,-6.7,GO:0050922,negative regulation of chemotaxis,M1,1,0
1,-3.3,GO:0022602,ovulation cycle process,M1,1,0
1,-2.1,GO:0051385,response to mineralocorticoid,M1,1,0
1,-2.5,GO:0097746,blood vessel diameter maintenance,M1,1,0
1,-3,GO:0090594,inflammatory response to wounding,M1,1,0
1,-2.1,GO:0050804,modulation of chemical synaptic transmission,M1,1,0
1,-3.4,GO:0050807,regulation of synapse organization,M1,1,0
1,-3.5,hsa04974,Protein digestion and absorption,M1,1,0
1,-6.2,GO:0007610,behavior,M1,1,0
1,-2.2,GO:0097202,activation of cysteine-type endopeptidase activity,M1,1,0
1,-2.3,GO:0002244,hematopoietic progenitor cell differentiation,M1,1,0
1,-2.5,GO:0045747,positive regulation of Notch signaling pathway,M1,1,0
1,-2.5,GO:0051492,regulation of stress fiber assembly,M1,1,0
1,-2,hsa04936,Alcoholic liver disease,M1,1,0
1,-2.2,GO:2000628,regulation of miRNA metabolic process,M1,1,0
1,-2.7,GO:0072163,mesonephric epithelium development,M1,1,0
1,-4,GO:0043524,negative regulation of neuron apoptotic process,M1,1,0
1,-2.2,WP437,EGF/EGFR signaling pathway,M1,1,0
1,-4.8,GO:0031347,regulation of defense response,M1,1,0
1,-2,GO:0007263,nitric oxide mediated signal transduction,M1,1,0
1,-2.5,GO:0009791,post-embryonic development,M1,1,0
1,-3.5,GO:0022612,gland morphogenesis,M1,1,0
1,-2.1,GO:0006941,striated muscle contraction,M1,1,0
1,-2.8,GO:0002706,regulation of lymphocyte mediated immunity,M1,1,0
1,-8.4,GO:0007160,cell-matrix adhesion,M1,1,0
1,-2.3,hsa04972,Pancreatic secretion,M1,1,0
1,-6.1,R-HSA-5083635,Defective B3GALTL causes PpS,M1,1,0
1,-4.7,GO:0014910,regulation of smooth muscle cell migration,M1,1,0
1,-2.3,GO:1901797,negative regulation of signal transduction by p53 class mediator,M1,1,0
1,-3.3,GO:0072073,kidney epithelium development,M1,1,0
1,-14,M5885,NABA MATRISOME ASSOCIATED,M1,1,0
1,-3.3,GO:0045906,negative regulation of vasoconstriction,M1,1,0
1,-2.6,GO:0060976,coronary vasculature development,M1,1,0
1,-2.6,GO:0032956,regulation of actin cytoskeleton organization,M1,1,0
1,-5.3,WP3594,Circadian rhythm genes,M1,1,0
1,-4.7,GO:0048638,regulation of developmental growth,M1,1,0
1,-5.6,GO:0003007,heart morphogenesis,M1,1,0
1,-2.8,GO:1901796,regulation of signal transduction by p53 class mediator,M1,1,0
1,-4.5,GO:0050731,positive regulation of peptidyl-tyrosine phosphorylation,M1,1,0
1,-5.8,GO:0019935,cyclic-nucleotide-mediated signaling,M1,1,0
1,-13,WP5055,Burn wound healing,M1,1,0
1,-3.6,R-HSA-198725,Nuclear Events (kinase and transcription factor activation),M1,1,0
1,-2,GO:0070977,bone maturation,M1,1,0
1,-2.2,GO:0002821,positive regulation of adaptive immune response,M1,1,0
1,-3.7,GO:0009792,embryo development ending in birth or egg hatching,M1,1,0
1,-4.5,GO:1903708,positive regulation of hemopoiesis,M1,1,0
1,-2.6,R-HSA-3656237,Defective EXT2 causes exostoses 2,M1,1,0
1,-4.9,GO:0048608,reproductive structure development,M1,1,0
1,-2.7,GO:0097553,calcium ion transmembrane import into cytosol,M1,1,0
1,-2.9,GO:1901019,regulation of calcium ion transmembrane transporter activity,M1,1,0
1,-2.2,GO:0060716,labyrinthine layer blood vessel development,M1,1,0
1,-3.8,GO:0032570,response to progesterone,M1,1,0
1,-8.9,GO:0048667,cell morphogenesis involved in neuron differentiation,M1,1,0
1,-7.1,M5883,NABA SECRETED FACTORS,M1,1,0
1,-3.9,WP5097,CCL18 signaling pathway,M1,1,0
1,-2.6,GO:0071825,protein-lipid complex subunit organization,M1,1,0
1,-3.5,GO:0014012,peripheral nervous system axon regeneration,M1,1,0
1,-2.4,GO:0098754,detoxification,M1,1,0
1,-2.4,M290,PID IL12 STAT4 PATHWAY,M1,1,0
1,-3.3,WP3967,miR-509-3p alteration of YAP1/ECM axis,M1,1,0
1,-13,GO:0048589,developmental growth,M1,1,0
1,-3.4,GO:0035265,organ growth,M1,1,0
1,-4.9,GO:0007158,neuron cell-cell adhesion,M1,1,0
1,-2.6,M272,PID CD8 TCR DOWNSTREAM PATHWAY,M1,1,0
1,-2.5,hsa05030,Cocaine addiction,M1,1,0
1,-2.5,GO:0035296,regulation of tube diameter,M1,1,0
1,-2.8,GO:0045580,regulation of T cell differentiation,M1,1,0
1,-5.5,hsa05200,Pathways in cancer,M1,1,0
1,-3,hsa05216,Thyroid cancer,M1,1,0
1,-2.5,hsa05222,Small cell lung cancer,M1,1,0
1,-2.7,GO:0072006,nephron development,M1,1,0
1,-3.2,GO:0006469,negative regulation of protein kinase activity,M1,1,0
1,-2.3,M277,PID INTEGRIN A4B1 PATHWAY,M1,1,0
1,-2.3,GO:0048260,positive regulation of receptor-mediated endocytosis,M1,1,0
1,-2.2,GO:0010738,regulation of protein kinase A signaling,M1,1,0
1,-2.8,GO:0050851,antigen receptor-mediated signaling pathway,M1,1,0
1,-3.2,R-HSA-2022870,Chondroitin sulfate biosynthesis,M1,1,0
1,-2,GO:1901615,organic hydroxy compound metabolic process,M1,1,0
1,-4.2,GO:0010563,negative regulation of phosphorus metabolic process,M1,1,0
1,-3.5,GO:0045137,development of primary sexual characteristics,M1,1,0
1,-5.2,GO:0060840,artery development,M1,1,0
1,-3.1,GO:0106030,neuron projection fasciculation,M1,1,0
1,-2.5,WP129,Matrix metalloproteinases,M1,1,0
1,-3.3,WP4149,White fat cell differentiation,M1,1,0
1,-2.4,GO:0071901,negative regulation of protein serine/threonine kinase activity,M1,1,0
1,-2.6,GO:0042063,gliogenesis,M1,1,0
1,-3,GO:0060349,bone morphogenesis,M1,1,0
1,-3.5,M169,PID INTEGRIN2 PATHWAY,M1,1,0
1,-2.5,GO:0006638,neutral lipid metabolic process,M1,1,0
1,-4.2,GO:0045936,negative regulation of phosphate metabolic process,M1,1,0
1,-3.9,hsa04912,GnRH signaling pathway,M1,1,0
1,-2.5,GO:0019884,antigen processing and presentation of exogenous antigen,M1,1,0
1,-2.6,GO:0014909,smooth muscle cell migration,M1,1,0
1,-3.9,GO:0098771,inorganic ion homeostasis,M1,1,0
1,-3.7,GO:0050772,positive regulation of axonogenesis,M1,1,0
1,-4.4,M223,PID BETA CATENIN NUC PATHWAY,M1,1,0
1,-2.4,GO:0010466,negative regulation of peptidase activity,M1,1,0
1,-3.3,GO:0006109,regulation of carbohydrate metabolic process,M1,1,0
1,-4.1,GO:1902617,response to fluoride,M1,1,0
1,-2.4,GO:0051101,regulation of DNA binding,M1,1,0
1,-4,WP3286,Copper homeostasis,M1,1,0
1,-4.9,GO:0003206,cardiac chamber morphogenesis,M1,1,0
1,-2.9,hsa04145,Phagosome,M1,1,0
1,-2.9,GO:0009187,cyclic nucleotide metabolic process,M1,1,0
1,-2.1,GO:0043122,regulation of I-kappaB kinase/NF-kappaB signaling,M1,1,0
1,-2.8,GO:0006897,endocytosis,M1,1,0
1,-2.5,R-HSA-187037,Signaling by NTRK1 (TRKA),M1,1,0
1,-5.1,hsa05171,Coronavirus disease - COVID-19,M1,1,0
1,-4,GO:0048844,artery morphogenesis,M1,1,0
1,-4.4,GO:2001222,regulation of neuron migration,M1,1,0
1,-2.7,GO:0014812,muscle cell migration,M1,1,0
1,-4,GO:0051591,response to cAMP,M1,1,0
1,-3,GO:0060562,epithelial tube morphogenesis,M1,1,0
1,-2.7,GO:0050926,regulation of positive chemotaxis,M1,1,0
1,-2.5,WP4685,Melanoma,M1,1,0
1,-6.6,GO:1903706,regulation of hemopoiesis,M1,1,0
1,-2.7,GO:0048813,dendrite morphogenesis,M1,1,0
1,-4.9,hsa04928,"Parathyroid hormone synthesis, secretion and action",M1,1,0
1,-5.5,GO:1902106,negative regulation of leukocyte differentiation,M1,1,0
1,-2.1,GO:0002768,immune response-regulating cell surface receptor signaling pathway,M1,1,0
1,-2.7,GO:0009081,branched-chain amino acid metabolic process,M1,1,0
1,-2,GO:0044770,cell cycle phase transition,M1,1,0
1,-2.9,GO:0014032,neural crest cell development,M1,1,0
1,-2.7,GO:0002753,cytosolic pattern recognition receptor signaling pathway,M1,1,0
1,-2.6,R-HSA-3656253,"Defective EXT1 causes exostoses 1, TRPS2 and CHDS",M1,1,0
1,-2.2,GO:1990748,cellular detoxification,M1,1,0
1,-2.2,GO:0010559,regulation of glycoprotein biosynthetic process,M1,1,0
1,-4.7,GO:0048660,regulation of smooth muscle cell proliferation,M1,1,0
1,-5.5,GO:0001933,negative regulation of protein phosphorylation,M1,1,0
1,-2.5,M236,PID DELTA NP63 PATHWAY,M1,1,0
1,-5.5,hsa04658,Th1 and Th2 cell differentiation,M1,1,0
1,-7,GO:0061061,muscle structure development,M1,1,0
1,-3.9,GO:0003401,axis elongation,M1,1,0
1,-4.3,GO:0002495,antigen processing and presentation of peptide antigen via MHC class II,M1,1,0
1,-8.8,GO:0061448,connective tissue development,M1,1,0
1,-2.9,GO:0048732,gland development,M1,1,0
1,-3.4,GO:0030728,ovulation,M1,1,0
1,-2,WP4564,Neural crest cell migration during development,M1,1,0
1,-6.8,GO:2001237,negative regulation of extrinsic apoptotic signaling pathway,M1,1,0
1,-2.4,GO:0002758,innate immune response-activating signaling pathway,M1,1,0
1,-4.8,R-HSA-3000170,Syndecan interactions,M1,1,0
1,-6,GO:0071280,cellular response to copper ion,M1,1,0
1,-10,GO:0010035,response to inorganic substance,M1,1,0
1,-2.8,GO:1904177,regulation of adipose tissue development,M1,1,0
1,-9.7,GO:0061564,axon development,M1,1,0
1,-2.8,GO:2000181,negative regulation of blood vessel morphogenesis,M1,1,0
1,-2.2,GO:0070227,lymphocyte apoptotic process,M1,1,0
1,-3.2,GO:0050708,regulation of protein secretion,M1,1,0
1,-2.7,GO:0014013,regulation of gliogenesis,M1,1,0
1,-2.4,R-HSA-210744,Regulation of gene expression in late stage (branching morphogenesis) pancreatic bud precursor cells,M1,1,0
1,-11,GO:1901342,regulation of vasculature development,M1,1,0
1,-4.7,GO:0044057,regulation of system process,M1,1,0
1,-2.1,hsa04270,Vascular smooth muscle contraction,M1,1,0
1,-2.6,GO:1905954,positive regulation of lipid localization,M1,1,0
1,-5.3,GO:0010632,regulation of epithelial cell migration,M1,1,0
1,-3.1,GO:0097435,supramolecular fiber organization,M1,1,0
1,-4.6,hsa04668,TNF signaling pathway,M1,1,0
1,-5.5,GO:0002040,sprouting angiogenesis,M1,1,0
1,-10,GO:0006935,chemotaxis,M1,1,0
1,-16,GO:0045229,external encapsulating structure organization,M1,1,0
1,-3.4,GO:0019886,antigen processing and presentation of exogenous peptide antigen via MHC class II,M1,1,0
1,-2.2,GO:0001755,neural crest cell migration,M1,1,0
1,-4.8,GO:0070302,regulation of stress-activated protein kinase signaling cascade,M1,1,0
1,-2.5,M120,PID ARF6 DOWNSTREAM PATHWAY,M1,1,0
1,-9.4,GO:0008285,negative regulation of cell population proliferation,M1,1,0
1,-2.1,GO:0022029,telencephalon cell migration,M1,1,0
1,-3.4,GO:0003254,regulation of membrane depolarization,M1,1,0
1,-3.2,GO:0046635,positive regulation of alpha-beta T cell activation,M1,1,0
1,-11,GO:0036293,response to decreased oxygen levels,M1,1,0
1,-13,GO:0040017,positive regulation of locomotion,M1,1,0
1,-2.1,GO:0015850,organic hydroxy compound transport,M1,1,0
1,-2.1,GO:0046676,negative regulation of insulin secretion,M1,1,0
1,-6.7,GO:0051347,positive regulation of transferase activity,M1,1,0
1,-3.4,GO:0048706,embryonic skeletal system development,M1,1,0
1,-8,GO:0007178,transmembrane receptor protein serine/threonine kinase signaling pathway,M1,1,0
1,-7.3,GO:0006956,complement activation,M1,1,0
1,-3.8,hsa04350,TGF-beta signaling pathway,M1,1,0
1,-5.7,GO:1902230,negative regulation of intrinsic apoptotic signaling pathway in response to DNA damage,M1,1,0
1,-2.2,R-HSA-168643,"Nucleotide-binding domain, leucine rich repeat containing receptor (NLR) signaling pathways",M1,1,0
1,-6.4,GO:0070665,positive regulation of leukocyte proliferation,M1,1,0
1,-4.3,GO:0003205,cardiac chamber development,M1,1,0
1,-3.4,GO:0140058,neuron projection arborization,M1,1,0
1,-3.3,GO:0034138,toll-like receptor 3 signaling pathway,M1,1,0
1,-2.7,GO:0071548,response to dexamethasone,M1,1,0
1,-7.5,GO:0008015,blood circulation,M1,1,0
1,-2.1,GO:0010935,regulation of macrophage cytokine production,M1,1,0
1,-2.9,WP127,IL-5 signaling pathway,M1,1,0
1,-2.6,M295,SIG PIP3 SIGNALING IN CARDIAC MYOCTES,M1,1,0
1,-3.9,WP2814,Mammary gland development pathway - Puberty (Stage 2 of 4),M1,1,0
1,-2.4,GO:0090136,epithelial cell-cell adhesion,M1,1,0
1,-3.4,R-HSA-8874081,MET activates PTK2 signaling,M1,1,0
1,-4.4,GO:0032963,collagen metabolic process,M1,1,0
1,-3,GO:0097306,cellular response to alcohol,M1,1,0
1,-2.2,GO:0051092,positive regulation of NF-kappaB transcription factor activity,M1,1,0
1,-2.4,GO:0035966,response to topologically incorrect protein,M1,1,0
1,-2.2,GO:0043331,response to dsRNA,M1,1,0
1,-2.1,GO:0000768,syncytium formation by plasma membrane fusion,M1,1,0
1,-7.5,GO:0008038,neuron recognition,M1,1,0
1,-2.8,GO:0045649,regulation of macrophage differentiation,M1,1,0
1,-3.1,GO:0070169,positive regulation of biomineral tissue development,M1,1,0
1,-2.5,GO:1903318,negative regulation of protein maturation,M1,1,0
1,-8.5,GO:0019932,second-messenger-mediated signaling,M1,1,0
1,-2.3,GO:0021542,dentate gyrus development,M1,1,0
1,-2.8,GO:0097084,vascular associated smooth muscle cell development,M1,1,0
1,-2.4,WP4928,MAPK pathway in congenital thyroid cancer,M1,1,0
1,-3.4,GO:0150117,positive regulation of cell-substrate junction organization,M1,1,0
1,-3.3,GO:0002699,positive regulation of immune effector process,M1,1,0
1,-2,GO:0021782,glial cell development,M1,1,0
1,-5,GO:1903169,regulation of calcium ion transmembrane transport,M1,1,0
1,-3.2,GO:0002396,MHC protein complex assembly,M1,1,0
1,-3.4,GO:0032368,regulation of lipid transport,M1,1,0
1,-3.3,GO:0010976,positive regulation of neuron projection development,M1,1,0
1,-11,GO:0031344,regulation of cell projection organization,M1,1,0
1,-3,hsa05215,Prostate cancer,M1,1,0
1,-2.1,GO:0050853,B cell receptor signaling pathway,M1,1,0
1,-5.3,GO:0002690,positive regulation of leukocyte chemotaxis,M1,1,0
1,-3.1,GO:0031669,cellular response to nutrient levels,M1,1,0
1,-3.4,GO:0044344,cellular response to fibroblast growth factor stimulus,M1,1,0
1,-4.4,GO:0030278,regulation of ossification,M1,1,0
1,-2.4,GO:0045651,positive regulation of macrophage differentiation,M1,1,0
1,-5.6,GO:0071294,cellular response to zinc ion,M1,1,0
1,-3.9,GO:0007622,rhythmic behavior,M1,1,0
1,-4.2,GO:0002697,regulation of immune effector process,M1,1,0
1,-2.1,WP516,Hypertrophy model,M1,1,0
1,-10,GO:0098609,cell-cell adhesion,M1,1,0
1,-4.6,WP289,Myometrial relaxation and contraction pathways,M1,1,0
1,-2.3,GO:0034329,cell junction assembly,M1,1,0
1,-2.5,hsa04672,Intestinal immune network for IgA production,M1,1,0
1,-2.9,GO:0043154,negative regulation of cysteine-type endopeptidase activity involved in apoptotic process,M1,1,0
1,-2.2,R-HSA-9703465,Signaling by FLT3 fusion proteins,M1,1,0
1,-3.8,GO:0060512,prostate gland morphogenesis,M1,1,0
1,-2.8,GO:0003148,outflow tract septum morphogenesis,M1,1,0
1,-3.6,hsa05224,Breast cancer,M1,1,0
