_MEMBER_MyList,_LogP_MyList,GO,Description,_PATTERN_,_RANK_,CHILD_GO_MyList
1,-25.321471357447408,GO:0032502,developmental process,M1,1,GO:0001944 vasculature development
1,-17.231687496790933,GO:0023052,signaling,M1,1,GO:0007167 enzyme-linked receptor protein signaling pathway
1,-16.773146642097892,GO:0040011,locomotion,M1,1,GO:0040013 negative regulation of locomotion
1,-16.448762325934478,GO:0009987,cellular process,M1,1,GO:0030198 extracellular matrix organization
1,-15.038881930004708,GO:0050896,response to stimulus,M1,1,GO:0070848 response to growth factor
1,-13.076991700728017,GO:0040007,growth,M1,1,GO:0040007 growth
1,-12.275285142207156,GO:0048518,positive regulation of biological process,M1,1,GO:0010942 positive regulation of cell death
1,-11.135235357592947,GO:0050789,regulation of biological process,M1,1,GO:0120035 regulation of plasma membrane bounded cell projection organization
1,-10.359874865136922,GO:0032501,multicellular organismal process,M1,1,GO:0050865 regulation of cell activation
1,-10.166776356363927,GO:0002376,immune system process,M1,1,GO:0002683 negative regulation of immune system process
1,-10.116750571509757,GO:0008152,metabolic process,M1,1,GO:0043549 regulation of kinase activity
1,-9.379829002258793,GO:0048519,negative regulation of biological process,M1,1,GO:0008285 negative regulation of cell population proliferation
1,-7.695800952033211,GO:0048511,rhythmic process,M1,1,GO:0048511 rhythmic process
1,-6.655964528875766,GO:0065007,biological regulation,M1,1,GO:0051347 positive regulation of transferase activity
1,-6.019362135026963,GO:0042592,homeostatic process,M1,1,GO:0048871 multicellular organismal homeostasis
1,-5.546084977221555,GO:0051179,localization,M1,1,GO:0034762 regulation of transmembrane transport
1,-4.882203129071806,GO:0022414,reproductive process,M1,1,GO:0048608 reproductive structure development
1,-3.972047585314337,GO:0044419,biological process involved in interspecies interaction between organisms,M1,1,GO:0045087 innate immune response
1,-2.9730219997519987,GO:0016032,viral process,M1,1,GO:0045071 negative regulation of viral genome replication
1,-2.5880391336951254,GO:0098754,detoxification,M1,1,GO:0098869 cellular oxidant detoxification
