_MEMBER_MyList,_LogP_MyList,GO,Description,_PATTERN_,_RANK_,GiniIndex
1,-2.8,GO:0007413,axonal fasciculation,M1,1,0
1,-5.6,GO:0007163,establishment or maintenance of cell polarity,M1,1,0
1,-2.2,GO:0035137,hindlimb morphogenesis,M1,1,0
1,-7.2,M5883,NABA SECRETED FACTORS,M1,1,0
1,-3.3,GO:0002040,sprouting angiogenesis,M1,1,0
1,-13,GO:0001568,blood vessel development,M1,1,0
1,-2.9,R-HSA-9013695,NOTCH4 Intracellular Domain Regulates Transcription,M1,1,0
1,-2.9,GO:0120254,olefinic compound metabolic process,M1,1,0
1,-2,GO:0048640,negative regulation of developmental growth,M1,1,0
1,-2.6,GO:0003148,outflow tract septum morphogenesis,M1,1,0
1,-3.6,GO:2000668,regulation of dendritic cell apoptotic process,M1,1,0
1,-2.8,GO:0043535,regulation of blood vessel endothelial cell migration,M1,1,0
1,-3.2,GO:0002521,leukocyte differentiation,M1,1,0
1,-5.3,GO:0045598,regulation of fat cell differentiation,M1,1,0
1,-2.2,hsa04064,NF-kappa B signaling pathway,M1,1,0
1,-3.3,hsa04658,Th1 and Th2 cell differentiation,M1,1,0
1,-2.4,GO:0034369,plasma lipoprotein particle remodeling,M1,1,0
1,-2.8,M12,PID RHOA PATHWAY,M1,1,0
1,-2.8,GO:2001239,regulation of extrinsic apoptotic signaling pathway in absence of ligand,M1,1,0
1,-3.9,WP98,Prostaglandin synthesis and regulation,M1,1,0
1,-3.9,M60,PID NFAT TFPATHWAY,M1,1,0
1,-4.2,GO:0032373,positive regulation of sterol transport,M1,1,0
1,-2.8,GO:0007612,learning,M1,1,0
1,-2,R-HSA-1980143,Signaling by NOTCH1,M1,1,0
1,-5.5,GO:1902905,positive regulation of supramolecular fiber organization,M1,1,0
1,-5.1,GO:0031099,regeneration,M1,1,0
1,-6.9,GO:0010942,positive regulation of cell death,M1,1,0
1,-5.5,GO:0051348,negative regulation of transferase activity,M1,1,0
1,-4.4,GO:0046660,female sex differentiation,M1,1,0
1,-3.3,GO:0007266,Rho protein signal transduction,M1,1,0
1,-2.2,R-HSA-382556,ABC-family proteins mediated transport,M1,1,0
1,-4.9,GO:0046545,development of primary female sexual characteristics,M1,1,0
1,-4.5,GO:0032103,positive regulation of response to external stimulus,M1,1,0
1,-2.3,GO:0043030,regulation of macrophage activation,M1,1,0
1,-2.4,GO:0034329,cell junction assembly,M1,1,0
1,-2.1,GO:0043627,response to estrogen,M1,1,0
1,-3.2,GO:0007158,neuron cell-cell adhesion,M1,1,0
1,-2.3,GO:0034308,primary alcohol metabolic process,M1,1,0
1,-2.1,R-HSA-448424,Interleukin-17 signaling,M1,1,0
1,-3.7,GO:0010977,negative regulation of neuron projection development,M1,1,0
1,-2.3,WP5224,2q37 copy number variation syndrome,M1,1,0
1,-3.9,GO:0044057,regulation of system process,M1,1,0
1,-3.2,WP4808,Endochondral ossification with skeletal dysplasias,M1,1,0
1,-2.5,R-HSA-2404192,Signaling by Type 1 Insulin-like Growth Factor 1 Receptor (IGF1R),M1,1,0
1,-2.6,R-HSA-449147,Signaling by Interleukins,M1,1,0
1,-2.4,WP1772,Apoptosis modulation and signaling,M1,1,0
1,-2.3,GO:0150117,positive regulation of cell-substrate junction organization,M1,1,0
1,-3,WP2880,Glucocorticoid receptor pathway,M1,1,0
1,-2.9,GO:0045663,positive regulation of myoblast differentiation,M1,1,0
1,-2.1,WP524,G13 signaling pathway,M1,1,0
1,-2.6,GO:0007189,adenylate cyclase-activating G protein-coupled receptor signaling pathway,M1,1,0
1,-4.5,GO:0006869,lipid transport,M1,1,0
1,-4.5,WP206,Fatty acid omega-oxidation,M1,1,0
1,-2.2,GO:0021772,olfactory bulb development,M1,1,0
1,-8.2,GO:0031344,regulation of cell projection organization,M1,1,0
1,-7.6,R-HSA-9006934,Signaling by Receptor Tyrosine Kinases,M1,1,0
1,-3,R-HSA-1369062,ABC transporters in lipid homeostasis,M1,1,0
1,-2.2,GO:0055002,striated muscle cell development,M1,1,0
1,-2,M82,PID RET PATHWAY,M1,1,0
1,-2.4,GO:0032292,peripheral nervous system axon ensheathment,M1,1,0
1,-2.2,GO:0007264,small GTPase mediated signal transduction,M1,1,0
1,-3.3,R-HSA-382551,Transport of small molecules,M1,1,0
1,-10,GO:0048667,cell morphogenesis involved in neuron differentiation,M1,1,0
1,-2.6,GO:0150104,transport across blood-brain barrier,M1,1,0
1,-5.9,GO:0003007,heart morphogenesis,M1,1,0
1,-2.5,GO:0035994,response to muscle stretch,M1,1,0
1,-2.2,R-HSA-1650814,Collagen biosynthesis and modifying enzymes,M1,1,0
1,-2.9,GO:0044703,multi-organism reproductive process,M1,1,0
1,-4.1,M5887,NABA BASEMENT MEMBRANES,M1,1,0
1,-2.3,GO:0060070,canonical Wnt signaling pathway,M1,1,0
1,-7.1,GO:2000146,negative regulation of cell motility,M1,1,0
1,-2.4,GO:0042246,tissue regeneration,M1,1,0
1,-7,GO:0060562,epithelial tube morphogenesis,M1,1,0
1,-2.2,R-HSA-6785807,Interleukin-4 and Interleukin-13 signaling,M1,1,0
1,-2.2,GO:0070997,neuron death,M1,1,0
1,-2.1,GO:0046320,regulation of fatty acid oxidation,M1,1,0
1,-4.6,GO:0001942,hair follicle development,M1,1,0
1,-4.3,GO:0051897,positive regulation of protein kinase B signaling,M1,1,0
1,-10,GO:0032990,cell part morphogenesis,M1,1,0
1,-2.6,GO:0045932,negative regulation of muscle contraction,M1,1,0
1,-3.3,GO:0032787,monocarboxylic acid metabolic process,M1,1,0
1,-5.5,WP5265,Neurogenesis regulation in the olfactory epithelium,M1,1,0
1,-2.4,GO:0090140,regulation of mitochondrial fission,M1,1,0
1,-2.6,GO:0033500,carbohydrate homeostasis,M1,1,0
1,-2.3,WP61,Notch signaling pathway,M1,1,0
1,-2.4,GO:0014020,primary neural tube formation,M1,1,0
1,-3.1,GO:0050872,white fat cell differentiation,M1,1,0
1,-2.6,GO:0032873,negative regulation of stress-activated MAPK cascade,M1,1,0
1,-2.4,GO:0070664,negative regulation of leukocyte proliferation,M1,1,0
1,-3.4,GO:0032370,positive regulation of lipid transport,M1,1,0
1,-2.1,GO:0098657,import into cell,M1,1,0
1,-4.9,GO:0071560,cellular response to transforming growth factor beta stimulus,M1,1,0
1,-2.7,GO:0030278,regulation of ossification,M1,1,0
1,-2.6,GO:0043244,regulation of protein-containing complex disassembly,M1,1,0
1,-4,GO:0030301,cholesterol transport,M1,1,0
1,-8,GO:0003013,circulatory system process,M1,1,0
1,-10,GO:0007409,axonogenesis,M1,1,0
1,-2.2,GO:0016485,protein processing,M1,1,0
1,-7.2,GO:0043068,positive regulation of programmed cell death,M1,1,0
1,-4,WP4830,GDNF/RET signaling axis,M1,1,0
1,-2.1,GO:0061035,regulation of cartilage development,M1,1,0
1,-2.5,GO:0010559,regulation of glycoprotein biosynthetic process,M1,1,0
1,-2.2,GO:0010906,regulation of glucose metabolic process,M1,1,0
1,-2.5,GO:0030516,regulation of axon extension,M1,1,0
1,-5.6,GO:0003205,cardiac chamber development,M1,1,0
1,-2.2,R-HSA-5654727,Negative regulation of FGFR2 signaling,M1,1,0
1,-4.9,M167,PID AP1 PATHWAY,M1,1,0
1,-2.9,GO:0003012,muscle system process,M1,1,0
1,-2.1,GO:0030808,regulation of nucleotide biosynthetic process,M1,1,0
1,-2.3,GO:0071407,cellular response to organic cyclic compound,M1,1,0
1,-2,GO:1901800,positive regulation of proteasomal protein catabolic process,M1,1,0
1,-3,GO:0072009,nephron epithelium development,M1,1,0
1,-4.4,GO:0001936,regulation of endothelial cell proliferation,M1,1,0
1,-3.8,GO:0045765,regulation of angiogenesis,M1,1,0
1,-2.7,GO:0035924,cellular response to vascular endothelial growth factor stimulus,M1,1,0
1,-2.6,hsa05210,Colorectal cancer,M1,1,0
1,-2.1,hsa05218,Melanoma,M1,1,0
1,-3,GO:0048486,parasympathetic nervous system development,M1,1,0
1,-2.3,GO:0008584,male gonad development,M1,1,0
1,-2.2,R-HSA-975138,TRAF6 mediated induction of NFkB and MAP kinases upon TLR7/8 or 9 activation,M1,1,0
1,-3.1,GO:0006959,humoral immune response,M1,1,0
1,-2.1,GO:0050729,positive regulation of inflammatory response,M1,1,0
1,-2.1,GO:0006941,striated muscle contraction,M1,1,0
1,-2.8,GO:0002042,cell migration involved in sprouting angiogenesis,M1,1,0
1,-3.3,GO:0046661,male sex differentiation,M1,1,0
1,-2.1,R-HSA-166058,MyD88:MAL(TIRAP) cascade initiated on plasma membrane,M1,1,0
1,-4.2,R-HSA-198725,Nuclear Events (kinase and transcription factor activation),M1,1,0
1,-4.8,R-HSA-112316,Neuronal System,M1,1,0
1,-3.9,GO:0030514,negative regulation of BMP signaling pathway,M1,1,0
1,-2.1,WP4844,Influence of laminopathies on Wnt signaling,M1,1,0
1,-4.9,GO:0009880,embryonic pattern specification,M1,1,0
1,-3.6,R-HSA-2197563,NOTCH2 intracellular domain regulates transcription,M1,1,0
1,-4.3,M166,PID ATF2 PATHWAY,M1,1,0
1,-2.7,WP437,EGF/EGFR signaling pathway,M1,1,0
1,-5.8,GO:0043086,negative regulation of catalytic activity,M1,1,0
1,-4,R-HSA-397014,Muscle contraction,M1,1,0
1,-3,GO:0045766,positive regulation of angiogenesis,M1,1,0
1,-4.3,WP4877,Host-pathogen interaction of human coronaviruses - MAPK signaling,M1,1,0
1,-2,GO:0030835,negative regulation of actin filament depolymerization,M1,1,0
1,-2.7,GO:0044706,multi-multicellular organism process,M1,1,0
1,-3.9,GO:0007519,skeletal muscle tissue development,M1,1,0
1,-3.2,GO:0099536,synaptic signaling,M1,1,0
1,-2,GO:0032350,regulation of hormone metabolic process,M1,1,0
1,-2.7,GO:0070849,response to epidermal growth factor,M1,1,0
1,-2.9,WP716,Vitamin A and carotenoid metabolism,M1,1,0
1,-3.7,GO:0050772,positive regulation of axonogenesis,M1,1,0
1,-4.5,GO:0019216,regulation of lipid metabolic process,M1,1,0
1,-2.7,hsa04935,"Growth hormone synthesis, secretion and action",M1,1,0
1,-2.4,GO:0006936,muscle contraction,M1,1,0
1,-4.2,GO:0045664,regulation of neuron differentiation,M1,1,0
1,-2.1,GO:0080135,regulation of cellular response to stress,M1,1,0
1,-2.1,GO:0043281,regulation of cysteine-type endopeptidase activity involved in apoptotic process,M1,1,0
1,-2.4,GO:0034368,protein-lipid complex remodeling,M1,1,0
1,-2.3,WP2806,Complement system,M1,1,0
1,-3.3,GO:0055001,muscle cell development,M1,1,0
1,-2.3,GO:0001569,branching involved in blood vessel morphogenesis,M1,1,0
1,-2.5,GO:0060441,epithelial tube branching involved in lung morphogenesis,M1,1,0
1,-2,GO:0070588,calcium ion transmembrane transport,M1,1,0
1,-2.2,R-HSA-168181,Toll Like Receptor 7/8 (TLR7/8) Cascade,M1,1,0
1,-5.6,GO:0070372,regulation of ERK1 and ERK2 cascade,M1,1,0
1,-3.7,GO:0031103,axon regeneration,M1,1,0
1,-2.6,GO:0001708,cell fate specification,M1,1,0
1,-2.2,WP4685,Melanoma,M1,1,0
1,-4,GO:2000669,negative regulation of dendritic cell apoptotic process,M1,1,0
1,-2.2,GO:1902893,regulation of miRNA transcription,M1,1,0
1,-2,R-HSA-168179,Toll Like Receptor TLR1:TLR2 Cascade,M1,1,0
1,-3.7,GO:0043588,skin development,M1,1,0
1,-3,GO:0051098,regulation of binding,M1,1,0
1,-13,GO:0070848,response to growth factor,M1,1,0
1,-3.8,GO:0031346,positive regulation of cell projection organization,M1,1,0
1,-3.4,GO:0035113,embryonic appendage morphogenesis,M1,1,0
1,-9,GO:0030178,negative regulation of Wnt signaling pathway,M1,1,0
1,-2.9,GO:0060412,ventricular septum morphogenesis,M1,1,0
1,-2.9,GO:0010721,negative regulation of cell development,M1,1,0
1,-2.8,WP2118,Arrhythmogenic right ventricular cardiomyopathy,M1,1,0
1,-2.4,R-HSA-2142753,Arachidonic acid metabolism,M1,1,0
1,-3.3,WP3925,Amino acid metabolism,M1,1,0
1,-5.2,GO:0006469,negative regulation of protein kinase activity,M1,1,0
1,-2.4,GO:0048009,insulin-like growth factor receptor signaling pathway,M1,1,0
1,-3.5,GO:0035567,non-canonical Wnt signaling pathway,M1,1,0
1,-5.6,GO:0099177,regulation of trans-synaptic signaling,M1,1,0
1,-5.2,GO:0051056,regulation of small GTPase mediated signal transduction,M1,1,0
1,-2.5,GO:0071277,cellular response to calcium ion,M1,1,0
1,-2.3,R-HSA-168176,Toll Like Receptor 5 (TLR5) Cascade,M1,1,0
1,-2.3,GO:0034367,protein-containing complex remodeling,M1,1,0
1,-3.6,R-HSA-8980692,RHOA GTPase cycle,M1,1,0
1,-2.6,R-HSA-9006925,Intracellular signaling by second messengers,M1,1,0
1,-2.1,R-HSA-390522,Striated Muscle Contraction,M1,1,0
1,-3.4,GO:0031069,hair follicle morphogenesis,M1,1,0
1,-2.1,GO:0031112,positive regulation of microtubule polymerization or depolymerization,M1,1,0
1,-4.8,GO:0060560,developmental growth involved in morphogenesis,M1,1,0
1,-4.9,GO:0007626,locomotory behavior,M1,1,0
1,-8,GO:0006935,chemotaxis,M1,1,0
1,-3.4,GO:0010743,regulation of macrophage derived foam cell differentiation,M1,1,0
1,-3,GO:1904018,positive regulation of vasculature development,M1,1,0
1,-4.4,GO:0120161,regulation of cold-induced thermogenesis,M1,1,0
1,-2.1,GO:0032232,negative regulation of actin filament bundle assembly,M1,1,0
1,-4.8,GO:0198738,cell-cell signaling by wnt,M1,1,0
1,-2,GO:0032570,response to progesterone,M1,1,0
1,-4.1,GO:0009410,response to xenobiotic stimulus,M1,1,0
1,-5.2,GO:0030510,regulation of BMP signaling pathway,M1,1,0
1,-2.3,GO:0042573,retinoic acid metabolic process,M1,1,0
1,-2.3,M45,PID CD40 PATHWAY,M1,1,0
1,-4.8,GO:0061061,muscle structure development,M1,1,0
1,-4,GO:0042445,hormone metabolic process,M1,1,0
1,-2.2,R-HSA-168138,Toll Like Receptor 9 (TLR9) Cascade,M1,1,0
1,-3.5,GO:0008203,cholesterol metabolic process,M1,1,0
1,-2.5,GO:0051894,positive regulation of focal adhesion assembly,M1,1,0
1,-2.2,GO:0048010,vascular endothelial growth factor receptor signaling pathway,M1,1,0
1,-2.4,GO:0060674,placenta blood vessel development,M1,1,0
1,-3.7,GO:0030855,epithelial cell differentiation,M1,1,0
1,-5.9,GO:0050770,regulation of axonogenesis,M1,1,0
1,-4,WP545,Complement activation,M1,1,0
1,-2.3,GO:0048661,positive regulation of smooth muscle cell proliferation,M1,1,0
1,-4.6,GO:0060537,muscle tissue development,M1,1,0
1,-2,GO:0040001,establishment of mitotic spindle localization,M1,1,0
1,-2.3,hsa05142,Chagas disease,M1,1,0
1,-2.2,GO:0008064,regulation of actin polymerization or depolymerization,M1,1,0
1,-3.6,M235,PID TCR CALCIUM PATHWAY,M1,1,0
1,-4.1,R-HSA-5632681,Ligand-receptor interactions,M1,1,0
1,-4.6,GO:0003402,planar cell polarity pathway involved in axis elongation,M1,1,0
1,-2.3,R-HSA-168142,Toll Like Receptor 10 (TLR10) Cascade,M1,1,0
1,-3.4,R-HSA-8941856,RUNX3 regulates NOTCH signaling,M1,1,0
1,-2.7,GO:0046580,negative regulation of Ras protein signal transduction,M1,1,0
1,-2.2,M255,PID HIF1 TFPATHWAY,M1,1,0
1,-3.6,GO:0045667,regulation of osteoblast differentiation,M1,1,0
1,-2.2,GO:0017015,regulation of transforming growth factor beta receptor signaling pathway,M1,1,0
1,-2.1,GO:0018108,peptidyl-tyrosine phosphorylation,M1,1,0
1,-2.1,GO:0048015,phosphatidylinositol-mediated signaling,M1,1,0
1,-2.6,GO:0048469,cell maturation,M1,1,0
1,-13,GO:0001822,kidney development,M1,1,0
1,-2.5,GO:0002063,chondrocyte development,M1,1,0
1,-3.8,GO:0044089,positive regulation of cellular component biogenesis,M1,1,0
1,-2.6,GO:2000209,regulation of anoikis,M1,1,0
1,-2.2,GO:0000132,establishment of mitotic spindle orientation,M1,1,0
1,-2.1,GO:0001570,vasculogenesis,M1,1,0
1,-7.4,GO:0048754,branching morphogenesis of an epithelial tube,M1,1,0
1,-5.2,GO:0001934,positive regulation of protein phosphorylation,M1,1,0
1,-2.4,GO:0045807,positive regulation of endocytosis,M1,1,0
1,-2.1,WP4331,Neovascularisation processes,M1,1,0
1,-5,GO:0030198,extracellular matrix organization,M1,1,0
1,-14,M3008,NABA ECM GLYCOPROTEINS,M1,1,0
1,-3.8,GO:0045927,positive regulation of growth,M1,1,0
1,-3,GO:0021537,telencephalon development,M1,1,0
1,-7.6,WP5087,Malignant pleural mesothelioma,M1,1,0
1,-2.2,GO:0022604,regulation of cell morphogenesis,M1,1,0
1,-3.4,hsa04722,Neurotrophin signaling pathway,M1,1,0
1,-3.2,GO:0045668,negative regulation of osteoblast differentiation,M1,1,0
1,-3.8,GO:0030097,hemopoiesis,M1,1,0
1,-3.2,GO:0021783,preganglionic parasympathetic fiber development,M1,1,0
1,-2.3,GO:0042632,cholesterol homeostasis,M1,1,0
1,-2.4,GO:0090175,regulation of establishment of planar polarity,M1,1,0
1,-2.2,GO:0035148,tube formation,M1,1,0
1,-2.3,hsa05217,Basal cell carcinoma,M1,1,0
1,-3.6,GO:0097237,cellular response to toxic substance,M1,1,0
1,-3.2,WP3932,Focal adhesion: PI3K-Akt-mTOR-signaling pathway,M1,1,0
1,-4.8,WP236,Adipogenesis,M1,1,0
1,-4.1,GO:2000027,regulation of animal organ morphogenesis,M1,1,0
1,-2,R-HSA-181438,Toll Like Receptor 2 (TLR2) Cascade,M1,1,0
1,-2.3,hsa04215,Apoptosis - multiple species,M1,1,0
1,-4.9,WP2882,Nuclear receptors meta-pathway,M1,1,0
1,-4.4,GO:0060538,skeletal muscle organ development,M1,1,0
1,-2.1,GO:0050922,negative regulation of chemotaxis,M1,1,0
1,-2.8,GO:2000377,regulation of reactive oxygen species metabolic process,M1,1,0
1,-2.8,GO:0010639,negative regulation of organelle organization,M1,1,0
1,-5.2,GO:0003401,axis elongation,M1,1,0
1,-2.7,R-HSA-1474244,Extracellular matrix organization,M1,1,0
1,-3,GO:0030224,monocyte differentiation,M1,1,0
1,-2.2,GO:0043254,regulation of protein-containing complex assembly,M1,1,0
1,-8.6,GO:0001657,ureteric bud development,M1,1,0
1,-4.4,GO:0031290,retinal ganglion cell axon guidance,M1,1,0
1,-2.4,GO:0008037,cell recognition,M1,1,0
1,-3.1,GO:1903052,positive regulation of proteolysis involved in protein catabolic process,M1,1,0
1,-2.8,GO:0001890,placenta development,M1,1,0
1,-2.1,GO:0060326,cell chemotaxis,M1,1,0
1,-4.3,hsa04610,Complement and coagulation cascades,M1,1,0
1,-4,GO:0015850,organic hydroxy compound transport,M1,1,0
1,-2.2,GO:0045682,regulation of epidermis development,M1,1,0
1,-4.2,GO:0010594,regulation of endothelial cell migration,M1,1,0
1,-3.3,GO:0006957,"complement activation, alternative pathway",M1,1,0
1,-6.5,R-HSA-8957275,Post-translational protein phosphorylation,M1,1,0
1,-4.3,GO:1901342,regulation of vasculature development,M1,1,0
1,-2.3,R-HSA-8943724,Regulation of PTEN gene transcription,M1,1,0
1,-5.2,GO:0043523,regulation of neuron apoptotic process,M1,1,0
1,-5.2,GO:2001233,regulation of apoptotic signaling pathway,M1,1,0
1,-2.1,GO:2000379,positive regulation of reactive oxygen species metabolic process,M1,1,0
1,-3.3,GO:0097305,response to alcohol,M1,1,0
1,-2.3,GO:0070661,leukocyte proliferation,M1,1,0
1,-7.4,GO:0043065,positive regulation of apoptotic process,M1,1,0
1,-2.9,GO:0033138,positive regulation of peptidyl-serine phosphorylation,M1,1,0
1,-7.2,GO:0000902,cell morphogenesis,M1,1,0
1,-2.3,GO:0055092,sterol homeostasis,M1,1,0
1,-3,GO:0046890,regulation of lipid biosynthetic process,M1,1,0
1,-2.3,GO:0030239,myofibril assembly,M1,1,0
1,-3.5,R-HSA-3000157,Laminin interactions,M1,1,0
1,-3.2,R-HSA-556833,Metabolism of lipids,M1,1,0
1,-3.2,hsa05417,Lipid and atherosclerosis,M1,1,0
1,-2.6,GO:0034381,plasma lipoprotein particle clearance,M1,1,0
1,-2.4,GO:0007611,learning or memory,M1,1,0
1,-4.7,WP3611,Photodynamic therapy-induced AP-1 survival signaling,M1,1,0
1,-4,GO:0072078,nephron tubule morphogenesis,M1,1,0
1,-3.2,WP474,Endochondral ossification,M1,1,0
1,-4,GO:0006721,terpenoid metabolic process,M1,1,0
1,-5.9,GO:0045600,positive regulation of fat cell differentiation,M1,1,0
1,-4,GO:0030856,regulation of epithelial cell differentiation,M1,1,0
1,-2.8,GO:1990138,neuron projection extension,M1,1,0
1,-4.8,GO:0016055,Wnt signaling pathway,M1,1,0
1,-13,GO:0071363,cellular response to growth factor stimulus,M1,1,0
1,-2.5,GO:0001892,embryonic placenta development,M1,1,0
1,-2.4,hsa04915,Estrogen signaling pathway,M1,1,0
1,-2.1,GO:0051385,response to mineralocorticoid,M1,1,0
1,-2.4,GO:0001666,response to hypoxia,M1,1,0
1,-2.9,GO:0042698,ovulation cycle,M1,1,0
1,-5.9,R-HSA-211859,Biological oxidations,M1,1,0
1,-5.6,GO:0071773,cellular response to BMP stimulus,M1,1,0
1,-5.2,GO:0010632,regulation of epithelial cell migration,M1,1,0
1,-5.9,GO:0008406,gonad development,M1,1,0
1,-3,GO:0099173,postsynapse organization,M1,1,0
1,-2.2,M164,PID ERBB1 DOWNSTREAM PATHWAY,M1,1,0
1,-2.7,M67,PID ARF6 TRAFFICKING PATHWAY,M1,1,0
1,-2.4,GO:0021952,central nervous system projection neuron axonogenesis,M1,1,0
1,-3,GO:0002694,regulation of leukocyte activation,M1,1,0
1,-4.9,GO:0031345,negative regulation of cell projection organization,M1,1,0
1,-4.6,GO:0062014,negative regulation of small molecule metabolic process,M1,1,0
1,-3.4,GO:0050865,regulation of cell activation,M1,1,0
1,-2.6,GO:1901879,regulation of protein depolymerization,M1,1,0
1,-2,GO:0042391,regulation of membrane potential,M1,1,0
1,-2.5,GO:0032330,regulation of chondrocyte differentiation,M1,1,0
1,-6.3,GO:0051384,response to glucocorticoid,M1,1,0
1,-2.2,GO:1901099,negative regulation of signal transduction in absence of ligand,M1,1,0
1,-2.4,GO:0007431,salivary gland development,M1,1,0
1,-7.9,GO:0042330,taxis,M1,1,0
1,-2.3,WP702,Metapathway biotransformation Phase I and II,M1,1,0
1,-4.9,GO:0050807,regulation of synapse organization,M1,1,0
1,-7.3,GO:0050678,regulation of epithelial cell proliferation,M1,1,0
1,-4,GO:0048639,positive regulation of developmental growth,M1,1,0
1,-3.1,GO:0019218,regulation of steroid metabolic process,M1,1,0
1,-2,GO:1903828,negative regulation of protein localization,M1,1,0
1,-2.1,GO:0090130,tissue migration,M1,1,0
1,-5,GO:0042633,hair cycle,M1,1,0
1,-5.2,GO:1905952,regulation of lipid localization,M1,1,0
1,-2.8,GO:0071825,protein-lipid complex subunit organization,M1,1,0
1,-3.6,GO:0072080,nephron tubule development,M1,1,0
1,-2,GO:0045922,negative regulation of fatty acid metabolic process,M1,1,0
1,-3,GO:0050866,negative regulation of cell activation,M1,1,0
1,-4.3,GO:0016101,diterpenoid metabolic process,M1,1,0
1,-5.4,GO:1901214,regulation of neuron death,M1,1,0
1,-2.2,WP299,Nuclear receptors in lipid metabolism and toxicity,M1,1,0
1,-3.5,GO:0030308,negative regulation of cell growth,M1,1,0
1,-4,GO:0048880,sensory system development,M1,1,0
1,-8.3,GO:0061138,morphogenesis of a branching epithelium,M1,1,0
1,-2.6,GO:0051216,cartilage development,M1,1,0
1,-2.9,GO:0051797,regulation of hair follicle development,M1,1,0
1,-5,GO:0002683,negative regulation of immune system process,M1,1,0
1,-2.1,GO:0052547,regulation of peptidase activity,M1,1,0
1,-2.3,GO:0033688,regulation of osteoblast proliferation,M1,1,0
1,-4.1,GO:0051494,negative regulation of cytoskeleton organization,M1,1,0
1,-3.2,GO:0034612,response to tumor necrosis factor,M1,1,0
1,-4.7,GO:0071559,response to transforming growth factor beta,M1,1,0
1,-3.2,GO:0008202,steroid metabolic process,M1,1,0
1,-3.7,R-HSA-9012852,Signaling by NOTCH3,M1,1,0
1,-2.1,WP3594,Circadian rhythm genes,M1,1,0
1,-4.4,GO:0060828,regulation of canonical Wnt signaling pathway,M1,1,0
1,-4.2,GO:0007423,sensory organ development,M1,1,0
1,-3.6,hsa05224,Breast cancer,M1,1,0
1,-3,hsa04810,Regulation of actin cytoskeleton,M1,1,0
1,-7.9,GO:0090287,regulation of cellular response to growth factor stimulus,M1,1,0
1,-2.8,GO:0060218,hematopoietic stem cell differentiation,M1,1,0
1,-2.8,GO:0070302,regulation of stress-activated protein kinase signaling cascade,M1,1,0
1,-3.4,hsa04510,Focal adhesion,M1,1,0
1,-3.1,GO:2001237,negative regulation of extrinsic apoptotic signaling pathway,M1,1,0
1,-2.9,GO:0035107,appendage morphogenesis,M1,1,0
1,-2.5,GO:0014910,regulation of smooth muscle cell migration,M1,1,0
1,-3.5,GO:0140467,integrated stress response signaling,M1,1,0
1,-2.8,hsa04261,Adrenergic signaling in cardiomyocytes,M1,1,0
1,-2.2,hsa04660,T cell receptor signaling pathway,M1,1,0
1,-3.1,GO:0090109,regulation of cell-substrate junction assembly,M1,1,0
1,-3,GO:0048844,artery morphogenesis,M1,1,0
1,-5,hsa02010,ABC transporters,M1,1,0
1,-2.6,hsa04979,Cholesterol metabolism,M1,1,0
1,-3.9,WP4172,PI3K-Akt signaling pathway,M1,1,0
1,-2.1,GO:0002695,negative regulation of leukocyte activation,M1,1,0
1,-3.7,GO:0050731,positive regulation of peptidyl-tyrosine phosphorylation,M1,1,0
1,-3.7,GO:0009636,response to toxic substance,M1,1,0
1,-5.4,GO:0048545,response to steroid hormone,M1,1,0
1,-4.6,WP4149,White fat cell differentiation,M1,1,0
1,-3.1,GO:0008361,regulation of cell size,M1,1,0
1,-5.6,GO:0031960,response to corticosteroid,M1,1,0
1,-2.6,GO:0008589,regulation of smoothened signaling pathway,M1,1,0
1,-2.5,GO:0015909,long-chain fatty acid transport,M1,1,0
1,-6,GO:0001501,skeletal system development,M1,1,0
1,-3,GO:0007265,Ras protein signal transduction,M1,1,0
1,-3.4,GO:0032835,glomerulus development,M1,1,0
1,-2.5,R-HSA-1280215,Cytokine Signaling in Immune system,M1,1,0
1,-2.2,R-HSA-9018519,Estrogen-dependent gene expression,M1,1,0
1,-2.1,GO:0019932,second-messenger-mediated signaling,M1,1,0
1,-3.4,GO:0006954,inflammatory response,M1,1,0
1,-2.4,GO:0010638,positive regulation of organelle organization,M1,1,0
1,-2.2,GO:0060999,positive regulation of dendritic spine development,M1,1,0
1,-2.6,GO:0010640,regulation of platelet-derived growth factor receptor signaling pathway,M1,1,0
1,-2.2,GO:0007292,female gamete generation,M1,1,0
1,-3.3,R-HSA-5579029,Metabolic disorders of biological oxidation enzymes,M1,1,0
1,-3.2,GO:0045879,negative regulation of smoothened signaling pathway,M1,1,0
1,-2.2,GO:0050727,regulation of inflammatory response,M1,1,0
1,-2.3,GO:0097306,cellular response to alcohol,M1,1,0
1,-4.8,GO:0060411,cardiac septum morphogenesis,M1,1,0
1,-3.5,GO:0006720,isoprenoid metabolic process,M1,1,0
1,-2.1,GO:0051146,striated muscle cell differentiation,M1,1,0
1,-2.1,GO:0019221,cytokine-mediated signaling pathway,M1,1,0
1,-4.1,GO:0032489,regulation of Cdc42 protein signal transduction,M1,1,0
1,-2.7,M183,PID IL6 7 PATHWAY,M1,1,0
1,-3.4,WP306,Focal adhesion,M1,1,0
1,-2.1,WP289,Myometrial relaxation and contraction pathways,M1,1,0
1,-5.3,GO:0045926,negative regulation of growth,M1,1,0
1,-3.1,GO:0051893,regulation of focal adhesion assembly,M1,1,0
1,-5.2,hsa04360,Axon guidance,M1,1,0
1,-2.5,hsa04380,Osteoclast differentiation,M1,1,0
1,-2.4,GO:0051402,neuron apoptotic process,M1,1,0
1,-5.2,GO:0030324,lung development,M1,1,0
1,-4.7,GO:1902532,negative regulation of intracellular signal transduction,M1,1,0
1,-2.7,GO:0010560,positive regulation of glycoprotein biosynthetic process,M1,1,0
1,-8.7,GO:0040008,regulation of growth,M1,1,0
1,-3,WP4564,Neural crest cell migration during development,M1,1,0
1,-3.8,GO:0048660,regulation of smooth muscle cell proliferation,M1,1,0
1,-7.6,GO:0045936,negative regulation of phosphate metabolic process,M1,1,0
1,-3.3,GO:1901889,negative regulation of cell junction assembly,M1,1,0
1,-2.3,M254,PID MYC REPRESS PATHWAY,M1,1,0
1,-9.6,GO:0009725,response to hormone,M1,1,0
1,-3.5,GO:0001654,eye development,M1,1,0
1,-5.5,GO:0040007,growth,M1,1,0
1,-2.6,R-HSA-6794362,Protein-protein interactions at synapses,M1,1,0
1,-2.6,GO:0045732,positive regulation of protein catabolic process,M1,1,0
1,-2.5,GO:0009798,axis specification,M1,1,0
1,-5.5,GO:0048589,developmental growth,M1,1,0
1,-3.4,WP2840,Hair follicle development: cytodifferentiation - part 3 of 3,M1,1,0
1,-3,GO:0046328,regulation of JNK cascade,M1,1,0
1,-2.1,GO:0001505,regulation of neurotransmitter levels,M1,1,0
1,-2.9,GO:0045661,regulation of myoblast differentiation,M1,1,0
1,-2.2,GO:0002455,humoral immune response mediated by circulating immunoglobulin,M1,1,0
1,-3.7,WP3845,Canonical and non-canonical Notch signaling,M1,1,0
1,-2.1,GO:1900371,regulation of purine nucleotide biosynthetic process,M1,1,0
1,-3,GO:0060071,"Wnt signaling pathway, planar cell polarity pathway",M1,1,0
1,-3.6,GO:0010038,response to metal ion,M1,1,0
1,-5.1,GO:0010817,regulation of hormone levels,M1,1,0
1,-2.4,GO:0085029,extracellular matrix assembly,M1,1,0
1,-5.2,GO:0050730,regulation of peptidyl-tyrosine phosphorylation,M1,1,0
1,-3,GO:0030029,actin filament-based process,M1,1,0
1,-3,GO:0042551,neuron maturation,M1,1,0
1,-2.2,GO:0030036,actin cytoskeleton organization,M1,1,0
1,-2.5,R-HSA-8939211,ESR-mediated signaling,M1,1,0
1,-3.4,R-HSA-450282,MAPK targets/ Nuclear events mediated by MAP kinases,M1,1,0
1,-3.4,GO:0010035,response to inorganic substance,M1,1,0
1,-5.2,R-HSA-71384,Ethanol oxidation,M1,1,0
1,-2.3,GO:0034694,response to prostaglandin,M1,1,0
1,-6.8,GO:0097485,neuron projection guidance,M1,1,0
1,-4.6,GO:0002573,myeloid leukocyte differentiation,M1,1,0
1,-2.5,GO:0071496,cellular response to external stimulus,M1,1,0
1,-3,R-HSA-9013149,RAC1 GTPase cycle,M1,1,0
1,-2.3,GO:0048568,embryonic organ development,M1,1,0
1,-2.4,WP673,ErbB signaling pathway,M1,1,0
1,-5.3,GO:0040017,positive regulation of locomotion,M1,1,0
1,-5.3,GO:0007610,behavior,M1,1,0
1,-4.7,GO:0007160,cell-matrix adhesion,M1,1,0
1,-3.2,GO:0070555,response to interleukin-1,M1,1,0
1,-4.6,hsa04060,Cytokine-cytokine receptor interaction,M1,1,0
1,-3,GO:0030534,adult behavior,M1,1,0
1,-5,GO:0010875,positive regulation of cholesterol efflux,M1,1,0
1,-9.6,GO:0048729,tissue morphogenesis,M1,1,0
1,-7.5,GO:0072073,kidney epithelium development,M1,1,0
1,-2.2,GO:0001841,neural tube formation,M1,1,0
1,-2,GO:0060048,cardiac muscle contraction,M1,1,0
1,-2.6,WP4842,Mammalian disorder of sexual development,M1,1,0
1,-3.3,GO:0043534,blood vessel endothelial cell migration,M1,1,0
1,-7.7,GO:0050808,synapse organization,M1,1,0
1,-2.4,hsa04330,Notch signaling pathway,M1,1,0
1,-5.4,R-HSA-5365859,RA biosynthesis pathway,M1,1,0
1,-5,GO:0043062,extracellular structure organization,M1,1,0
1,-3.6,GO:0042634,regulation of hair cycle,M1,1,0
1,-3.7,GO:0048736,appendage development,M1,1,0
1,-4,GO:0061440,kidney vasculature development,M1,1,0
1,-2.8,GO:0071375,cellular response to peptide hormone stimulus,M1,1,0
1,-2.8,GO:0030449,regulation of complement activation,M1,1,0
1,-2.6,GO:0040037,negative regulation of fibroblast growth factor receptor signaling pathway,M1,1,0
1,-11,GO:0032989,cellular component morphogenesis,M1,1,0
1,-3.2,GO:0048762,mesenchymal cell differentiation,M1,1,0
1,-3,GO:0035455,response to interferon-alpha,M1,1,0
1,-2,GO:0003281,ventricular septum development,M1,1,0
1,-3,hsa05162,Measles,M1,1,0
1,-4.8,GO:0071248,cellular response to metal ion,M1,1,0
1,-3.9,GO:0022612,gland morphogenesis,M1,1,0
1,-9.3,GO:0045596,negative regulation of cell differentiation,M1,1,0
1,-2.4,GO:0045604,regulation of epidermal cell differentiation,M1,1,0
1,-3.3,R-HSA-9716542,"Signaling by Rho GTPases, Miro GTPases and RHOBTB3",M1,1,0
1,-4.4,GO:0003018,vascular process in circulatory system,M1,1,0
1,-2.4,R-HSA-1236394,Signaling by ERBB4,M1,1,0
1,-6.1,GO:0030509,BMP signaling pathway,M1,1,0
1,-3.1,GO:0060349,bone morphogenesis,M1,1,0
1,-4.9,GO:0009991,response to extracellular stimulus,M1,1,0
1,-4.7,GO:0071345,cellular response to cytokine stimulus,M1,1,0
1,-4.5,GO:0032956,regulation of actin cytoskeleton organization,M1,1,0
1,-2.3,R-HSA-450294,MAP kinase activation,M1,1,0
1,-2,GO:0001953,negative regulation of cell-matrix adhesion,M1,1,0
1,-2.6,GO:0000165,MAPK cascade,M1,1,0
1,-2.6,GO:0098754,detoxification,M1,1,0
1,-3.1,GO:0030512,negative regulation of transforming growth factor beta receptor signaling pathway,M1,1,0
1,-4.3,GO:1901652,response to peptide,M1,1,0
1,-3,GO:1901655,cellular response to ketone,M1,1,0
1,-2.5,GO:0006631,fatty acid metabolic process,M1,1,0
1,-3.2,GO:0032233,positive regulation of actin filament bundle assembly,M1,1,0
1,-2.6,GO:0048732,gland development,M1,1,0
1,-2.3,GO:2001234,negative regulation of apoptotic signaling pathway,M1,1,0
1,-5.3,GO:1901615,organic hydroxy compound metabolic process,M1,1,0
1,-4.4,GO:0007584,response to nutrient,M1,1,0
1,-3.6,GO:0050920,regulation of chemotaxis,M1,1,0
1,-2,GO:0140448,signaling receptor ligand precursor processing,M1,1,0
1,-3.6,GO:0033273,response to vitamin,M1,1,0
1,-2.5,GO:0060998,regulation of dendritic spine development,M1,1,0
1,-2.3,WP2877,Vitamin D receptor pathway,M1,1,0
1,-3.2,GO:0098742,cell-cell adhesion via plasma-membrane adhesion molecules,M1,1,0
1,-2.7,M115,PID REG GR PATHWAY,M1,1,0
1,-4,WP382,MAPK signaling pathway,M1,1,0
1,-2.2,GO:0050873,brown fat cell differentiation,M1,1,0
1,-4.3,GO:0060993,kidney morphogenesis,M1,1,0
1,-8.9,GO:0001763,morphogenesis of a branching structure,M1,1,0
1,-5.9,GO:0030111,regulation of Wnt signaling pathway,M1,1,0
1,-2.3,R-HSA-2022090,Assembly of collagen fibrils and other multimeric structures,M1,1,0
1,-4.3,GO:0050679,positive regulation of epithelial cell proliferation,M1,1,0
1,-2.1,GO:0045665,negative regulation of neuron differentiation,M1,1,0
1,-3.6,GO:0072578,neurotransmitter-gated ion channel clustering,M1,1,0
1,-7.2,GO:0042326,negative regulation of phosphorylation,M1,1,0
1,-2,GO:0045637,regulation of myeloid cell differentiation,M1,1,0
1,-3.8,GO:0032535,regulation of cellular component size,M1,1,0
1,-2.3,GO:2001235,positive regulation of apoptotic signaling pathway,M1,1,0
1,-2.1,GO:0043393,regulation of protein binding,M1,1,0
1,-2.4,GO:0006958,"complement activation, classical pathway",M1,1,0
1,-15,M5884,NABA CORE MATRISOME,M1,1,0
1,-6.2,GO:0098609,cell-cell adhesion,M1,1,0
1,-6,GO:0051960,regulation of nervous system development,M1,1,0
1,-12,GO:0048514,blood vessel morphogenesis,M1,1,0
1,-4,GO:0061437,renal system vasculature development,M1,1,0
1,-3.2,GO:2000095,"regulation of Wnt signaling pathway, planar cell polarity pathway",M1,1,0
1,-3.1,GO:1901880,negative regulation of protein depolymerization,M1,1,0
1,-2.3,GO:0051965,positive regulation of synapse assembly,M1,1,0
1,-9.1,GO:0034330,cell junction organization,M1,1,0
1,-3,GO:0033135,regulation of peptidyl-serine phosphorylation,M1,1,0
1,-2.1,WP3591,Sleep regulation,M1,1,0
1,-2.2,GO:0021988,olfactory lobe development,M1,1,0
1,-3.3,GO:1902652,secondary alcohol metabolic process,M1,1,0
1,-6.5,R-HSA-211945,Phase I - Functionalization of compounds,M1,1,0
1,-3.9,hsa04015,Rap1 signaling pathway,M1,1,0
1,-2.8,GO:0006067,ethanol metabolic process,M1,1,0
1,-4.4,GO:0070374,positive regulation of ERK1 and ERK2 cascade,M1,1,0
1,-2.4,GO:0022011,myelination in peripheral nervous system,M1,1,0
1,-2.8,GO:0043242,negative regulation of protein-containing complex disassembly,M1,1,0
1,-2.8,R-HSA-9013148,CDC42 GTPase cycle,M1,1,0
1,-3.5,R-HSA-187037,Signaling by NTRK1 (TRKA),M1,1,0
1,-7.2,GO:0007178,transmembrane receptor protein serine/threonine kinase signaling pathway,M1,1,0
1,-3.6,hsa05171,Coronavirus disease - COVID-19,M1,1,0
1,-4.7,GO:0048638,regulation of developmental growth,M1,1,0
1,-2.2,GO:0007416,synapse assembly,M1,1,0
1,-5.7,GO:0030010,establishment of cell polarity,M1,1,0
1,-4.4,GO:0001656,metanephros development,M1,1,0
1,-2.2,R-HSA-975155,MyD88 dependent cascade initiated on endosome,M1,1,0
1,-3.9,GO:0001658,branching involved in ureteric bud morphogenesis,M1,1,0
1,-2.3,GO:1903018,regulation of glycoprotein metabolic process,M1,1,0
1,-4.6,GO:1905114,cell surface receptor signaling pathway involved in cell-cell signaling,M1,1,0
1,-3,GO:0150116,regulation of cell-substrate junction organization,M1,1,0
1,-2.3,GO:0048678,response to axon injury,M1,1,0
1,-3,GO:0002685,regulation of leukocyte migration,M1,1,0
1,-4.5,GO:0008344,adult locomotory behavior,M1,1,0
1,-4.3,GO:0043407,negative regulation of MAP kinase activity,M1,1,0
1,-2.2,GO:0035265,organ growth,M1,1,0
1,-2.1,WP3850,Factors and pathways affecting insulin-like growth factor (IGF1)-Akt signaling,M1,1,0
1,-2.2,R-HSA-1980145,Signaling by NOTCH2,M1,1,0
1,-2.2,GO:0001667,ameboidal-type cell migration,M1,1,0
1,-3.8,GO:0060348,bone development,M1,1,0
1,-2.8,GO:0050919,negative chemotaxis,M1,1,0
1,-4.9,GO:2000147,positive regulation of cell motility,M1,1,0
1,-4,GO:0009952,anterior/posterior pattern specification,M1,1,0
1,-2.7,GO:0051961,negative regulation of nervous system development,M1,1,0
1,-2.6,GO:0014009,glial cell proliferation,M1,1,0
1,-2.5,GO:0001945,lymph vessel development,M1,1,0
1,-3.5,GO:0042572,retinol metabolic process,M1,1,0
1,-2.9,GO:0035108,limb morphogenesis,M1,1,0
1,-2.3,GO:0014044,Schwann cell development,M1,1,0
1,-7.4,GO:0043410,positive regulation of MAPK cascade,M1,1,0
1,-4.9,GO:0097688,glutamate receptor clustering,M1,1,0
1,-4.5,GO:0010720,positive regulation of cell development,M1,1,0
1,-2.2,WP5090,Complement system in neuronal development and plasticity,M1,1,0
1,-2,GO:0043536,positive regulation of blood vessel endothelial cell migration,M1,1,0
1,-4.9,GO:0097113,AMPA glutamate receptor clustering,M1,1,0
1,-3.6,R-HSA-112315,Transmission across Chemical Synapses,M1,1,0
1,-2.2,R-HSA-5668914,Diseases of metabolism,M1,1,0
1,-3.4,GO:0021954,central nervous system neuron development,M1,1,0
1,-2.5,R-HSA-1257604,PIP3 activates AKT signaling,M1,1,0
1,-18,GO:0007167,enzyme-linked receptor protein signaling pathway,M1,1,0
1,-3.4,WP4719,Eicosanoid metabolism via cyclooxygenases (COX),M1,1,0
1,-8.8,GO:0002009,morphogenesis of an epithelium,M1,1,0
1,-2.8,GO:0097191,extrinsic apoptotic signaling pathway,M1,1,0
1,-2.5,hsa05410,Hypertrophic cardiomyopathy,M1,1,0
1,-3.6,GO:0071356,cellular response to tumor necrosis factor,M1,1,0
1,-4.4,GO:0044344,cellular response to fibroblast growth factor stimulus,M1,1,0
1,-3.2,GO:0072176,nephric duct development,M1,1,0
1,-3.9,GO:0071676,negative regulation of mononuclear cell migration,M1,1,0
1,-3.6,GO:0032374,regulation of cholesterol transport,M1,1,0
1,-10,GO:0008283,cell population proliferation,M1,1,0
1,-6.7,GO:0090288,negative regulation of cellular response to growth factor stimulus,M1,1,0
1,-3.1,GO:0046329,negative regulation of JNK cascade,M1,1,0
1,-2.6,GO:0042593,glucose homeostasis,M1,1,0
1,-7.8,GO:0120035,regulation of plasma membrane bounded cell projection organization,M1,1,0
1,-3.7,GO:1901890,positive regulation of cell junction assembly,M1,1,0
1,-3.6,GO:0030099,myeloid cell differentiation,M1,1,0
1,-2.8,hsa00980,Metabolism of xenobiotics by cytochrome P450,M1,1,0
1,-2.6,GO:0010883,regulation of lipid storage,M1,1,0
1,-2.3,GO:0060395,SMAD protein signal transduction,M1,1,0
1,-4,GO:0099175,regulation of postsynapse organization,M1,1,0
1,-3.1,GO:0021953,central nervous system neuron differentiation,M1,1,0
1,-4.9,R-HSA-9012999,RHO GTPase cycle,M1,1,0
1,-2.1,GO:0030902,hindbrain development,M1,1,0
1,-3.8,GO:0030900,forebrain development,M1,1,0
1,-2.5,GO:0010810,regulation of cell-substrate adhesion,M1,1,0
1,-2.5,GO:2000050,regulation of non-canonical Wnt signaling pathway,M1,1,0
1,-3.1,WP4493,Cells and molecules involved in local acute inflammatory response,M1,1,0
1,-3.9,GO:0071711,basement membrane organization,M1,1,0
1,-2.4,GO:0001941,postsynaptic membrane organization,M1,1,0
1,-3.7,GO:0060173,limb development,M1,1,0
1,-4.4,GO:0001523,retinoid metabolic process,M1,1,0
1,-4.2,GO:0032376,positive regulation of cholesterol transport,M1,1,0
1,-2.7,WP4787,Osteoblast differentiation and related diseases,M1,1,0
1,-3.6,GO:0045859,regulation of protein kinase activity,M1,1,0
1,-2.8,GO:0106030,neuron projection fasciculation,M1,1,0
1,-3.3,GO:0050673,epithelial cell proliferation,M1,1,0
1,-3.5,GO:0062012,regulation of small molecule metabolic process,M1,1,0
1,-2.4,GO:0060249,anatomical structure homeostasis,M1,1,0
1,-2.7,GO:0006956,complement activation,M1,1,0
1,-2.9,WP4216,Chromosomal and microsatellite instability in colorectal cancer,M1,1,0
1,-4,M211,PID HEDGEHOG 2PATHWAY,M1,1,0
1,-3,GO:0061387,regulation of extent of cell growth,M1,1,0
1,-2.1,GO:0014037,Schwann cell differentiation,M1,1,0
1,-4.2,GO:0071901,negative regulation of protein serine/threonine kinase activity,M1,1,0
1,-3,GO:0071347,cellular response to interleukin-1,M1,1,0
1,-2.4,R-HSA-166658,Complement cascade,M1,1,0
1,-2.2,M18,PID INTEGRIN1 PATHWAY,M1,1,0
1,-3.4,GO:0008543,fibroblast growth factor receptor signaling pathway,M1,1,0
1,-2.2,GO:2001240,negative regulation of extrinsic apoptotic signaling pathway in absence of ligand,M1,1,0
1,-3.1,GO:0110096,cellular response to aldehyde,M1,1,0
1,-5.2,GO:0043567,regulation of insulin-like growth factor receptor signaling pathway,M1,1,0
1,-2.4,GO:0043032,positive regulation of macrophage activation,M1,1,0
1,-8.3,GO:0001525,angiogenesis,M1,1,0
1,-2.5,GO:0010634,positive regulation of epithelial cell migration,M1,1,0
1,-3.4,WP2431,Spinal cord injury,M1,1,0
1,-2.5,GO:0051099,positive regulation of binding,M1,1,0
1,-5.3,GO:0061326,renal tubule development,M1,1,0
1,-2.8,GO:0001938,positive regulation of endothelial cell proliferation,M1,1,0
1,-8.1,R-HSA-9006931,Signaling by Nuclear Receptors,M1,1,0
1,-3.1,hsa04210,Apoptosis,M1,1,0
1,-2.5,M276,PID FGF PATHWAY,M1,1,0
1,-5,GO:0033344,cholesterol efflux,M1,1,0
1,-5.8,GO:0045137,development of primary sexual characteristics,M1,1,0
1,-2.7,GO:0045444,fat cell differentiation,M1,1,0
1,-3.7,GO:0032231,regulation of actin filament bundle assembly,M1,1,0
1,-2.8,R-HSA-174824,"Plasma lipoprotein assembly, remodeling, and clearance",M1,1,0
1,-5.2,GO:0043409,negative regulation of MAPK cascade,M1,1,0
1,-4.8,GO:0050803,regulation of synapse structure or activity,M1,1,0
1,-2.8,GO:0007219,Notch signaling pathway,M1,1,0
1,-7.7,GO:0040011,locomotion,M1,1,0
1,-3.1,GO:0120162,positive regulation of cold-induced thermogenesis,M1,1,0
1,-2.2,GO:0030832,regulation of actin filament length,M1,1,0
1,-3.1,hsa01522,Endocrine resistance,M1,1,0
1,-4,GO:1901654,response to ketone,M1,1,0
1,-2.6,GO:1902895,positive regulation of miRNA transcription,M1,1,0
1,-8.9,GO:0000904,cell morphogenesis involved in differentiation,M1,1,0
1,-2.6,GO:0001952,regulation of cell-matrix adhesion,M1,1,0
1,-2.5,GO:0007565,female pregnancy,M1,1,0
1,-3.6,WP4538,Regulatory circuits of the STAT3 signaling pathway,M1,1,0
1,-2.3,GO:0032940,secretion by cell,M1,1,0
1,-4,GO:0010876,lipid localization,M1,1,0
1,-4.5,GO:0002686,negative regulation of leukocyte migration,M1,1,0
1,-3,GO:2000811,negative regulation of anoikis,M1,1,0
1,-2.3,GO:0140352,export from cell,M1,1,0
1,-8.5,GO:0072164,mesonephric tubule development,M1,1,0
1,-2.8,GO:0032332,positive regulation of chondrocyte differentiation,M1,1,0
1,-3.1,WP2032,Thyroid stimulating hormone (TSH) signaling pathway,M1,1,0
1,-4.5,GO:0060675,ureteric bud morphogenesis,M1,1,0
1,-5.2,GO:0030335,positive regulation of cell migration,M1,1,0
1,-8.4,GO:0007420,brain development,M1,1,0
1,-2.7,GO:0042594,response to starvation,M1,1,0
1,-5.6,GO:0072006,nephron development,M1,1,0
1,-2.5,GO:0065005,protein-lipid complex assembly,M1,1,0
1,-2.9,GO:0050795,regulation of behavior,M1,1,0
1,-2.2,GO:2000352,negative regulation of endothelial cell apoptotic process,M1,1,0
1,-3.6,GO:0051896,regulation of protein kinase B signaling,M1,1,0
1,-9.5,hsa05200,Pathways in cancer,M1,1,0
1,-2.2,GO:0010821,regulation of mitochondrion organization,M1,1,0
1,-6.1,GO:1901888,regulation of cell junction assembly,M1,1,0
1,-4.3,GO:0071241,cellular response to inorganic substance,M1,1,0
1,-3,GO:0043117,positive regulation of vascular permeability,M1,1,0
1,-3.4,GO:0010976,positive regulation of neuron projection development,M1,1,0
1,-6.3,GO:0060485,mesenchyme development,M1,1,0
1,-5.5,GO:0003151,outflow tract morphogenesis,M1,1,0
1,-3.1,GO:0040036,regulation of fibroblast growth factor receptor signaling pathway,M1,1,0
1,-3.8,R-HSA-450341,Activation of the AP-1 family of transcription factors,M1,1,0
1,-3,R-HSA-194315,Signaling by Rho GTPases,M1,1,0
1,-3.9,hsa04933,AGE-RAGE signaling pathway in diabetic complications,M1,1,0
1,-4.3,GO:0051495,positive regulation of cytoskeleton organization,M1,1,0
1,-5.6,GO:0050804,modulation of chemical synaptic transmission,M1,1,0
1,-3.4,GO:0051058,negative regulation of small GTPase mediated signal transduction,M1,1,0
1,-2.3,GO:0036294,cellular response to decreased oxygen levels,M1,1,0
1,-2.1,WP383,Striated muscle contraction pathway,M1,1,0
1,-5.1,R-HSA-5362517,Signaling by Retinoic Acid,M1,1,0
1,-2.7,R-HSA-9024446,NR1H2 and NR1H3-mediated signaling,M1,1,0
1,-8,GO:0001933,negative regulation of protein phosphorylation,M1,1,0
1,-4,GO:0097242,amyloid-beta clearance,M1,1,0
1,-5,GO:0008585,female gonad development,M1,1,0
1,-4.7,GO:0031667,response to nutrient levels,M1,1,0
1,-2.1,GO:1902229,regulation of intrinsic apoptotic signaling pathway in response to DNA damage,M1,1,0
1,-3.2,GO:0035633,maintenance of blood-brain barrier,M1,1,0
1,-2.6,GO:0048864,stem cell development,M1,1,0
1,-2.4,R-HSA-350054,Notch-HLH transcription pathway,M1,1,0
1,-4,GO:1901699,cellular response to nitrogen compound,M1,1,0
1,-3.2,GO:0006468,protein phosphorylation,M1,1,0
1,-7.5,GO:0007389,pattern specification process,M1,1,0
1,-2.1,GO:0048588,developmental cell growth,M1,1,0
1,-4.7,GO:0001764,neuron migration,M1,1,0
1,-2.1,GO:0006816,calcium ion transport,M1,1,0
1,-2.2,hsa04974,Protein digestion and absorption,M1,1,0
1,-2.4,GO:0014033,neural crest cell differentiation,M1,1,0
1,-2.2,GO:1903844,regulation of cellular response to transforming growth factor beta stimulus,M1,1,0
1,-2.7,GO:0051101,regulation of DNA binding,M1,1,0
1,-2.5,WP254,Apoptosis,M1,1,0
1,-12,GO:0043408,regulation of MAPK cascade,M1,1,0
1,-2.5,GO:0046037,GMP metabolic process,M1,1,0
1,-2.6,GO:0010226,response to lithium ion,M1,1,0
1,-2.1,R-HSA-168188,Toll Like Receptor TLR6:TLR2 Cascade,M1,1,0
1,-2.5,GO:2000737,negative regulation of stem cell differentiation,M1,1,0
1,-2,GO:0007422,peripheral nervous system development,M1,1,0
1,-2.6,GO:0014068,positive regulation of phosphatidylinositol 3-kinase signaling,M1,1,0
1,-2,GO:0046427,positive regulation of receptor signaling pathway via JAK-STAT,M1,1,0
1,-7.2,WP2858,Ectoderm differentiation,M1,1,0
1,-3,WP3942,PPAR signaling pathway,M1,1,0
1,-2.3,GO:0001655,urogenital system development,M1,1,0
1,-9.5,GO:0010975,regulation of neuron projection development,M1,1,0
1,-14,GO:0072001,renal system development,M1,1,0
1,-3.4,hsa04340,Hedgehog signaling pathway,M1,1,0
1,-3.1,GO:0071396,cellular response to lipid,M1,1,0
1,-2.4,GO:0060037,pharyngeal system development,M1,1,0
1,-4.8,GO:0006066,alcohol metabolic process,M1,1,0
1,-4.9,GO:0003206,cardiac chamber morphogenesis,M1,1,0
1,-2,GO:0010762,regulation of fibroblast migration,M1,1,0
1,-2.6,GO:0030307,positive regulation of cell growth,M1,1,0
1,-6.8,GO:0007411,axon guidance,M1,1,0
1,-2.8,GO:0072012,glomerulus vasculature development,M1,1,0
1,-2.4,GO:0007631,feeding behavior,M1,1,0
1,-5,GO:0042303,molting cycle,M1,1,0
1,-8.3,GO:0048608,reproductive structure development,M1,1,0
1,-3.1,GO:0050680,negative regulation of epithelial cell proliferation,M1,1,0
1,-3,GO:0071900,regulation of protein serine/threonine kinase activity,M1,1,0
1,-3.2,GO:1904036,negative regulation of epithelial cell apoptotic process,M1,1,0
1,-2.4,GO:0035904,aorta development,M1,1,0
1,-2.1,GO:0021955,central nervous system neuron axonogenesis,M1,1,0
1,-5.2,GO:0043549,regulation of kinase activity,M1,1,0
1,-3.5,GO:0010874,regulation of cholesterol efflux,M1,1,0
1,-2.7,GO:0048675,axon extension,M1,1,0
1,-3.9,GO:0009611,response to wounding,M1,1,0
1,-2.1,GO:0016049,cell growth,M1,1,0
1,-2,GO:0043113,receptor clustering,M1,1,0
1,-3.5,GO:0015918,sterol transport,M1,1,0
1,-4.2,GO:0050769,positive regulation of neurogenesis,M1,1,0
1,-2.6,GO:2001238,positive regulation of extrinsic apoptotic signaling pathway,M1,1,0
1,-3.7,GO:0030162,regulation of proteolysis,M1,1,0
1,-4.8,GO:0008544,epidermis development,M1,1,0
1,-2.3,R-HSA-975871,MyD88 cascade initiated on plasma membrane,M1,1,0
1,-2.1,hsa05031,Amphetamine addiction,M1,1,0
1,-9.4,M5885,NABA MATRISOME ASSOCIATED,M1,1,0
1,-3.6,GO:0032371,regulation of sterol transport,M1,1,0
1,-3.2,hsa00430,Taurine and hypotaurine metabolism,M1,1,0
1,-2.7,WP3931,Embryonic stem cell pluripotency pathways,M1,1,0
1,-2.5,M162,PID RXR VDR PATHWAY,M1,1,0
1,-3,GO:0048705,skeletal system morphogenesis,M1,1,0
1,-2,R-HSA-422475,Axon guidance,M1,1,0
1,-2.3,GO:0060393,regulation of pathway-restricted SMAD protein phosphorylation,M1,1,0
1,-9.4,GO:0048812,neuron projection morphogenesis,M1,1,0
1,-2.1,GO:0043542,endothelial cell migration,M1,1,0
1,-3.6,GO:0045862,positive regulation of proteolysis,M1,1,0
1,-2.5,GO:0032868,response to insulin,M1,1,0
1,-8.2,GO:0061458,reproductive system development,M1,1,0
1,-5.2,GO:0030323,respiratory tube development,M1,1,0
1,-2.1,GO:0010717,regulation of epithelial to mesenchymal transition,M1,1,0
1,-2.9,M3468,NABA ECM REGULATORS,M1,1,0
1,-2,WP428,Wnt signaling,M1,1,0
1,-5.9,GO:0051129,negative regulation of cellular component organization,M1,1,0
1,-4,GO:0010719,negative regulation of epithelial to mesenchymal transition,M1,1,0
1,-2.5,WP2328,Allograft rejection,M1,1,0
1,-3.7,GO:0021700,developmental maturation,M1,1,0
1,-4.5,GO:0071417,cellular response to organonitrogen compound,M1,1,0
1,-2.9,R-HSA-3000480,Scavenging by Class A Receptors,M1,1,0
1,-2.4,GO:2000630,positive regulation of miRNA metabolic process,M1,1,0
1,-2.1,WP706,Sudden infant death syndrome (SIDS) susceptibility pathways,M1,1,0
1,-3.1,R-HSA-166520,Signaling by NTRKs,M1,1,0
1,-2.6,GO:0070303,negative regulation of stress-activated protein kinase signaling cascade,M1,1,0
1,-3.4,GO:0097006,regulation of plasma lipoprotein particle levels,M1,1,0
1,-4,GO:0001709,cell fate determination,M1,1,0
1,-4.9,GO:0072028,nephron morphogenesis,M1,1,0
1,-3.2,GO:0048730,epidermis morphogenesis,M1,1,0
1,-2.5,hsa04310,Wnt signaling pathway,M1,1,0
1,-2.3,GO:0001775,cell activation,M1,1,0
1,-6.2,GO:0008015,blood circulation,M1,1,0
1,-5.1,GO:0042327,positive regulation of phosphorylation,M1,1,0
1,-2.6,GO:0071425,hematopoietic stem cell proliferation,M1,1,0
1,-2.1,GO:0071453,cellular response to oxygen levels,M1,1,0
1,-7.6,GO:0010563,negative regulation of phosphorus metabolic process,M1,1,0
1,-4.8,GO:0051962,positive regulation of nervous system development,M1,1,0
1,-4,GO:0072088,nephron epithelium morphogenesis,M1,1,0
1,-2.2,WP2817,Mammary gland development pathway - Pregnancy and lactation (Stage 3 of 4),M1,1,0
1,-2.3,GO:0071276,cellular response to cadmium ion,M1,1,0
1,-2.7,GO:0010633,negative regulation of epithelial cell migration,M1,1,0
1,-8.5,GO:0040013,negative regulation of locomotion,M1,1,0
1,-17,GO:0035239,tube morphogenesis,M1,1,0
1,-2,GO:0070482,response to oxygen levels,M1,1,0
1,-5.5,GO:0033673,negative regulation of kinase activity,M1,1,0
1,-4.6,GO:0050767,regulation of neurogenesis,M1,1,0
1,-8.9,GO:0008285,negative regulation of cell population proliferation,M1,1,0
1,-2.4,hsa05414,Dilated cardiomyopathy,M1,1,0
1,-2.1,GO:0051881,regulation of mitochondrial membrane potential,M1,1,0
1,-4.9,GO:1902904,negative regulation of supramolecular fiber organization,M1,1,0
1,-4.1,GO:0051493,regulation of cytoskeleton organization,M1,1,0
1,-4.1,GO:0071774,response to fibroblast growth factor,M1,1,0
1,-3.8,hsa04151,PI3K-Akt signaling pathway,M1,1,0
1,-3.7,GO:0050921,positive regulation of chemotaxis,M1,1,0
1,-2.8,WP2873,Aryl hydrocarbon receptor pathway,M1,1,0
1,-4.2,GO:0048511,rhythmic process,M1,1,0
1,-5,GO:0110053,regulation of actin filament organization,M1,1,0
1,-5.9,GO:2001236,regulation of extrinsic apoptotic signaling pathway,M1,1,0
1,-4.4,GO:1905954,positive regulation of lipid localization,M1,1,0
1,-4,GO:0006069,ethanol oxidation,M1,1,0
1,-3.7,GO:0003279,cardiac septum development,M1,1,0
1,-7.8,GO:0007548,sex differentiation,M1,1,0
1,-3.7,GO:0043114,regulation of vascular permeability,M1,1,0
1,-3,GO:0046578,regulation of Ras protein signal transduction,M1,1,0
1,-4.3,GO:0032368,regulation of lipid transport,M1,1,0
1,-2.9,GO:0045833,negative regulation of lipid metabolic process,M1,1,0
1,-2.4,GO:0001649,osteoblast differentiation,M1,1,0
1,-4.6,GO:0098773,skin epidermis development,M1,1,0
1,-2.3,GO:0048813,dendrite morphogenesis,M1,1,0
1,-2.1,hsa04668,TNF signaling pathway,M1,1,0
1,-14,GO:0001944,vasculature development,M1,1,0
1,-7.3,GO:0030336,negative regulation of cell migration,M1,1,0
1,-3.4,WP4879,Overlap between signal transduction pathways contributing to LMNA laminopathies,M1,1,0
1,-6.6,GO:0001558,regulation of cell growth,M1,1,0
1,-7.4,hsa04010,MAPK signaling pathway,M1,1,0
1,-2.5,GO:0042692,muscle cell differentiation,M1,1,0
1,-2.4,GO:0032436,positive regulation of proteasomal ubiquitin-dependent protein catabolic process,M1,1,0
1,-2.8,hsa03320,PPAR signaling pathway,M1,1,0
1,-6.8,GO:0045165,cell fate commitment,M1,1,0
1,-6.8,R-HSA-381426,Regulation of Insulin-like Growth Factor (IGF) transport and uptake by Insulin-like Growth Factor Binding Proteins (IGFBPs),M1,1,0
1,-3.5,R-HSA-381340,Transcriptional regulation of white adipocyte differentiation,M1,1,0
1,-3.1,GO:0010596,negative regulation of endothelial cell migration,M1,1,0
1,-2.8,GO:0051346,negative regulation of hydrolase activity,M1,1,0
1,-4,WP4565,Neural crest cell migration in cancer,M1,1,0
1,-2.9,hsa00071,Fatty acid degradation,M1,1,0
1,-2.5,GO:0099537,trans-synaptic signaling,M1,1,0
1,-2.1,GO:0014059,regulation of dopamine secretion,M1,1,0
1,-2.3,R-HSA-9675108,Nervous system development,M1,1,0
1,-2.7,GO:0018212,peptidyl-tyrosine modification,M1,1,0
1,-2.4,GO:0071456,cellular response to hypoxia,M1,1,0
1,-5.8,WP408,Oxidative stress response,M1,1,0
1,-3.5,hsa04014,Ras signaling pathway,M1,1,0
1,-5.3,GO:0007507,heart development,M1,1,0
1,-2.5,GO:0061448,connective tissue development,M1,1,0
1,-4.8,GO:0060840,artery development,M1,1,0
1,-3.6,GO:0043434,response to peptide hormone,M1,1,0
1,-3.5,GO:0033700,phospholipid efflux,M1,1,0
1,-2.1,GO:0031668,cellular response to extracellular stimulus,M1,1,0
1,-4.4,GO:0051963,regulation of synapse assembly,M1,1,0
1,-4.2,R-HSA-9031628,NGF-stimulated transcription,M1,1,0
1,-2.3,GO:0070542,response to fatty acid,M1,1,0
1,-4.9,GO:0061333,renal tubule morphogenesis,M1,1,0
1,-4.1,GO:0150063,visual system development,M1,1,0
1,-2.7,R-HSA-2122947,NOTCH1 Intracellular Domain Regulates Transcription,M1,1,0
1,-2.3,R-HSA-2871796,FCERI mediated MAPK activation,M1,1,0
1,-2.8,GO:0048017,inositol lipid-mediated signaling,M1,1,0
1,-4.8,GO:0001503,ossification,M1,1,0
1,-2.9,GO:2000269,regulation of fibroblast apoptotic process,M1,1,0
1,-2.1,GO:0014066,regulation of phosphatidylinositol 3-kinase signaling,M1,1,0
1,-2.5,GO:0007435,salivary gland morphogenesis,M1,1,0
1,-13,GO:0031175,neuron projection development,M1,1,0
1,-9.3,GO:0120039,plasma membrane bounded cell projection morphogenesis,M1,1,0
1,-2.5,GO:0050890,cognition,M1,1,0
1,-2,R-HSA-140877,Formation of Fibrin Clot (Clotting Cascade),M1,1,0
1,-2,GO:0015908,fatty acid transport,M1,1,0
1,-3.6,GO:0043405,regulation of MAP kinase activity,M1,1,0
1,-2.4,WP4630,Measles virus infection,M1,1,0
1,-9.2,GO:0048858,cell projection morphogenesis,M1,1,0
1,-4.5,GO:0022404,molting cycle process,M1,1,0
1,-2.6,GO:0030316,osteoclast differentiation,M1,1,0
1,-6.9,GO:0009612,response to mechanical stimulus,M1,1,0
1,-3.4,GO:0090066,regulation of anatomical structure size,M1,1,0
1,-2.4,GO:1900180,regulation of protein localization to nucleus,M1,1,0
1,-2.8,hsa05412,Arrhythmogenic right ventricular cardiomyopathy,M1,1,0
1,-5.5,GO:0090101,negative regulation of transmembrane receptor protein serine/threonine kinase signaling pathway,M1,1,0
1,-3.7,GO:1901653,cellular response to peptide,M1,1,0
1,-9.5,GO:0007169,transmembrane receptor protein tyrosine kinase signaling pathway,M1,1,0
1,-5.9,GO:1902903,regulation of supramolecular fiber organization,M1,1,0
1,-2.4,GO:1902230,negative regulation of intrinsic apoptotic signaling pathway in response to DNA damage,M1,1,0
1,-3.1,GO:1903706,regulation of hemopoiesis,M1,1,0
1,-2.5,GO:0009267,cellular response to starvation,M1,1,0
1,-3.7,GO:0048863,stem cell differentiation,M1,1,0
1,-2.3,GO:0036293,response to decreased oxygen levels,M1,1,0
1,-2.4,GO:0032102,negative regulation of response to external stimulus,M1,1,0
1,-5.5,GO:0060541,respiratory system development,M1,1,0
1,-3.8,GO:0008038,neuron recognition,M1,1,0
1,-3.9,GO:0032970,regulation of actin filament-based process,M1,1,0
1,-6.8,GO:0031589,cell-substrate adhesion,M1,1,0
1,-3.4,R-HSA-1251985,Nuclear signaling by ERBB4,M1,1,0
1,-3,GO:0010885,regulation of cholesterol storage,M1,1,0
1,-4.5,GO:1901215,negative regulation of neuron death,M1,1,0
1,-2.1,hsa04932,Non-alcoholic fatty liver disease,M1,1,0
1,-2.9,GO:0016358,dendrite development,M1,1,0
1,-3.9,GO:0099560,synaptic membrane adhesion,M1,1,0
1,-3.4,GO:0031102,neuron projection regeneration,M1,1,0
1,-2.1,GO:0021915,neural tube development,M1,1,0
1,-5.6,GO:0071772,response to BMP,M1,1,0
1,-2.3,GO:2001243,negative regulation of intrinsic apoptotic signaling pathway,M1,1,0
1,-3.1,R-HSA-9029569,NR1H3 & NR1H2 regulate gene expression linked to cholesterol transport and efflux,M1,1,0
1,-3.7,GO:1904035,regulation of epithelial cell apoptotic process,M1,1,0
1,-5.9,hsa00982,Drug metabolism - cytochrome P450,M1,1,0
1,-2.3,GO:0046546,development of primary male sexual characteristics,M1,1,0
1,-3.7,GO:0046710,GDP metabolic process,M1,1,0
1,-2.2,GO:0050768,negative regulation of neurogenesis,M1,1,0
1,-12,GO:0061564,axon development,M1,1,0
1,-2.5,GO:1903020,positive regulation of glycoprotein metabolic process,M1,1,0
1,-10,WP5053,Development of ureteric collection system,M1,1,0
1,-2.4,GO:0001508,action potential,M1,1,0
1,-5,GO:0045229,external encapsulating structure organization,M1,1,0
1,-3,GO:0043116,negative regulation of vascular permeability,M1,1,0
1,-2.3,GO:0046903,secretion,M1,1,0
1,-2.8,GO:0032872,regulation of stress-activated MAPK cascade,M1,1,0
1,-2.2,GO:0045773,positive regulation of axon extension,M1,1,0
1,-2.9,GO:0071827,plasma lipoprotein particle organization,M1,1,0
1,-2.6,WP1528,Physiological and pathological hypertrophy of the heart,M1,1,0
1,-2.1,WP481,Insulin signaling,M1,1,0
1,-2.9,GO:0071364,cellular response to epidermal growth factor stimulus,M1,1,0
1,-2.6,GO:0071695,anatomical structure maturation,M1,1,0
1,-2.7,GO:0034377,plasma lipoprotein particle assembly,M1,1,0
1,-3.2,GO:0055088,lipid homeostasis,M1,1,0
1,-2,GO:0030100,regulation of endocytosis,M1,1,0
1,-3.9,GO:0016125,sterol metabolic process,M1,1,0
1,-2.4,GO:1903050,regulation of proteolysis involved in protein catabolic process,M1,1,0
1,-2.7,M288,PID HES HEY PATHWAY,M1,1,0
1,-3.8,GO:0007517,muscle organ development,M1,1,0
1,-3.1,GO:0007162,negative regulation of cell adhesion,M1,1,0
1,-2.3,WP430,Statin inhibition of cholesterol production,M1,1,0
1,-3.5,GO:0030857,negative regulation of epithelial cell differentiation,M1,1,0
1,-4.4,WP558,Complement and coagulation cascades,M1,1,0
1,-2.3,GO:0031116,positive regulation of microtubule polymerization,M1,1,0
1,-2.3,WP3996,Ethanol effects on histone modifications,M1,1,0
1,-4.9,GO:0003002,regionalization,M1,1,0
1,-3.1,GO:0007179,transforming growth factor beta receptor signaling pathway,M1,1,0
1,-6.6,GO:0032870,cellular response to hormone stimulus,M1,1,0
1,-2.4,WP5102,Familial partial lipodystrophy,M1,1,0
1,-3.4,GO:0032355,response to estradiol,M1,1,0
1,-2.7,WP712,Estrogen signaling pathway,M1,1,0
1,-2.2,GO:0048841,regulation of axon extension involved in axon guidance,M1,1,0
1,-2.3,GO:0051055,negative regulation of lipid biosynthetic process,M1,1,0
1,-2.1,GO:0006979,response to oxidative stress,M1,1,0
1,-3.4,GO:0030326,embryonic limb morphogenesis,M1,1,0
1,-3.5,WP4262,Breast cancer pathway,M1,1,0
1,-4.5,GO:0022405,hair cycle process,M1,1,0
1,-4.3,R-HSA-8963898,Plasma lipoprotein assembly,M1,1,0
1,-2,GO:0045619,regulation of lymphocyte differentiation,M1,1,0
1,-5.2,R-HSA-9013508,NOTCH3 Intracellular Domain Regulates Transcription,M1,1,0
1,-3.8,WP5115,Network map of SARS-CoV-2 signaling pathway,M1,1,0
1,-4,WP4249,Hedgehog signaling pathway,M1,1,0
1,-2.8,GO:2000060,positive regulation of ubiquitin-dependent protein catabolic process,M1,1,0
1,-4.5,GO:0072171,mesonephric tubule morphogenesis,M1,1,0
1,-9.5,GO:0001823,mesonephros development,M1,1,0
1,-2.4,GO:0043388,positive regulation of DNA binding,M1,1,0
1,-2.3,WP2380,Brain-derived neurotrophic factor (BDNF) signaling pathway,M1,1,0
1,-3,GO:0072089,stem cell proliferation,M1,1,0
1,-2.2,GO:1900181,negative regulation of protein localization to nucleus,M1,1,0
1,-2.2,GO:0061036,positive regulation of cartilage development,M1,1,0
1,-3.5,hsa05202,Transcriptional misregulation in cancer,M1,1,0
1,-2,GO:0048662,negative regulation of smooth muscle cell proliferation,M1,1,0
1,-2.3,GO:0008217,regulation of blood pressure,M1,1,0
1,-3.2,R-HSA-210744,Regulation of gene expression in late stage (branching morphogenesis) pancreatic bud precursor cells,M1,1,0
1,-8.5,GO:0072163,mesonephric epithelium development,M1,1,0
1,-2.9,WP314,Fas ligand pathway and stress induction of heat shock proteins,M1,1,0
1,-2,WP127,IL-5 signaling pathway,M1,1,0
1,-3.4,GO:0071675,regulation of mononuclear cell migration,M1,1,0
1,-4.3,hsa00350,Tyrosine metabolism,M1,1,0
1,-3.7,GO:0021889,olfactory bulb interneuron differentiation,M1,1,0
1,-2.2,GO:0034394,protein localization to cell surface,M1,1,0
1,-6.4,GO:0090090,negative regulation of canonical Wnt signaling pathway,M1,1,0
1,-3.9,WP334,"GPCRs, class B secretin-like",M1,1,0
1,-2.6,GO:0010232,vascular transport,M1,1,0
1,-6,GO:0031400,negative regulation of protein modification process,M1,1,0
1,-5.8,GO:0090092,regulation of transmembrane receptor protein serine/threonine kinase signaling pathway,M1,1,0
1,-5,hsa00830,Retinol metabolism,M1,1,0
1,-2.6,hsa04012,ErbB signaling pathway,M1,1,0
1,-5,GO:0043524,negative regulation of neuron apoptotic process,M1,1,0
1,-4.4,WP5055,Burn wound healing,M1,1,0
1,-2.4,GO:0001894,tissue homeostasis,M1,1,0
1,-2.3,GO:0032271,regulation of protein polymerization,M1,1,0
1,-2.6,GO:0035023,regulation of Rho protein signal transduction,M1,1,0
1,-3.3,GO:0003231,cardiac ventricle development,M1,1,0
1,-3.2,GO:0071398,cellular response to fatty acid,M1,1,0
1,-3,GO:1990748,cellular detoxification,M1,1,0
