_MEMBER_MyList,_LogP_MyList,GO,Description,_PATTERN_,_RANK_,CHILD_GO_MyList
1,-17.552786869433437,GO:0023052,signaling,M1,1,GO:0007167 enzyme-linked receptor protein signaling pathway
1,-16.5525583052905,GO:0032502,developmental process,M1,1,GO:0035239 tube morphogenesis
1,-13.492398525842884,GO:0050896,response to stimulus,M1,1,GO:0070848 response to growth factor
1,-10.173833465968226,GO:0009987,cellular process,M1,1,GO:0008283 cell population proliferation
1,-8.92219501363056,GO:0048519,negative regulation of biological process,M1,1,GO:0008285 negative regulation of cell population proliferation
1,-8.734988036674423,GO:0040007,growth,M1,1,GO:0040008 regulation of growth
1,-8.532842962657755,GO:0040011,locomotion,M1,1,GO:0040013 negative regulation of locomotion
1,-8.300687529983318,GO:0022414,reproductive process,M1,1,GO:0048608 reproductive structure development
1,-8.174056768172944,GO:0050789,regulation of biological process,M1,1,GO:0031344 regulation of cell projection organization
1,-8.04899091295672,GO:0032501,multicellular organismal process,M1,1,GO:0003013 circulatory system process
1,-7.413794443794048,GO:0048518,positive regulation of biological process,M1,1,GO:0043065 positive regulation of apoptotic process
1,-5.765540729256968,GO:0065007,biological regulation,M1,1,GO:0043086 negative regulation of catalytic activity
1,-5.2606627232942955,GO:0008152,metabolic process,M1,1,GO:1901615 organic hydroxy compound metabolic process
1,-5.20359855966188,GO:0051179,localization,M1,1,GO:1905952 regulation of lipid localization
1,-5.025766011488808,GO:0002376,immune system process,M1,1,GO:0002683 negative regulation of immune system process
1,-4.403923032393126,GO:0042592,homeostatic process,M1,1,GO:0120161 regulation of cold-induced thermogenesis
1,-4.209813112564581,GO:0048511,rhythmic process,M1,1,GO:0048511 rhythmic process
1,-3.2605702847401377,GO:0044419,biological process involved in interspecies interaction between organisms,M1,1,"GO:0006957 complement activation, alternative pathway"
1,-2.9543195273217733,GO:0098754,detoxification,M1,1,GO:1990748 cellular detoxification
