_MEMBER_MyList,_LogP_MyList,GO,Description,_PATTERN_,_RANK_,CHILD_GO_MyList
1,-16.86194511877984,GO:0032502,developmental process,M1,1,GO:0001944 vasculature development
1,-16.29277519925857,GO:0009987,cellular process,M1,1,GO:0030198 extracellular matrix organization
1,-12.7133030487299,GO:0040011,locomotion,M1,1,GO:0006935 chemotaxis
1,-11.563928962174586,GO:0023052,signaling,M1,1,GO:0007167 enzyme-linked receptor protein signaling pathway
1,-8.866690658081884,GO:0032501,multicellular organismal process,M1,1,GO:0008015 blood circulation
1,-7.87242292359666,GO:0050896,response to stimulus,M1,1,GO:0009725 response to hormone
1,-7.759523646312217,GO:0040007,growth,M1,1,GO:0040008 regulation of growth
1,-7.414026126120745,GO:0048518,positive regulation of biological process,M1,1,GO:0045785 positive regulation of cell adhesion
1,-7.1755174364750545,GO:0050789,regulation of biological process,M1,1,GO:0050678 regulation of epithelial cell proliferation
1,-6.107305113116692,GO:0051179,localization,M1,1,GO:0006898 receptor-mediated endocytosis
1,-4.894088365784419,GO:0065007,biological regulation,M1,1,GO:0090066 regulation of anatomical structure size
1,-4.477813645388633,GO:0008152,metabolic process,M1,1,GO:0043549 regulation of kinase activity
1,-4.009809372183957,GO:0048519,negative regulation of biological process,M1,1,GO:0045906 negative regulation of vasoconstriction
1,-2.9666837584535397,GO:0044419,biological process involved in interspecies interaction between organisms,M1,1,GO:0009617 response to bacterium
1,-2.8032423831386306,GO:0002376,immune system process,M1,1,GO:0031295 T cell costimulation
1,-2.2610927874486006,GO:0022414,reproductive process,M1,1,GO:0007565 female pregnancy
1,-2.216310768652135,GO:0042592,homeostatic process,M1,1,GO:0051282 regulation of sequestering of calcium ion
