_MEMBER_MyList,_LogP_MyList,GO,Description,_PATTERN_,_RANK_,GiniIndex
1,-3.5,GO:0040013,negative regulation of locomotion,M1,1,0
1,-2,GO:0070252,actin-mediated cell contraction,M1,1,0
1,-3.2,GO:0031102,neuron projection regeneration,M1,1,0
1,-2.1,GO:0046620,regulation of organ growth,M1,1,0
1,-2,GO:0045773,positive regulation of axon extension,M1,1,0
1,-2.8,M62,PID EPHB FWD PATHWAY,M1,1,0
1,-2.5,R-HSA-373752,Netrin-1 signaling,M1,1,0
1,-3.5,GO:0042326,negative regulation of phosphorylation,M1,1,0
1,-2.1,GO:0070542,response to fatty acid,M1,1,0
1,-3.2,GO:0070593,dendrite self-avoidance,M1,1,0
1,-2.3,GO:0003209,cardiac atrium morphogenesis,M1,1,0
1,-2.1,R-HSA-192105,Synthesis of bile acids and bile salts,M1,1,0
1,-2.9,GO:0009100,glycoprotein metabolic process,M1,1,0
1,-6.5,GO:0001558,regulation of cell growth,M1,1,0
1,-5,R-HSA-6794362,Protein-protein interactions at synapses,M1,1,0
1,-3.2,GO:0032412,regulation of monoatomic ion transmembrane transporter activity,M1,1,0
1,-2.2,hsa04730,Long-term depression,M1,1,0
1,-5.4,GO:1901652,response to peptide,M1,1,0
1,-2,GO:0010721,negative regulation of cell development,M1,1,0
1,-3.9,GO:0022407,regulation of cell-cell adhesion,M1,1,0
1,-2.5,GO:0033628,regulation of cell adhesion mediated by integrin,M1,1,0
1,-2.4,GO:0060324,face development,M1,1,0
1,-2.9,GO:0038127,ERBB signaling pathway,M1,1,0
1,-2.1,GO:2000116,regulation of cysteine-type endopeptidase activity,M1,1,0
1,-3.2,GO:0030510,regulation of BMP signaling pathway,M1,1,0
1,-2.9,R-HSA-1650814,Collagen biosynthesis and modifying enzymes,M1,1,0
1,-4.2,GO:0030203,glycosaminoglycan metabolic process,M1,1,0
1,-6.4,WP4222,Phosphodiesterases in neuronal function,M1,1,0
1,-4,GO:0017015,regulation of transforming growth factor beta receptor signaling pathway,M1,1,0
1,-2.3,GO:0060037,pharyngeal system development,M1,1,0
1,-2.2,M166,PID ATF2 PATHWAY,M1,1,0
1,-16,GO:0043062,extracellular structure organization,M1,1,0
1,-5.2,WP306,Focal adhesion,M1,1,0
1,-2.6,GO:0048485,sympathetic nervous system development,M1,1,0
1,-2.5,M92,PID ANGIOPOIETIN RECEPTOR PATHWAY,M1,1,0
1,-2.1,GO:0010517,regulation of phospholipase activity,M1,1,0
1,-4.2,R-HSA-1474228,Degradation of the extracellular matrix,M1,1,0
1,-4,R-HSA-195399,VEGF binds to VEGFR leading to receptor dimerization,M1,1,0
1,-2.1,GO:0043954,cellular component maintenance,M1,1,0
1,-2.1,hsa05231,Choline metabolism in cancer,M1,1,0
1,-3.2,GO:0043086,negative regulation of catalytic activity,M1,1,0
1,-2.2,GO:0021545,cranial nerve development,M1,1,0
1,-5.3,GO:0060560,developmental growth involved in morphogenesis,M1,1,0
1,-4.5,GO:1901653,cellular response to peptide,M1,1,0
1,-4.6,WP2880,Glucocorticoid receptor pathway,M1,1,0
1,-3.8,R-HSA-1630316,Glycosaminoglycan metabolism,M1,1,0
1,-2.3,GO:0003231,cardiac ventricle development,M1,1,0
1,-3.5,GO:0045165,cell fate commitment,M1,1,0
1,-5.8,GO:0090287,regulation of cellular response to growth factor stimulus,M1,1,0
1,-4,GO:0006812,monoatomic cation transport,M1,1,0
1,-5,GO:0050808,synapse organization,M1,1,0
1,-2.9,GO:2000146,negative regulation of cell motility,M1,1,0
1,-2.5,GO:0031345,negative regulation of cell projection organization,M1,1,0
1,-3.7,GO:0050865,regulation of cell activation,M1,1,0
1,-4.1,GO:0034110,regulation of homotypic cell-cell adhesion,M1,1,0
1,-2.6,GO:1902903,regulation of supramolecular fiber organization,M1,1,0
1,-4.5,GO:0034762,regulation of transmembrane transport,M1,1,0
1,-3.4,R-HSA-6785807,Interleukin-4 and Interleukin-13 signaling,M1,1,0
1,-3.5,GO:0070588,calcium ion transmembrane transport,M1,1,0
1,-8,GO:0000904,cell morphogenesis involved in differentiation,M1,1,0
1,-2.1,GO:0010631,epithelial cell migration,M1,1,0
1,-3.6,GO:0003012,muscle system process,M1,1,0
1,-3.5,WP3888,VEGFA-VEGFR2 signaling pathway,M1,1,0
1,-2.7,GO:0061383,trabecula morphogenesis,M1,1,0
1,-3.7,GO:0048639,positive regulation of developmental growth,M1,1,0
1,-7.4,GO:0009611,response to wounding,M1,1,0
1,-2.2,GO:0030048,actin filament-based movement,M1,1,0
1,-2,GO:0008286,insulin receptor signaling pathway,M1,1,0
1,-6.9,GO:0001764,neuron migration,M1,1,0
1,-3.1,GO:0030516,regulation of axon extension,M1,1,0
1,-2.3,GO:0031110,regulation of microtubule polymerization or depolymerization,M1,1,0
1,-4.6,GO:0009410,response to xenobiotic stimulus,M1,1,0
1,-3.2,GO:0034220,monoatomic ion transmembrane transport,M1,1,0
1,-3.6,hsa04933,AGE-RAGE signaling pathway in diabetic complications,M1,1,0
1,-2.4,GO:0030162,regulation of proteolysis,M1,1,0
1,-5,GO:0001503,ossification,M1,1,0
1,-2.4,GO:0051494,negative regulation of cytoskeleton organization,M1,1,0
1,-3.3,R-HSA-2022928,HS-GAG biosynthesis,M1,1,0
1,-4.3,GO:0042327,positive regulation of phosphorylation,M1,1,0
1,-2.3,GO:0071407,cellular response to organic cyclic compound,M1,1,0
1,-2.3,GO:0090504,epiboly,M1,1,0
1,-4.5,GO:0042391,regulation of membrane potential,M1,1,0
1,-12,GO:0034330,cell junction organization,M1,1,0
1,-5.2,GO:0090497,mesenchymal cell migration,M1,1,0
1,-4,GO:0048863,stem cell differentiation,M1,1,0
1,-3.4,WP5200,Dravet syndrome,M1,1,0
1,-3,GO:0051051,negative regulation of transport,M1,1,0
1,-2.8,WP2828,Bladder cancer,M1,1,0
1,-2.4,GO:0071622,regulation of granulocyte chemotaxis,M1,1,0
1,-2.2,GO:0045862,positive regulation of proteolysis,M1,1,0
1,-2.1,GO:0051893,regulation of focal adhesion assembly,M1,1,0
1,-2.1,GO:0055013,cardiac muscle cell development,M1,1,0
1,-4.4,GO:0070372,regulation of ERK1 and ERK2 cascade,M1,1,0
1,-2.5,GO:0051897,positive regulation of protein kinase B signaling,M1,1,0
1,-3.9,GO:0072001,renal system development,M1,1,0
1,-2.3,M5880,NABA ECM AFFILIATED,M1,1,0
1,-7.4,GO:0007507,heart development,M1,1,0
1,-2.2,GO:0030166,proteoglycan biosynthetic process,M1,1,0
1,-17,GO:0001944,vasculature development,M1,1,0
1,-5.1,GO:0048588,developmental cell growth,M1,1,0
1,-4.7,GO:0003007,heart morphogenesis,M1,1,0
1,-3.5,GO:0051056,regulation of small GTPase mediated signal transduction,M1,1,0
1,-2.9,M279,PID RB 1PATHWAY,M1,1,0
1,-3.7,GO:0071711,basement membrane organization,M1,1,0
1,-3.9,WP3624,Lung fibrosis,M1,1,0
1,-2.2,GO:0034308,primary alcohol metabolic process,M1,1,0
1,-3.5,R-HSA-3000178,ECM proteoglycans,M1,1,0
1,-4.9,GO:0002009,morphogenesis of an epithelium,M1,1,0
1,-2.6,GO:0003283,atrial septum development,M1,1,0
1,-2,hsa04020,Calcium signaling pathway,M1,1,0
1,-2.5,GO:0010640,regulation of platelet-derived growth factor receptor signaling pathway,M1,1,0
1,-4.4,hsa04014,Ras signaling pathway,M1,1,0
1,-3.8,GO:0006198,cAMP catabolic process,M1,1,0
1,-2.3,GO:0019933,cAMP-mediated signaling,M1,1,0
1,-9.9,GO:0048812,neuron projection morphogenesis,M1,1,0
1,-5.9,GO:0048483,autonomic nervous system development,M1,1,0
1,-2.1,GO:0090322,regulation of superoxide metabolic process,M1,1,0
1,-2,GO:0001990,regulation of systemic arterial blood pressure by hormone,M1,1,0
1,-3.1,GO:0045986,negative regulation of smooth muscle contraction,M1,1,0
1,-7.5,R-HSA-76002,"Platelet activation, signaling and aggregation",M1,1,0
1,-2.3,GO:0002028,regulation of sodium ion transport,M1,1,0
1,-2.2,WP236,Adipogenesis,M1,1,0
1,-3.3,GO:0014066,regulation of phosphatidylinositol 3-kinase signaling,M1,1,0
1,-9.2,GO:0040017,positive regulation of locomotion,M1,1,0
1,-2.5,GO:0006954,inflammatory response,M1,1,0
1,-3,GO:0036293,response to decreased oxygen levels,M1,1,0
1,-3.2,GO:0070141,response to UV-A,M1,1,0
1,-9.3,GO:0000902,cell morphogenesis,M1,1,0
1,-2.9,R-HSA-372790,Signaling by GPCR,M1,1,0
1,-2.2,GO:0022029,telencephalon cell migration,M1,1,0
1,-3,GO:0098657,import into cell,M1,1,0
1,-4.4,GO:1901166,neural crest cell migration involved in autonomic nervous system development,M1,1,0
1,-3.9,GO:0008285,negative regulation of cell population proliferation,M1,1,0
1,-7.2,GO:0048251,elastic fiber assembly,M1,1,0
1,-3.2,GO:1904044,response to aldosterone,M1,1,0
1,-2.5,R-HSA-418597,G alpha (z) signalling events,M1,1,0
1,-5.5,hsa04360,Axon guidance,M1,1,0
1,-13,GO:0042330,taxis,M1,1,0
1,-3.4,GO:0008361,regulation of cell size,M1,1,0
1,-2.2,GO:0098901,regulation of cardiac muscle cell action potential,M1,1,0
1,-2.4,GO:0051155,positive regulation of striated muscle cell differentiation,M1,1,0
1,-3.9,GO:0090100,positive regulation of transmembrane receptor protein serine/threonine kinase signaling pathway,M1,1,0
1,-3.4,GO:0045927,positive regulation of growth,M1,1,0
1,-2.2,GO:0010565,regulation of cellular ketone metabolic process,M1,1,0
1,-3.8,WP4148,Splicing factor NOVA regulated synaptic proteins,M1,1,0
1,-4.6,GO:0003158,endothelium development,M1,1,0
1,-4.3,GO:0007416,synapse assembly,M1,1,0
1,-4.9,GO:0048568,embryonic organ development,M1,1,0
1,-3.8,GO:1901388,regulation of transforming growth factor beta activation,M1,1,0
1,-5,hsa04151,PI3K-Akt signaling pathway,M1,1,0
1,-2.7,GO:1903530,regulation of secretion by cell,M1,1,0
1,-3,R-HSA-111885,Opioid Signalling,M1,1,0
1,-3,GO:0031960,response to corticosteroid,M1,1,0
1,-3.1,GO:0042308,negative regulation of protein import into nucleus,M1,1,0
1,-2.3,WP4879,Overlap between signal transduction pathways contributing to LMNA laminopathies,M1,1,0
1,-2.7,GO:0099054,presynapse assembly,M1,1,0
1,-15,GO:0001568,blood vessel development,M1,1,0
1,-2,GO:0090050,positive regulation of cell migration involved in sprouting angiogenesis,M1,1,0
1,-3,hsa00230,Purine metabolism,M1,1,0
1,-4.5,GO:0010942,positive regulation of cell death,M1,1,0
1,-3.5,GO:0048598,embryonic morphogenesis,M1,1,0
1,-4,GO:0019216,regulation of lipid metabolic process,M1,1,0
1,-2.7,WP2911,miRNA targets in ECM and membrane receptors,M1,1,0
1,-2.2,GO:1904705,regulation of vascular associated smooth muscle cell proliferation,M1,1,0
1,-4.2,GO:0048486,parasympathetic nervous system development,M1,1,0
1,-4.9,GO:0043410,positive regulation of MAPK cascade,M1,1,0
1,-17,M5884,NABA CORE MATRISOME,M1,1,0
1,-3,GO:0098660,inorganic ion transmembrane transport,M1,1,0
1,-2.9,GO:0007179,transforming growth factor beta receptor signaling pathway,M1,1,0
1,-14,R-HSA-1474244,Extracellular matrix organization,M1,1,0
1,-4.7,GO:0008217,regulation of blood pressure,M1,1,0
1,-3.3,GO:0030323,respiratory tube development,M1,1,0
1,-5.6,R-HSA-9006934,Signaling by Receptor Tyrosine Kinases,M1,1,0
1,-3.6,GO:0019722,calcium-mediated signaling,M1,1,0
1,-3.1,GO:0030522,intracellular receptor signaling pathway,M1,1,0
1,-10,GO:0007169,transmembrane receptor protein tyrosine kinase signaling pathway,M1,1,0
1,-5.1,GO:0035904,aorta development,M1,1,0
1,-2.9,GO:0052652,cyclic purine nucleotide metabolic process,M1,1,0
1,-2.8,M5887,NABA BASEMENT MEMBRANES,M1,1,0
1,-2.3,GO:0001954,positive regulation of cell-matrix adhesion,M1,1,0
1,-3.2,hsa04742,Taste transduction,M1,1,0
1,-4.4,GO:0030001,metal ion transport,M1,1,0
1,-2.7,WP2882,Nuclear receptors meta-pathway,M1,1,0
1,-2.3,GO:1901888,regulation of cell junction assembly,M1,1,0
1,-5,GO:0016049,cell growth,M1,1,0
1,-4,GO:1903844,regulation of cellular response to transforming growth factor beta stimulus,M1,1,0
1,-3,GO:0003073,regulation of systemic arterial blood pressure,M1,1,0
1,-2.9,R-HSA-1442490,Collagen degradation,M1,1,0
1,-3,M212,PID INTEGRIN5 PATHWAY,M1,1,0
1,-3.1,hsa04512,ECM-receptor interaction,M1,1,0
1,-2.2,GO:0007229,integrin-mediated signaling pathway,M1,1,0
1,-3.6,GO:0022612,gland morphogenesis,M1,1,0
1,-3.9,GO:0007263,nitric oxide mediated signal transduction,M1,1,0
1,-3.9,GO:0071417,cellular response to organonitrogen compound,M1,1,0
1,-3,WP437,EGF/EGFR signaling pathway,M1,1,0
1,-2.9,GO:0007568,aging,M1,1,0
1,-2.2,GO:1903053,regulation of extracellular matrix organization,M1,1,0
1,-2.9,GO:0051224,negative regulation of protein transport,M1,1,0
1,-2.7,GO:0009154,purine ribonucleotide catabolic process,M1,1,0
1,-4,GO:0032869,cellular response to insulin stimulus,M1,1,0
1,-2.8,GO:0008277,regulation of G protein-coupled receptor signaling pathway,M1,1,0
1,-2.2,GO:0006081,cellular aldehyde metabolic process,M1,1,0
1,-3.3,GO:0098662,inorganic cation transmembrane transport,M1,1,0
1,-8.5,GO:0003013,circulatory system process,M1,1,0
1,-4.3,GO:0061387,regulation of extent of cell growth,M1,1,0
1,-3,GO:2001212,regulation of vasculogenesis,M1,1,0
1,-4.8,WP35,G protein signaling pathways,M1,1,0
1,-3,GO:0055001,muscle cell development,M1,1,0
1,-2.8,GO:0010469,regulation of signaling receptor activity,M1,1,0
1,-9.3,GO:0032990,cell part morphogenesis,M1,1,0
1,-3,GO:0060393,regulation of pathway-restricted SMAD protein phosphorylation,M1,1,0
1,-3.1,GO:1903510,mucopolysaccharide metabolic process,M1,1,0
1,-2.3,GO:0097190,apoptotic signaling pathway,M1,1,0
1,-2.6,GO:0060976,coronary vasculature development,M1,1,0
1,-4,GO:0045906,negative regulation of vasoconstriction,M1,1,0
1,-2,WP3303,RAC1/PAK1/p38/MMP2 pathway,M1,1,0
1,-3.9,R-HSA-2980736,Peptide hormone metabolism,M1,1,0
1,-2.3,GO:0009612,response to mechanical stimulus,M1,1,0
1,-13,M5885,NABA MATRISOME ASSOCIATED,M1,1,0
1,-2.2,GO:0072073,kidney epithelium development,M1,1,0
1,-2,GO:0044703,multi-organism reproductive process,M1,1,0
1,-3.5,M160,PID AVB3 INTEGRIN PATHWAY,M1,1,0
1,-3.6,GO:0008016,regulation of heart contraction,M1,1,0
1,-3.3,GO:0033555,multicellular organismal response to stress,M1,1,0
1,-6.1,GO:0006898,receptor-mediated endocytosis,M1,1,0
1,-6,GO:0007160,cell-matrix adhesion,M1,1,0
1,-5.5,GO:0010811,positive regulation of cell-substrate adhesion,M1,1,0
1,-9.4,GO:2000147,positive regulation of cell motility,M1,1,0
1,-7.8,GO:0040008,regulation of growth,M1,1,0
1,-2.2,R-HSA-3000171,Non-integrin membrane-ECM interactions,M1,1,0
1,-2.4,GO:0031103,axon regeneration,M1,1,0
1,-2.5,R-HSA-3928665,EPH-ephrin mediated repulsion of cells,M1,1,0
1,-2.6,GO:0071383,cellular response to steroid hormone stimulus,M1,1,0
1,-7.5,GO:0001945,lymph vessel development,M1,1,0
1,-4.5,GO:0090330,regulation of platelet aggregation,M1,1,0
1,-3,GO:0030307,positive regulation of cell growth,M1,1,0
1,-2.3,GO:0030212,hyaluronan metabolic process,M1,1,0
1,-2.1,GO:0010876,lipid localization,M1,1,0
1,-2.7,GO:0031294,lymphocyte costimulation,M1,1,0
1,-5.7,GO:0043408,regulation of MAPK cascade,M1,1,0
1,-3.3,GO:0007162,negative regulation of cell adhesion,M1,1,0
1,-2.3,GO:0098916,anterograde trans-synaptic signaling,M1,1,0
1,-2.3,GO:1900078,positive regulation of cellular response to insulin stimulus,M1,1,0
1,-3.7,GO:0007043,cell-cell junction assembly,M1,1,0
1,-3.4,GO:2001056,positive regulation of cysteine-type endopeptidase activity,M1,1,0
1,-4,GO:0031111,negative regulation of microtubule polymerization or depolymerization,M1,1,0
1,-2.7,R-HSA-5653656,Vesicle-mediated transport,M1,1,0
1,-3.5,GO:0002027,regulation of heart rate,M1,1,0
1,-2.6,GO:0001890,placenta development,M1,1,0
1,-5.2,R-HSA-5173214,O-glycosylation of TSR domain-containing proteins,M1,1,0
1,-2.5,GO:0032102,negative regulation of response to external stimulus,M1,1,0
1,-3,GO:0032874,positive regulation of stress-activated MAPK cascade,M1,1,0
1,-2.5,GO:0048675,axon extension,M1,1,0
1,-2.2,GO:0050890,cognition,M1,1,0
1,-3.4,GO:2001214,positive regulation of vasculogenesis,M1,1,0
1,-3,hsa04960,Aldosterone-regulated sodium reabsorption,M1,1,0
1,-3.9,GO:0050920,regulation of chemotaxis,M1,1,0
1,-2.2,GO:0051282,regulation of sequestering of calcium ion,M1,1,0
1,-2.3,R-HSA-112040,G-protein mediated events,M1,1,0
1,-2.3,GO:0072523,purine-containing compound catabolic process,M1,1,0
1,-3,GO:0043065,positive regulation of apoptotic process,M1,1,0
1,-3,GO:0003230,cardiac atrium development,M1,1,0
1,-2.4,GO:0032941,secretion by tissue,M1,1,0
1,-4.1,GO:0150063,visual system development,M1,1,0
1,-2.2,GO:0021602,cranial nerve morphogenesis,M1,1,0
1,-3.7,WP5283,Chronic hyperglycemia impairment of neuron function,M1,1,0
1,-3.2,GO:0051604,protein maturation,M1,1,0
1,-3.7,GO:0051129,negative regulation of cellular component organization,M1,1,0
1,-2.9,GO:0045823,positive regulation of heart contraction,M1,1,0
1,-3.8,GO:0031100,animal organ regeneration,M1,1,0
1,-3.3,WP5144,NRP1-triggered signaling pathways in pancreatic cancer,M1,1,0
1,-2.5,GO:0045744,negative regulation of G protein-coupled receptor signaling pathway,M1,1,0
1,-4.8,GO:0001946,lymphangiogenesis,M1,1,0
1,-4.3,GO:0032409,regulation of transporter activity,M1,1,0
1,-3,R-HSA-170834,Signaling by TGF-beta Receptor Complex,M1,1,0
1,-2.5,GO:0010862,positive regulation of pathway-restricted SMAD protein phosphorylation,M1,1,0
1,-11,GO:0031175,neuron projection development,M1,1,0
1,-3.3,GO:0007389,pattern specification process,M1,1,0
1,-2.8,GO:0150115,cell-substrate junction organization,M1,1,0
1,-3.2,GO:0035909,aorta morphogenesis,M1,1,0
1,-2.4,GO:0060669,embryonic placenta morphogenesis,M1,1,0
1,-4.8,GO:0048638,regulation of developmental growth,M1,1,0
1,-7.4,GO:0030199,collagen fibril organization,M1,1,0
1,-3.9,GO:0045765,regulation of angiogenesis,M1,1,0
1,-2.8,GO:1903524,positive regulation of blood circulation,M1,1,0
1,-4.1,GO:1903522,regulation of blood circulation,M1,1,0
1,-3.1,GO:0043010,camera-type eye development,M1,1,0
1,-2.2,GO:0046330,positive regulation of JNK cascade,M1,1,0
1,-6.2,GO:0048729,tissue morphogenesis,M1,1,0
1,-3,GO:0009617,response to bacterium,M1,1,0
1,-4.4,GO:0021783,preganglionic parasympathetic fiber development,M1,1,0
1,-8.4,GO:0050919,negative chemotaxis,M1,1,0
1,-3.1,R-HSA-9006936,Signaling by TGFB family members,M1,1,0
1,-5.3,R-HSA-5083635,Defective B3GALTL causes PpS,M1,1,0
1,-2.1,GO:0007420,brain development,M1,1,0
1,-9.5,GO:0032989,cellular component morphogenesis,M1,1,0
1,-2.5,GO:0046434,organophosphate catabolic process,M1,1,0
1,-5.4,GO:0042060,wound healing,M1,1,0
1,-2.7,GO:0051048,negative regulation of secretion,M1,1,0
1,-3,GO:1902285,semaphorin-plexin signaling pathway involved in neuron projection guidance,M1,1,0
1,-3.7,GO:0007610,behavior,M1,1,0
1,-2.6,GO:0050807,regulation of synapse organization,M1,1,0
1,-4.4,GO:0050804,modulation of chemical synaptic transmission,M1,1,0
1,-6.4,GO:0045216,cell-cell junction organization,M1,1,0
1,-7.9,GO:0009725,response to hormone,M1,1,0
1,-3.9,R-HSA-2682334,EPH-Ephrin signaling,M1,1,0
1,-3.9,GO:0071526,semaphorin-plexin signaling pathway,M1,1,0
1,-2.1,WP474,Endochondral ossification,M1,1,0
1,-14,GO:0035239,tube morphogenesis,M1,1,0
1,-5.5,GO:0090257,regulation of muscle system process,M1,1,0
1,-4.7,GO:0120035,regulation of plasma membrane bounded cell projection organization,M1,1,0
1,-7.2,GO:0050678,regulation of epithelial cell proliferation,M1,1,0
1,-2,GO:0035850,epithelial cell differentiation involved in kidney development,M1,1,0
1,-3.5,GO:0010817,regulation of hormone levels,M1,1,0
1,-2.2,GO:0001775,cell activation,M1,1,0
1,-3.1,R-HSA-1474290,Collagen formation,M1,1,0
1,-2.7,WP5078,T cell modulation in pancreatic cancer,M1,1,0
1,-2,GO:0060193,positive regulation of lipase activity,M1,1,0
1,-2.6,GO:0007611,learning or memory,M1,1,0
1,-3.1,GO:0001666,response to hypoxia,M1,1,0
1,-4.2,R-HSA-194138,Signaling by VEGF,M1,1,0
1,-3.9,hsa05032,Morphine addiction,M1,1,0
1,-9.7,GO:0048858,cell projection morphogenesis,M1,1,0
1,-3.5,GO:0098655,monoatomic cation transmembrane transport,M1,1,0
1,-2.6,WP536,Calcium regulation in cardiac cells,M1,1,0
1,-5.5,GO:0031589,cell-substrate adhesion,M1,1,0
1,-4.2,GO:0097746,blood vessel diameter maintenance,M1,1,0
1,-7.6,GO:0030029,actin filament-based process,M1,1,0
1,-4.7,GO:0006814,sodium ion transport,M1,1,0
1,-2.3,GO:0015012,heparan sulfate proteoglycan biosynthetic process,M1,1,0
1,-3.5,GO:0010634,positive regulation of epithelial cell migration,M1,1,0
1,-3.7,GO:0002934,desmosome organization,M1,1,0
1,-2.4,GO:1901292,nucleoside phosphate catabolic process,M1,1,0
1,-3.3,GO:0045766,positive regulation of angiogenesis,M1,1,0
1,-5.9,GO:0085029,extracellular matrix assembly,M1,1,0
1,-2.1,GO:0048841,regulation of axon extension involved in axon guidance,M1,1,0
1,-2.1,GO:0051258,protein polymerization,M1,1,0
1,-4.1,GO:0007423,sensory organ development,M1,1,0
1,-5.1,GO:0042692,muscle cell differentiation,M1,1,0
1,-2.8,GO:0030855,epithelial cell differentiation,M1,1,0
1,-2.1,GO:0031214,biomineral tissue development,M1,1,0
1,-4.2,R-HSA-8957275,Post-translational protein phosphorylation,M1,1,0
1,-3.6,GO:0060411,cardiac septum morphogenesis,M1,1,0
1,-2.3,GO:0090505,epiboly involved in wound healing,M1,1,0
1,-4.2,GO:0048644,muscle organ morphogenesis,M1,1,0
1,-2.5,R-HSA-5668599,RHO GTPases Activate NADPH Oxidases,M1,1,0
1,-2.1,GO:0060537,muscle tissue development,M1,1,0
1,-2.3,M69,PID REELIN PATHWAY,M1,1,0
1,-7.9,GO:0007411,axon guidance,M1,1,0
1,-2.6,GO:0062012,regulation of small molecule metabolic process,M1,1,0
1,-2,GO:0034113,heterotypic cell-cell adhesion,M1,1,0
1,-3.8,WP5294,Sildenafil treatment,M1,1,0
1,-3.2,GO:0010594,regulation of endothelial cell migration,M1,1,0
1,-4.3,GO:0048265,response to pain,M1,1,0
1,-3.1,GO:0030336,negative regulation of cell migration,M1,1,0
1,-3,GO:1901654,response to ketone,M1,1,0
1,-3.7,GO:0044089,positive regulation of cellular component biogenesis,M1,1,0
1,-3.5,GO:0035924,cellular response to vascular endothelial growth factor stimulus,M1,1,0
1,-2.9,GO:0051385,response to mineralocorticoid,M1,1,0
1,-2.9,GO:0030010,establishment of cell polarity,M1,1,0
1,-2,GO:0006869,lipid transport,M1,1,0
1,-2.1,GO:0002685,regulation of leukocyte migration,M1,1,0
1,-2.6,R-HSA-6798695,Neutrophil degranulation,M1,1,0
1,-2.3,GO:0044403,biological process involved in symbiotic interaction,M1,1,0
1,-2.6,hsa05165,Human papillomavirus infection,M1,1,0
1,-2.4,GO:0060326,cell chemotaxis,M1,1,0
1,-9.2,GO:0030335,positive regulation of cell migration,M1,1,0
1,-2.5,GO:0060343,trabecula formation,M1,1,0
1,-3.1,GO:0060291,long-term synaptic potentiation,M1,1,0
1,-4.1,hsa04010,MAPK signaling pathway,M1,1,0
1,-3.1,GO:0016485,protein processing,M1,1,0
1,-3.6,GO:0014745,negative regulation of muscle adaptation,M1,1,0
1,-4.2,GO:0036303,lymph vessel morphogenesis,M1,1,0
1,-2.3,GO:0051347,positive regulation of transferase activity,M1,1,0
1,-2.6,GO:0055117,regulation of cardiac muscle contraction,M1,1,0
1,-3,GO:0035725,sodium ion transmembrane transport,M1,1,0
1,-12,GO:0040011,locomotion,M1,1,0
1,-2.6,GO:0050806,positive regulation of synaptic transmission,M1,1,0
1,-2.4,GO:0034103,regulation of tissue remodeling,M1,1,0
1,-2.2,GO:0015721,bile acid and bile salt transport,M1,1,0
1,-2.7,GO:0010952,positive regulation of peptidase activity,M1,1,0
1,-3.3,GO:0009214,cyclic nucleotide catabolic process,M1,1,0
1,-2.4,GO:0050926,regulation of positive chemotaxis,M1,1,0
1,-5.2,GO:0014032,neural crest cell development,M1,1,0
1,-7,R-HSA-76005,Response to elevated platelet cytosolic Ca2+,M1,1,0
1,-3.5,R-HSA-9013408,RHOG GTPase cycle,M1,1,0
1,-3,GO:0036465,synaptic vesicle recycling,M1,1,0
1,-2.1,GO:0021885,forebrain cell migration,M1,1,0
1,-6.2,GO:0070848,response to growth factor,M1,1,0
1,-4.2,GO:0001654,eye development,M1,1,0
1,-3.6,M183,PID IL6 7 PATHWAY,M1,1,0
1,-3,R-HSA-5668914,Diseases of metabolism,M1,1,0
1,-2,GO:0010639,negative regulation of organelle organization,M1,1,0
1,-2.7,hsa04928,"Parathyroid hormone synthesis, secretion and action",M1,1,0
1,-2.5,GO:0048013,ephrin receptor signaling pathway,M1,1,0
1,-4.5,GO:0034765,regulation of monoatomic ion transmembrane transport,M1,1,0
1,-2.2,GO:0048660,regulation of smooth muscle cell proliferation,M1,1,0
1,-3.7,R-HSA-418889,Caspase activation via Dependence Receptors in the absence of ligand,M1,1,0
1,-5.9,GO:0032870,cellular response to hormone stimulus,M1,1,0
1,-2.6,GO:0048286,lung alveolus development,M1,1,0
1,-3.6,GO:0022898,regulation of transmembrane transporter activity,M1,1,0
1,-2.3,GO:0001941,postsynaptic membrane organization,M1,1,0
1,-2.1,GO:0010812,negative regulation of cell-substrate adhesion,M1,1,0
1,-4.9,GO:0090066,regulation of anatomical structure size,M1,1,0
1,-4,GO:0045859,regulation of protein kinase activity,M1,1,0
1,-2.7,GO:1900076,regulation of cellular response to insulin stimulus,M1,1,0
1,-4,GO:0001938,positive regulation of endothelial cell proliferation,M1,1,0
1,-2.2,hsa04070,Phosphatidylinositol signaling system,M1,1,0
1,-3,GO:0051216,cartilage development,M1,1,0
1,-2.3,GO:0007268,chemical synaptic transmission,M1,1,0
1,-2.8,GO:1904950,negative regulation of establishment of protein localization,M1,1,0
1,-3.8,GO:0060562,epithelial tube morphogenesis,M1,1,0
1,-2.2,M165,PID SYNDECAN 4 PATHWAY,M1,1,0
1,-5.7,GO:0043116,negative regulation of vascular permeability,M1,1,0
1,-2.3,GO:0098742,cell-cell adhesion via plasma-membrane adhesion molecules,M1,1,0
1,-7.1,GO:0061061,muscle structure development,M1,1,0
1,-2.3,GO:0021675,nerve development,M1,1,0
1,-3.5,GO:0001933,negative regulation of protein phosphorylation,M1,1,0
1,-2,GO:0018149,peptide cross-linking,M1,1,0
1,-2,WP4685,Melanoma,M1,1,0
1,-2.7,GO:0003208,cardiac ventricle morphogenesis,M1,1,0
1,-4.5,WP4239,Epithelial to mesenchymal transition in colorectal cancer,M1,1,0
1,-2.8,R-HSA-3928662,EPHB-mediated forward signaling,M1,1,0
1,-7.9,GO:0048667,cell morphogenesis involved in neuron differentiation,M1,1,0
1,-2.7,GO:0014743,regulation of muscle hypertrophy,M1,1,0
1,-2.1,GO:0090022,regulation of neutrophil chemotaxis,M1,1,0
1,-2.4,GO:0043280,positive regulation of cysteine-type endopeptidase activity involved in apoptotic process,M1,1,0
1,-2.4,GO:0007173,epidermal growth factor receptor signaling pathway,M1,1,0
1,-4.3,GO:0003279,cardiac septum development,M1,1,0
1,-3.5,GO:0051046,regulation of secretion,M1,1,0
1,-2.2,GO:0043009,chordate embryonic development,M1,1,0
1,-2.3,GO:0006468,protein phosphorylation,M1,1,0
1,-3.4,GO:0097553,calcium ion transmembrane import into cytosol,M1,1,0
1,-2.4,WP481,Insulin signaling,M1,1,0
1,-2.4,GO:0007026,negative regulation of microtubule depolymerization,M1,1,0
1,-3,GO:0001952,regulation of cell-matrix adhesion,M1,1,0
1,-2.9,GO:0098703,calcium ion import across plasma membrane,M1,1,0
1,-2,GO:0009792,embryo development ending in birth or egg hatching,M1,1,0
1,-4,GO:0055008,cardiac muscle tissue morphogenesis,M1,1,0
1,-2.1,WP4313,Ferroptosis,M1,1,0
1,-2.6,WP5055,Burn wound healing,M1,1,0
1,-2.3,GO:0050673,epithelial cell proliferation,M1,1,0
1,-2.2,GO:2000463,positive regulation of excitatory postsynaptic potential,M1,1,0
1,-2.1,GO:0006936,muscle contraction,M1,1,0
1,-4.6,M5883,NABA SECRETED FACTORS,M1,1,0
1,-2.9,GO:0098739,import across plasma membrane,M1,1,0
1,-3.3,GO:0014068,positive regulation of phosphatidylinositol 3-kinase signaling,M1,1,0
1,-2.4,GO:0046622,positive regulation of organ growth,M1,1,0
1,-2,GO:0009743,response to carbohydrate,M1,1,0
1,-6.6,GO:0090092,regulation of transmembrane receptor protein serine/threonine kinase signaling pathway,M1,1,0
1,-2.2,GO:0006638,neutral lipid metabolic process,M1,1,0
1,-2.2,hsa04666,Fc gamma R-mediated phagocytosis,M1,1,0
1,-3.1,GO:2000649,regulation of sodium ion transmembrane transporter activity,M1,1,0
1,-2.1,GO:0010977,negative regulation of neuron projection development,M1,1,0
1,-2.2,GO:0061041,regulation of wound healing,M1,1,0
1,-6.6,R-HSA-9675108,Nervous system development,M1,1,0
1,-6.5,GO:0019935,cyclic-nucleotide-mediated signaling,M1,1,0
1,-2.9,GO:1902305,regulation of sodium ion transmembrane transport,M1,1,0
1,-7.4,GO:0048589,developmental growth,M1,1,0
1,-4.6,GO:0050679,positive regulation of epithelial cell proliferation,M1,1,0
1,-2.3,GO:0002686,negative regulation of leukocyte migration,M1,1,0
1,-4.1,GO:0007015,actin filament organization,M1,1,0
1,-2.2,GO:0031114,regulation of microtubule depolymerization,M1,1,0
1,-4.2,GO:0014012,peripheral nervous system axon regeneration,M1,1,0
1,-2.3,GO:0007596,blood coagulation,M1,1,0
1,-2.8,hsa05219,Bladder cancer,M1,1,0
1,-3.9,GO:0045936,negative regulation of phosphate metabolic process,M1,1,0
1,-5.4,M137,PID VEGF VEGFR PATHWAY,M1,1,0
1,-2,R-HSA-114604,GPVI-mediated activation cascade,M1,1,0
1,-3.2,GO:0048010,vascular endothelial growth factor receptor signaling pathway,M1,1,0
1,-2,WP3850,Factors and pathways affecting insulin-like growth factor (IGF1)-Akt signaling,M1,1,0
1,-2.8,GO:0140448,signaling receptor ligand precursor processing,M1,1,0
1,-3.6,GO:0055010,ventricular cardiac muscle tissue morphogenesis,M1,1,0
1,-3.4,GO:0030324,lung development,M1,1,0
1,-2.1,GO:0090109,regulation of cell-substrate junction assembly,M1,1,0
1,-2.1,WP4808,Endochondral ossification with skeletal dysplasias,M1,1,0
1,-4.3,GO:0048545,response to steroid hormone,M1,1,0
1,-2.2,hsa05414,Dilated cardiomyopathy,M1,1,0
1,-2.4,WP4806,EGFR tyrosine kinase inhibitor resistance,M1,1,0
1,-4.6,GO:0050878,regulation of body fluid levels,M1,1,0
1,-3.5,GO:0019934,cGMP-mediated signaling,M1,1,0
1,-3.3,GO:0060325,face morphogenesis,M1,1,0
1,-2.2,GO:0021700,developmental maturation,M1,1,0
1,-3.6,GO:1901136,carbohydrate derivative catabolic process,M1,1,0
1,-5,GO:0048762,mesenchymal cell differentiation,M1,1,0
1,-6.2,R-HSA-114608,Platelet degranulation,M1,1,0
1,-4.2,GO:0008283,cell population proliferation,M1,1,0
1,-2.7,GO:0003044,regulation of systemic arterial blood pressure mediated by a chemical signal,M1,1,0
1,-2,GO:0048839,inner ear development,M1,1,0
1,-3.2,WP4754,IL-18 signaling pathway,M1,1,0
1,-3.3,GO:0043068,positive regulation of programmed cell death,M1,1,0
1,-2.8,GO:0009880,embryonic pattern specification,M1,1,0
1,-3.3,GO:0001936,regulation of endothelial cell proliferation,M1,1,0
1,-2.2,GO:0007599,hemostasis,M1,1,0
1,-2.8,GO:0044872,lipoprotein localization,M1,1,0
1,-3,WP4844,Influence of laminopathies on Wnt signaling,M1,1,0
1,-3.5,GO:0071396,cellular response to lipid,M1,1,0
1,-7.9,GO:0097485,neuron projection guidance,M1,1,0
1,-5.1,GO:1903115,regulation of actin filament-based movement,M1,1,0
1,-3.2,GO:0014706,striated muscle tissue development,M1,1,0
1,-7.9,R-HSA-2129379,Molecules associated with elastic fibres,M1,1,0
1,-3.2,GO:0140238,presynaptic endocytosis,M1,1,0
1,-3,R-HSA-2022090,Assembly of collagen fibrils and other multimeric structures,M1,1,0
1,-2.5,GO:0002694,regulation of leukocyte activation,M1,1,0
1,-3.3,GO:0099587,inorganic ion import across plasma membrane,M1,1,0
1,-5.8,GO:0001501,skeletal system development,M1,1,0
1,-2.7,M16,PID INSULIN PATHWAY,M1,1,0
1,-2.6,WP2877,Vitamin D receptor pathway,M1,1,0
1,-2.1,GO:0070201,regulation of establishment of protein localization,M1,1,0
1,-4.5,GO:0060415,muscle tissue morphogenesis,M1,1,0
1,-2.6,GO:0033674,positive regulation of kinase activity,M1,1,0
1,-2.2,GO:0048705,skeletal system morphogenesis,M1,1,0
1,-5,GO:0038084,vascular endothelial growth factor signaling pathway,M1,1,0
1,-3,GO:0060541,respiratory system development,M1,1,0
1,-2.1,GO:0032387,negative regulation of intracellular transport,M1,1,0
1,-2.1,GO:2000272,negative regulation of signaling receptor activity,M1,1,0
1,-2.7,M53,PID INTEGRIN3 PATHWAY,M1,1,0
1,-4.1,GO:0035150,regulation of tube size,M1,1,0
1,-4,WP2840,Hair follicle development: cytodifferentiation - part 3 of 3,M1,1,0
1,-2.7,GO:0051345,positive regulation of hydrolase activity,M1,1,0
1,-2.1,GO:0002064,epithelial cell development,M1,1,0
1,-3,GO:0032970,regulation of actin filament-based process,M1,1,0
1,-7.4,GO:0040007,growth,M1,1,0
1,-2.5,M223,PID BETA CATENIN NUC PATHWAY,M1,1,0
1,-9.8,GO:0120039,plasma membrane bounded cell projection morphogenesis,M1,1,0
1,-2.9,GO:0042953,lipoprotein transport,M1,1,0
1,-2.6,GO:0046823,negative regulation of nucleocytoplasmic transport,M1,1,0
1,-2.6,GO:0050772,positive regulation of axonogenesis,M1,1,0
1,-4.5,M269,PID RAS PATHWAY,M1,1,0
1,-3.3,GO:0098659,inorganic cation import across plasma membrane,M1,1,0
1,-2.2,GO:0050817,coagulation,M1,1,0
1,-2.2,GO:0001763,morphogenesis of a branching structure,M1,1,0
1,-2.1,GO:0006940,regulation of smooth muscle contraction,M1,1,0
1,-5.5,GO:0030036,actin cytoskeleton organization,M1,1,0
1,-2.8,GO:0008037,cell recognition,M1,1,0
1,-16,GO:0030198,extracellular matrix organization,M1,1,0
1,-3.6,R-HSA-397014,Muscle contraction,M1,1,0
1,-2.5,GO:0045932,negative regulation of muscle contraction,M1,1,0
1,-2.2,GO:0010039,response to iron ion,M1,1,0
1,-2.5,GO:0046628,positive regulation of insulin receptor signaling pathway,M1,1,0
1,-2.6,GO:2001222,regulation of neuron migration,M1,1,0
1,-2.8,GO:0048844,artery morphogenesis,M1,1,0
1,-2.2,GO:0048704,embryonic skeletal system morphogenesis,M1,1,0
1,-5.2,WP3932,Focal adhesion: PI3K-Akt-mTOR-signaling pathway,M1,1,0
1,-4.6,GO:0006897,endocytosis,M1,1,0
1,-2.7,GO:0007265,Ras protein signal transduction,M1,1,0
1,-4,GO:0001934,positive regulation of protein phosphorylation,M1,1,0
1,-2.4,GO:0010460,positive regulation of heart rate,M1,1,0
1,-2.8,GO:0009187,cyclic nucleotide metabolic process,M1,1,0
1,-2.3,hsa05410,Hypertrophic cardiomyopathy,M1,1,0
1,-2.6,GO:0007612,learning,M1,1,0
1,-3.1,GO:0007163,establishment or maintenance of cell polarity,M1,1,0
1,-3,GO:0098900,regulation of action potential,M1,1,0
1,-2.4,GO:0099558,maintenance of synapse structure,M1,1,0
1,-2.1,GO:0090132,epithelium migration,M1,1,0
1,-3.8,GO:0003206,cardiac chamber morphogenesis,M1,1,0
1,-2.4,R-HSA-216083,Integrin cell surface interactions,M1,1,0
1,-2.2,GO:0006942,regulation of striated muscle contraction,M1,1,0
1,-2.2,R-HSA-418594,G alpha (i) signalling events,M1,1,0
1,-2.8,GO:0031400,negative regulation of protein modification process,M1,1,0
1,-9,R-HSA-109582,Hemostasis,M1,1,0
1,-3,GO:0007178,transmembrane receptor protein serine/threonine kinase signaling pathway,M1,1,0
1,-5.9,GO:0003018,vascular process in circulatory system,M1,1,0
1,-3.5,GO:0048771,tissue remodeling,M1,1,0
1,-3.3,GO:1904018,positive regulation of vasculature development,M1,1,0
1,-2.9,GO:0010950,positive regulation of endopeptidase activity,M1,1,0
1,-3.5,GO:0001822,kidney development,M1,1,0
1,-2.6,GO:0098719,sodium ion import across plasma membrane,M1,1,0
1,-2.1,GO:0051648,vesicle localization,M1,1,0
1,-4.6,GO:0031344,regulation of cell projection organization,M1,1,0
1,-2.5,GO:0009261,ribonucleotide catabolic process,M1,1,0
1,-8.9,GO:0008015,blood circulation,M1,1,0
1,-4,GO:0006816,calcium ion transport,M1,1,0
1,-2,GO:2001240,negative regulation of extrinsic apoptotic signaling pathway in absence of ligand,M1,1,0
1,-3,GO:0016486,peptide hormone processing,M1,1,0
1,-2,GO:0015718,monocarboxylic acid transport,M1,1,0
1,-5,GO:0048864,stem cell development,M1,1,0
1,-2.9,GO:0070304,positive regulation of stress-activated protein kinase signaling cascade,M1,1,0
1,-2.1,GO:0050771,negative regulation of axonogenesis,M1,1,0
1,-13,GO:0006935,chemotaxis,M1,1,0
1,-2.2,GO:0002040,sprouting angiogenesis,M1,1,0
1,-11,GO:0097435,supramolecular fiber organization,M1,1,0
1,-2.3,GO:0140352,export from cell,M1,1,0
1,-3,GO:0045920,negative regulation of exocytosis,M1,1,0
1,-3.4,GO:1904062,regulation of monoatomic cation transmembrane transport,M1,1,0
1,-2.1,GO:0097529,myeloid leukocyte migration,M1,1,0
1,-2.1,WP4875,Disruption of postsynaptic signaling by CNV,M1,1,0
1,-3.7,GO:0070482,response to oxygen levels,M1,1,0
1,-8.6,R-HSA-1566948,Elastic fibre formation,M1,1,0
1,-3.2,GO:0003229,ventricular cardiac muscle tissue development,M1,1,0
1,-8.8,GO:0034329,cell junction assembly,M1,1,0
1,-2.9,GO:0070555,response to interleukin-1,M1,1,0
1,-3.6,GO:0042445,hormone metabolic process,M1,1,0
1,-2,GO:1901655,cellular response to ketone,M1,1,0
1,-3.4,GO:0010543,regulation of platelet activation,M1,1,0
1,-6.9,GO:0010810,regulation of cell-substrate adhesion,M1,1,0
1,-2.1,GO:0046890,regulation of lipid biosynthetic process,M1,1,0
1,-6.3,WP289,Myometrial relaxation and contraction pathways,M1,1,0
1,-6.7,GO:0098609,cell-cell adhesion,M1,1,0
1,-2,GO:0072009,nephron epithelium development,M1,1,0
1,-3.8,GO:0043269,regulation of monoatomic ion transport,M1,1,0
1,-2.2,WP4658,Small cell lung cancer,M1,1,0
1,-15,GO:0048514,blood vessel morphogenesis,M1,1,0
1,-2.7,WP4223,Ras signaling,M1,1,0
1,-5.7,hsa04015,Rap1 signaling pathway,M1,1,0
1,-3.9,GO:0006022,aminoglycan metabolic process,M1,1,0
1,-3.2,GO:0032835,glomerulus development,M1,1,0
1,-2.7,GO:0048738,cardiac muscle tissue development,M1,1,0
1,-2.1,GO:0099504,synaptic vesicle cycle,M1,1,0
1,-2.4,GO:0007264,small GTPase mediated signal transduction,M1,1,0
1,-11,GO:0061564,axon development,M1,1,0
1,-3.5,R-HSA-3000170,Syndecan interactions,M1,1,0
1,-2.7,GO:0031623,receptor internalization,M1,1,0
1,-4.7,GO:0031099,regeneration,M1,1,0
1,-3.7,R-HSA-3906995,Diseases associated with O-glycosylation of proteins,M1,1,0
1,-11,GO:0001525,angiogenesis,M1,1,0
1,-3.1,R-HSA-5576892,Phase 0 - rapid depolarisation,M1,1,0
1,-2.6,GO:1901214,regulation of neuron death,M1,1,0
1,-16,GO:0045229,external encapsulating structure organization,M1,1,0
1,-5.3,GO:0001755,neural crest cell migration,M1,1,0
1,-3.5,GO:0010632,regulation of epithelial cell migration,M1,1,0
1,-4.3,hsa05205,Proteoglycans in cancer,M1,1,0
1,-2.3,GO:0044319,"wound healing, spreading of cells",M1,1,0
1,-2.6,GO:0033630,positive regulation of cell adhesion mediated by integrin,M1,1,0
1,-2.3,GO:0007565,female pregnancy,M1,1,0
1,-4.4,GO:0003205,cardiac chamber development,M1,1,0
1,-2.8,GO:0031295,T cell costimulation,M1,1,0
1,-4.5,GO:0043549,regulation of kinase activity,M1,1,0
1,-2.2,hsa04350,TGF-beta signaling pathway,M1,1,0
1,-3.7,GO:0015850,organic hydroxy compound transport,M1,1,0
1,-2.5,hsa00534,Glycosaminoglycan biosynthesis - heparan sulfate / heparin,M1,1,0
1,-5,GO:0060485,mesenchyme development,M1,1,0
1,-4.4,WP4747,Netrin-UNC5B signaling pathway,M1,1,0
1,-2.4,R-HSA-5357769,Caspase activation via extrinsic apoptotic signalling pathway,M1,1,0
1,-2.2,R-HSA-5576891,Cardiac conduction,M1,1,0
1,-6.1,GO:0071363,cellular response to growth factor stimulus,M1,1,0
1,-4.3,GO:0086004,regulation of cardiac muscle cell contraction,M1,1,0
1,-4.8,WP98,Prostaglandin synthesis and regulation,M1,1,0
1,-4,R-HSA-194313,VEGF ligand-receptor interactions,M1,1,0
1,-2.5,GO:0099172,presynapse organization,M1,1,0
1,-7.6,GO:0044057,regulation of system process,M1,1,0
1,-4.8,GO:0043434,response to peptide hormone,M1,1,0
1,-3.9,GO:1901342,regulation of vasculature development,M1,1,0
1,-2.6,GO:0046058,cAMP metabolic process,M1,1,0
1,-3.3,WP2261,Glioblastoma signaling pathways,M1,1,0
1,-2,GO:0062013,positive regulation of small molecule metabolic process,M1,1,0
1,-2.7,R-HSA-9013149,RAC1 GTPase cycle,M1,1,0
1,-3.3,GO:0048488,synaptic vesicle endocytosis,M1,1,0
1,-4.6,GO:0048880,sensory system development,M1,1,0
1,-2.1,GO:0009101,glycoprotein biosynthetic process,M1,1,0
1,-2.3,GO:0099536,synaptic signaling,M1,1,0
1,-2.6,GO:0060627,regulation of vesicle-mediated transport,M1,1,0
1,-2.2,GO:0050708,regulation of protein secretion,M1,1,0
1,-2.6,R-HSA-392154,Nitric oxide stimulates guanylate cyclase,M1,1,0
1,-2.8,GO:0031346,positive regulation of cell projection organization,M1,1,0
1,-4.3,GO:0071375,cellular response to peptide hormone stimulus,M1,1,0
1,-4.7,GO:0014033,neural crest cell differentiation,M1,1,0
1,-2.3,GO:0006469,negative regulation of protein kinase activity,M1,1,0
1,-4.1,R-HSA-3781865,Diseases of glycosylation,M1,1,0
1,-2.9,GO:0072006,nephron development,M1,1,0
1,-3,GO:0060323,head morphogenesis,M1,1,0
1,-2.4,GO:0051146,striated muscle cell differentiation,M1,1,0
1,-2.6,R-HSA-9717189,Sensory perception of taste,M1,1,0
1,-2,GO:0033673,negative regulation of kinase activity,M1,1,0
1,-3.5,hsa05200,Pathways in cancer,M1,1,0
1,-3.3,R-HSA-445095,Interaction between L1 and Ankyrins,M1,1,0
1,-5.5,R-HSA-381426,Regulation of Insulin-like Growth Factor (IGF) transport and uptake by Insulin-like Growth Factor Binding Proteins (IGFBPs),M1,1,0
1,-2.6,GO:0034331,cell junction maintenance,M1,1,0
1,-2.4,GO:0045926,negative regulation of growth,M1,1,0
1,-2.7,WP4823,Genes controlling nephrogenesis,M1,1,0
1,-4.2,GO:0035296,regulation of tube diameter,M1,1,0
1,-2.1,M18,PID INTEGRIN1 PATHWAY,M1,1,0
1,-3.9,GO:0007517,muscle organ development,M1,1,0
1,-3.7,M167,PID AP1 PATHWAY,M1,1,0
1,-4,GO:0061448,connective tissue development,M1,1,0
1,-3.8,GO:1901699,cellular response to nitrogen compound,M1,1,0
1,-2.1,R-HSA-1592389,Activation of Matrix Metalloproteinases,M1,1,0
1,-2.4,GO:1902414,protein localization to cell junction,M1,1,0
1,-2.4,M226,PID VEGFR1 PATHWAY,M1,1,0
1,-2.7,GO:0010171,body morphogenesis,M1,1,0
1,-3.1,GO:0006029,proteoglycan metabolic process,M1,1,0
1,-15,M3008,NABA ECM GLYCOPROTEINS,M1,1,0
1,-2.4,GO:0006195,purine nucleotide catabolic process,M1,1,0
1,-2.5,GO:0050803,regulation of synapse structure or activity,M1,1,0
1,-2.1,R-HSA-4420097,VEGFA-VEGFR2 Pathway,M1,1,0
1,-12,GO:0007167,enzyme-linked receptor protein signaling pathway,M1,1,0
1,-3.1,GO:0060191,regulation of lipase activity,M1,1,0
1,-2.2,WP129,Matrix metalloproteinases,M1,1,0
1,-2.5,GO:0045446,endothelial cell differentiation,M1,1,0
1,-2.2,GO:0010959,regulation of metal ion transport,M1,1,0
1,-2.7,GO:0001570,vasculogenesis,M1,1,0
1,-2.7,R-HSA-112316,Neuronal System,M1,1,0
1,-4.5,GO:0060840,artery development,M1,1,0
1,-3.4,GO:1990138,neuron projection extension,M1,1,0
1,-5.9,WP4172,PI3K-Akt signaling pathway,M1,1,0
1,-2.2,GO:0052547,regulation of peptidase activity,M1,1,0
1,-3.9,GO:0010563,negative regulation of phosphorus metabolic process,M1,1,0
1,-7.3,M3468,NABA ECM REGULATORS,M1,1,0
1,-3.6,GO:0008207,C21-steroid hormone metabolic process,M1,1,0
1,-2.1,GO:1905207,regulation of cardiocyte differentiation,M1,1,0
1,-6.9,R-HSA-422475,Axon guidance,M1,1,0
1,-3.3,GO:0010975,regulation of neuron projection development,M1,1,0
1,-2.7,GO:0048732,gland development,M1,1,0
1,-5.1,GO:0071634,regulation of transforming growth factor beta production,M1,1,0
1,-2.6,GO:0099537,trans-synaptic signaling,M1,1,0
1,-2.1,GO:1900181,negative regulation of protein localization to nucleus,M1,1,0
1,-5.1,hsa04510,Focal adhesion,M1,1,0
1,-3.1,GO:1903531,negative regulation of secretion by cell,M1,1,0
1,-2.2,GO:0050680,negative regulation of epithelial cell proliferation,M1,1,0
1,-2.2,GO:0043502,regulation of muscle adaptation,M1,1,0
1,-3.5,GO:0006937,regulation of muscle contraction,M1,1,0
1,-2.4,GO:0032940,secretion by cell,M1,1,0
1,-3.3,WP2814,Mammary gland development pathway - Puberty (Stage 2 of 4),M1,1,0
1,-5.2,GO:0003151,outflow tract morphogenesis,M1,1,0
1,-9.4,GO:0007409,axonogenesis,M1,1,0
1,-5.3,R-HSA-6794361,Neurexins and neuroligins,M1,1,0
1,-7.4,GO:0045785,positive regulation of cell adhesion,M1,1,0
1,-2.7,R-HSA-2187338,Visual phototransduction,M1,1,0
1,-3.6,GO:0003148,outflow tract septum morphogenesis,M1,1,0
1,-2.3,GO:0010676,positive regulation of cellular carbohydrate metabolic process,M1,1,0
1,-3.2,M108,PID NETRIN PATHWAY,M1,1,0
1,-2.4,GO:1902904,negative regulation of supramolecular fiber organization,M1,1,0
1,-2,GO:1901099,negative regulation of signal transduction in absence of ligand,M1,1,0
1,-3.5,GO:0043114,regulation of vascular permeability,M1,1,0
1,-3.2,GO:0048668,collateral sprouting,M1,1,0
1,-2.6,GO:0003081,regulation of systemic arterial blood pressure by renin-angiotensin,M1,1,0
1,-2.9,GO:0010595,positive regulation of endothelial cell migration,M1,1,0
1,-4.2,R-HSA-5173105,O-linked glycosylation,M1,1,0
1,-3.2,GO:0050770,regulation of axonogenesis,M1,1,0
1,-2.6,GO:0009166,nucleotide catabolic process,M1,1,0
1,-2.3,GO:1901216,positive regulation of neuron death,M1,1,0
1,-8.1,GO:0019932,second-messenger-mediated signaling,M1,1,0
1,-3.6,R-HSA-2173789,TGF-beta receptor signaling activates SMADs,M1,1,0
1,-3.4,R-HSA-388396,GPCR downstream signalling,M1,1,0
1,-3.4,GO:0032868,response to insulin,M1,1,0
1,-2.8,GO:0070374,positive regulation of ERK1 and ERK2 cascade,M1,1,0
1,-3.2,GO:0045596,negative regulation of cell differentiation,M1,1,0
1,-2.7,R-HSA-5218921,VEGFR2 mediated cell proliferation,M1,1,0
1,-2.6,GO:0008038,neuron recognition,M1,1,0
1,-2.3,R-HSA-1638091,Heparan sulfate/heparin (HS-GAG) metabolism,M1,1,0
1,-5.2,GO:0001667,ameboidal-type cell migration,M1,1,0
1,-2.3,GO:1903828,negative regulation of protein localization,M1,1,0
1,-2.4,GO:0097305,response to alcohol,M1,1,0
1,-3.1,GO:0046903,secretion,M1,1,0
1,-2.7,GO:0022409,positive regulation of cell-cell adhesion,M1,1,0
1,-2.4,GO:0062009,secondary palate development,M1,1,0
1,-4.4,GO:0099177,regulation of trans-synaptic signaling,M1,1,0
