_MEMBER_MyList,_LogP_MyList,GO,Description,_PATTERN_,_RANK_,CHILD_GO_MyList
1,-14.646151864904745,GO:0032502,developmental process,M1,1,GO:0061061 muscle structure development
1,-14.426465975066447,GO:0032501,multicellular organismal process,M1,1,GO:0003012 muscle system process
1,-9.059457444736191,GO:0048518,positive regulation of biological process,M1,1,GO:0010942 positive regulation of cell death
1,-9.037782363902643,GO:0050896,response to stimulus,M1,1,GO:0010035 response to inorganic substance
1,-8.851165294576342,GO:0051179,localization,M1,1,GO:0060402 calcium ion transport into cytosol
1,-8.519408679826693,GO:0042592,homeostatic process,M1,1,GO:0010880 regulation of release of sequestered calcium ion into cytosol by sarcoplasmic reticulum
1,-8.12593307072073,GO:0023052,signaling,M1,1,GO:0007167 enzyme-linked receptor protein signaling pathway
1,-7.537526645050793,GO:0048519,negative regulation of biological process,M1,1,GO:0008285 negative regulation of cell population proliferation
1,-7.267257316972677,GO:0065007,biological regulation,M1,1,GO:0086001 cardiac muscle cell action potential
1,-7.264736423293538,GO:0050789,regulation of biological process,M1,1,GO:0048660 regulation of smooth muscle cell proliferation
1,-6.350866075318351,GO:0009987,cellular process,M1,1,GO:0031032 actomyosin structure organization
1,-6.1305812962383355,GO:0040011,locomotion,M1,1,GO:0030335 positive regulation of cell migration
1,-5.71025099750181,GO:0040007,growth,M1,1,GO:0040008 regulation of growth
1,-4.329816385286991,GO:0008152,metabolic process,M1,1,GO:0043549 regulation of kinase activity
1,-3.65795436553259,GO:0048511,rhythmic process,M1,1,GO:0032922 circadian regulation of gene expression
1,-3.4602920011547544,GO:0002376,immune system process,M1,1,GO:1903706 regulation of hemopoiesis
1,-2.2378604507041198,GO:0022414,reproductive process,M1,1,GO:0007565 female pregnancy
