_MEMBER_MyList,_LogP_MyList,GO,Description,_PATTERN_,_RANK_,GiniIndex
1,-7.4,GO:0055117,regulation of cardiac muscle contraction,M1,1,0
1,-5.3,M166,PID ATF2 PATHWAY,M1,1,0
1,-3.2,GO:0007528,neuromuscular junction development,M1,1,0
1,-7.2,GO:0035994,response to muscle stretch,M1,1,0
1,-3.4,GO:0001558,regulation of cell growth,M1,1,0
1,-4.5,R-HSA-6794362,Protein-protein interactions at synapses,M1,1,0
1,-3.8,GO:0032412,regulation of monoatomic ion transmembrane transporter activity,M1,1,0
1,-4.7,GO:1901652,response to peptide,M1,1,0
1,-3.7,GO:0010721,negative regulation of cell development,M1,1,0
1,-3.2,WP49,IL-2 signaling pathway,M1,1,0
1,-2.8,M122,PID IL2 1PATHWAY,M1,1,0
1,-4.2,hsa04933,AGE-RAGE signaling pathway in diabetic complications,M1,1,0
1,-2.1,GO:0006873,cellular monoatomic ion homeostasis,M1,1,0
1,-3,GO:0001503,ossification,M1,1,0
1,-2.8,GO:0042327,positive regulation of phosphorylation,M1,1,0
1,-5,GO:0071407,cellular response to organic cyclic compound,M1,1,0
1,-2.6,GO:0007623,circadian rhythm,M1,1,0
1,-2.6,GO:0043270,positive regulation of monoatomic ion transport,M1,1,0
1,-3,GO:0042542,response to hydrogen peroxide,M1,1,0
1,-2.3,GO:0034250,positive regulation of amide metabolic process,M1,1,0
1,-2.3,GO:0055080,monoatomic cation homeostasis,M1,1,0
1,-3.7,WP306,Focal adhesion,M1,1,0
1,-2.4,hsa05212,Pancreatic cancer,M1,1,0
1,-4.3,hsa05231,Choline metabolism in cancer,M1,1,0
1,-2.6,R-HSA-1474228,Degradation of the extracellular matrix,M1,1,0
1,-2.6,R-HSA-375165,NCAM signaling for neurite out-growth,M1,1,0
1,-2.2,GO:0043086,negative regulation of catalytic activity,M1,1,0
1,-2.1,GO:0006493,protein O-linked glycosylation,M1,1,0
1,-5,GO:0070252,actin-mediated cell contraction,M1,1,0
1,-3.5,GO:1901653,cellular response to peptide,M1,1,0
1,-3.1,GO:0061001,regulation of dendritic spine morphogenesis,M1,1,0
1,-2.5,WP2880,Glucocorticoid receptor pathway,M1,1,0
1,-4.5,GO:0042326,negative regulation of phosphorylation,M1,1,0
1,-3.3,WP3529,Zinc homeostasis,M1,1,0
1,-2.9,hsa05202,Transcriptional misregulation in cancer,M1,1,0
1,-6.6,GO:0042391,regulation of membrane potential,M1,1,0
1,-5.8,GO:0034330,cell junction organization,M1,1,0
1,-2.6,GO:0034248,regulation of amide metabolic process,M1,1,0
1,-3,GO:0030099,myeloid cell differentiation,M1,1,0
1,-14,GO:0003012,muscle system process,M1,1,0
1,-4.1,WP3888,VEGFA-VEGFR2 signaling pathway,M1,1,0
1,-7.6,GO:0086065,cell communication involved in cardiac conduction,M1,1,0
1,-6.5,GO:0009611,response to wounding,M1,1,0
1,-4.3,GO:0030048,actin filament-based movement,M1,1,0
1,-5.6,GO:0035914,skeletal muscle cell differentiation,M1,1,0
1,-2.3,GO:0001656,metanephros development,M1,1,0
1,-4.7,WP366,TGF-beta signaling pathway,M1,1,0
1,-3.9,GO:0051480,regulation of cytosolic calcium ion concentration,M1,1,0
1,-3.3,WP4698,Vitamin D-sensitive calcium signaling in depression,M1,1,0
1,-2.8,GO:0035567,non-canonical Wnt signaling pathway,M1,1,0
1,-2.6,WP474,Endochondral ossification,M1,1,0
1,-2.9,GO:0090102,cochlea development,M1,1,0
1,-4.5,hsa05210,Colorectal cancer,M1,1,0
1,-2.1,GO:0010631,epithelial cell migration,M1,1,0
1,-7.7,GO:0070588,calcium ion transmembrane transport,M1,1,0
1,-2.1,GO:0048863,stem cell differentiation,M1,1,0
1,-3.1,hsa05146,Amoebiasis,M1,1,0
1,-3.7,GO:1902893,regulation of miRNA transcription,M1,1,0
1,-6.7,GO:0060538,skeletal muscle organ development,M1,1,0
1,-3,GO:1904752,regulation of vascular associated smooth muscle cell migration,M1,1,0
1,-5.2,GO:0055013,cardiac muscle cell development,M1,1,0
1,-4.7,GO:0034220,monoatomic ion transmembrane transport,M1,1,0
1,-3.4,GO:0009410,response to xenobiotic stimulus,M1,1,0
1,-2.5,hsa04072,Phospholipase D signaling pathway,M1,1,0
1,-3,R-HSA-6785807,Interleukin-4 and Interleukin-13 signaling,M1,1,0
1,-4.7,GO:0006812,monoatomic cation transport,M1,1,0
1,-4.2,WP3611,Photodynamic therapy-induced AP-1 survival signaling,M1,1,0
1,-5.1,GO:0050808,synapse organization,M1,1,0
1,-5.5,GO:0051592,response to calcium ion,M1,1,0
1,-6.2,GO:0060048,cardiac muscle contraction,M1,1,0
1,-6.5,GO:0034762,regulation of transmembrane transport,M1,1,0
1,-4.8,GO:0043062,extracellular structure organization,M1,1,0
1,-2,GO:0044706,multi-multicellular organism process,M1,1,0
1,-2.1,GO:0051153,regulation of striated muscle cell differentiation,M1,1,0
1,-3.9,WP4659,Gastrin signaling pathway,M1,1,0
1,-2.8,hsa05169,Epstein-Barr virus infection,M1,1,0
1,-3.9,GO:0002009,morphogenesis of an epithelium,M1,1,0
1,-4.7,GO:0086002,cardiac muscle cell action potential involved in contraction,M1,1,0
1,-6.1,hsa04020,Calcium signaling pathway,M1,1,0
1,-2.6,WP3680,Physico-chemical features and toxicity-associated pathways,M1,1,0
1,-2.6,hsa04210,Apoptosis,M1,1,0
1,-4.3,GO:0010043,response to zinc ion,M1,1,0
1,-3,GO:0045786,negative regulation of cell cycle,M1,1,0
1,-3.5,GO:0098901,regulation of cardiac muscle cell action potential,M1,1,0
1,-2.2,GO:2000177,regulation of neural precursor cell proliferation,M1,1,0
1,-2.9,GO:0007219,Notch signaling pathway,M1,1,0
1,-2.8,GO:0090100,positive regulation of transmembrane receptor protein serine/threonine kinase signaling pathway,M1,1,0
1,-2.1,GO:0048562,embryonic organ morphogenesis,M1,1,0
1,-4.7,M5884,NABA CORE MATRISOME,M1,1,0
1,-4.5,GO:0098660,inorganic ion transmembrane transport,M1,1,0
1,-2.7,M54,PID IL12 2PATHWAY,M1,1,0
1,-3.6,hsa04728,Dopaminergic synapse,M1,1,0
1,-2.3,GO:0003007,heart morphogenesis,M1,1,0
1,-2.9,GO:0045778,positive regulation of ossification,M1,1,0
1,-5.8,GO:0040017,positive regulation of locomotion,M1,1,0
1,-4.5,GO:0036293,response to decreased oxygen levels,M1,1,0
1,-2.1,GO:0070167,regulation of biomineral tissue development,M1,1,0
1,-2.5,R-HSA-372790,Signaling by GPCR,M1,1,0
1,-6,GO:0086010,membrane depolarization during action potential,M1,1,0
1,-7.5,GO:0008285,negative regulation of cell population proliferation,M1,1,0
1,-7.2,GO:0010882,regulation of cardiac muscle contraction by calcium ion signaling,M1,1,0
1,-4.1,WP382,MAPK signaling pathway,M1,1,0
1,-3.5,GO:0045685,regulation of glial cell differentiation,M1,1,0
1,-11,GO:0007507,heart development,M1,1,0
1,-2.6,hsa05217,Basal cell carcinoma,M1,1,0
1,-2.4,hsa04934,Cushing syndrome,M1,1,0
1,-4.1,R-HSA-5625900,RHO GTPases activate CIT,M1,1,0
1,-6.5,GO:0001944,vasculature development,M1,1,0
1,-3.3,hsa04911,Insulin secretion,M1,1,0
1,-3.1,GO:0007179,transforming growth factor beta receptor signaling pathway,M1,1,0
1,-3.3,GO:0034764,positive regulation of transmembrane transport,M1,1,0
1,-9.1,GO:0010942,positive regulation of cell death,M1,1,0
1,-3.6,M145,PID P53 DOWNSTREAM PATHWAY,M1,1,0
1,-2.2,hsa05020,Prion disease,M1,1,0
1,-6.7,GO:0001568,blood vessel development,M1,1,0
1,-3.9,hsa04978,Mineral absorption,M1,1,0
1,-3.6,GO:0140467,integrated stress response signaling,M1,1,0
1,-2.5,GO:0042698,ovulation cycle,M1,1,0
1,-4.5,GO:0048598,embryonic morphogenesis,M1,1,0
1,-2,GO:0045639,positive regulation of myeloid cell differentiation,M1,1,0
1,-2.2,GO:0046889,positive regulation of lipid biosynthetic process,M1,1,0
1,-3.5,R-HSA-3000178,ECM proteoglycans,M1,1,0
1,-7.3,GO:0010038,response to metal ion,M1,1,0
1,-5.3,GO:0072001,renal system development,M1,1,0
1,-3.3,GO:0014897,striated muscle hypertrophy,M1,1,0
1,-4.3,GO:0070372,regulation of ERK1 and ERK2 cascade,M1,1,0
1,-2.5,WP2380,Brain-derived neurotrophic factor (BDNF) signaling pathway,M1,1,0
1,-4.8,hsa04151,PI3K-Akt signaling pathway,M1,1,0
1,-3.6,R-HSA-1474244,Extracellular matrix organization,M1,1,0
1,-3.2,M5887,NABA BASEMENT MEMBRANES,M1,1,0
1,-2.1,GO:0008217,regulation of blood pressure,M1,1,0
1,-6.5,R-HSA-9006934,Signaling by Receptor Tyrosine Kinases,M1,1,0
1,-4.7,GO:0019722,calcium-mediated signaling,M1,1,0
1,-2.7,GO:0042246,tissue regeneration,M1,1,0
1,-2,R-HSA-2219528,PI3K/AKT Signaling in Cancer,M1,1,0
1,-5,GO:0007169,transmembrane receptor protein tyrosine kinase signaling pathway,M1,1,0
1,-7.3,GO:0086001,cardiac muscle cell action potential,M1,1,0
1,-4,GO:0048568,embryonic organ development,M1,1,0
1,-5.6,GO:0030001,metal ion transport,M1,1,0
1,-2.3,hsa04742,Taste transduction,M1,1,0
1,-3.7,M235,PID TCR CALCIUM PATHWAY,M1,1,0
1,-5.5,GO:1904705,regulation of vascular associated smooth muscle cell proliferation,M1,1,0
1,-5.1,GO:0043410,positive regulation of MAPK cascade,M1,1,0
1,-3,GO:0071478,cellular response to radiation,M1,1,0
1,-5.4,GO:0035239,tube morphogenesis,M1,1,0
1,-10,GO:0090257,regulation of muscle system process,M1,1,0
1,-2.8,GO:0120035,regulation of plasma membrane bounded cell projection organization,M1,1,0
1,-2.4,WP2037,Prolactin signaling pathway,M1,1,0
1,-3.2,GO:0046688,response to copper ion,M1,1,0
1,-2.3,GO:0050848,regulation of calcium-mediated signaling,M1,1,0
1,-7.7,GO:0006941,striated muscle contraction,M1,1,0
1,-2.5,GO:0051148,negative regulation of muscle cell differentiation,M1,1,0
1,-5.7,hsa04512,ECM-receptor interaction,M1,1,0
1,-2.2,GO:0007229,integrin-mediated signaling pathway,M1,1,0
1,-3.7,GO:0032922,circadian regulation of gene expression,M1,1,0
1,-2.5,GO:0010212,response to ionizing radiation,M1,1,0
1,-4.4,GO:1901385,regulation of voltage-gated calcium channel activity,M1,1,0
1,-7.7,GO:0071417,cellular response to organonitrogen compound,M1,1,0
1,-6.9,GO:0001508,action potential,M1,1,0
1,-2.4,GO:2000736,regulation of stem cell differentiation,M1,1,0
1,-4.4,M12,PID RHOA PATHWAY,M1,1,0
1,-4.4,GO:0070849,response to epidermal growth factor,M1,1,0
1,-3.2,GO:1902532,negative regulation of intracellular signal transduction,M1,1,0
1,-2.2,WP1772,Apoptosis modulation and signaling,M1,1,0
1,-2.6,hsa04720,Long-term potentiation,M1,1,0
1,-5.3,R-HSA-3000171,Non-integrin membrane-ECM interactions,M1,1,0
1,-3.4,M2,PID SMAD2 3NUCLEAR PATHWAY,M1,1,0
1,-3.7,WP3594,Circadian rhythm genes,M1,1,0
1,-4.4,WP53,ID signaling pathway,M1,1,0
1,-5.5,GO:0009612,response to mechanical stimulus,M1,1,0
1,-2.5,GO:0043542,endothelial cell migration,M1,1,0
1,-3,WP4534,Mechanoregulation and pathology of YAP/TAZ via Hippo and non-Hippo mechanisms,M1,1,0
1,-3.1,GO:0030501,positive regulation of bone mineralization,M1,1,0
1,-2.1,GO:0044703,multi-organism reproductive process,M1,1,0
1,-5.7,GO:0040008,regulation of growth,M1,1,0
1,-7.7,GO:0008016,regulation of heart contraction,M1,1,0
1,-2.3,GO:0050767,regulation of neurogenesis,M1,1,0
1,-2.2,GO:0014910,regulation of smooth muscle cell migration,M1,1,0
1,-2.1,hsa04972,Pancreatic secretion,M1,1,0
1,-2.7,GO:0051928,positive regulation of calcium ion transport,M1,1,0
1,-5.9,GO:2000147,positive regulation of cell motility,M1,1,0
1,-4.1,GO:0010644,cell communication by electrical coupling,M1,1,0
1,-4,WP5265,Neurogenesis regulation in the olfactory epithelium,M1,1,0
1,-2.5,WP707,DNA damage response,M1,1,0
1,-4.5,GO:0086064,cell communication by electrical coupling involved in cardiac conduction,M1,1,0
1,-5.8,GO:0051282,regulation of sequestering of calcium ion,M1,1,0
1,-3.5,GO:0048710,regulation of astrocyte differentiation,M1,1,0
1,-2,GO:0010720,positive regulation of cell development,M1,1,0
1,-2.2,hsa04970,Salivary secretion,M1,1,0
1,-2.2,R-HSA-446728,Cell junction organization,M1,1,0
1,-5.2,GO:0043408,regulation of MAPK cascade,M1,1,0
1,-9.2,GO:0002027,regulation of heart rate,M1,1,0
1,-2.6,GO:0055074,calcium ion homeostasis,M1,1,0
1,-3.4,GO:0001890,placenta development,M1,1,0
1,-2,GO:0007626,locomotory behavior,M1,1,0
1,-4.3,GO:2001257,regulation of cation channel activity,M1,1,0
1,-4.9,WP4216,Chromosomal and microsatellite instability in colorectal cancer,M1,1,0
1,-3.4,GO:1904064,positive regulation of cation transmembrane transport,M1,1,0
1,-3.4,hsa05224,Breast cancer,M1,1,0
1,-4.3,hsa04713,Circadian entrainment,M1,1,0
1,-2.5,GO:0045667,regulation of osteoblast differentiation,M1,1,0
1,-5.1,GO:0098662,inorganic cation transmembrane transport,M1,1,0
1,-8.9,GO:0060402,calcium ion transport into cytosol,M1,1,0
1,-8.6,GO:0003013,circulatory system process,M1,1,0
1,-2.3,GO:0008306,associative learning,M1,1,0
1,-2.4,GO:0050768,negative regulation of neurogenesis,M1,1,0
1,-4.4,GO:1901021,positive regulation of calcium ion transmembrane transporter activity,M1,1,0
1,-6.3,GO:0055001,muscle cell development,M1,1,0
1,-8.3,WP5087,Malignant pleural mesothelioma,M1,1,0
1,-2.8,R-HSA-5578775,Ion homeostasis,M1,1,0
1,-3.4,GO:0032409,regulation of transporter activity,M1,1,0
1,-5.4,GO:0048661,positive regulation of smooth muscle cell proliferation,M1,1,0
1,-2.2,GO:0198738,cell-cell signaling by wnt,M1,1,0
1,-7.3,GO:0043065,positive regulation of apoptotic process,M1,1,0
1,-5,R-HSA-5661231,Metallothioneins bind metals,M1,1,0
1,-2.6,WP2032,Thyroid stimulating hormone (TSH) signaling pathway,M1,1,0
1,-3.6,hsa04115,p53 signaling pathway,M1,1,0
1,-3.4,GO:2000628,regulation of miRNA metabolic process,M1,1,0
1,-2.5,hsa05218,Melanoma,M1,1,0
1,-13,GO:0060537,muscle tissue development,M1,1,0
1,-2.6,hsa04927,Cortisol synthesis and secretion,M1,1,0
1,-2.9,GO:1904707,positive regulation of vascular associated smooth muscle cell proliferation,M1,1,0
1,-3.5,GO:0034599,cellular response to oxidative stress,M1,1,0
1,-6.9,GO:1903522,regulation of blood circulation,M1,1,0
1,-3.1,GO:0034767,positive regulation of monoatomic ion transmembrane transport,M1,1,0
1,-2.2,GO:0051348,negative regulation of transferase activity,M1,1,0
1,-7.8,GO:0061337,cardiac conduction,M1,1,0
1,-3.1,GO:0045860,positive regulation of protein kinase activity,M1,1,0
1,-5.8,GO:0007519,skeletal muscle tissue development,M1,1,0
1,-5.1,WP2374,Oncostatin M signaling pathway,M1,1,0
1,-2.1,GO:0046330,positive regulation of JNK cascade,M1,1,0
1,-6.2,GO:0048729,tissue morphogenesis,M1,1,0
1,-2.2,GO:0001892,embryonic placenta development,M1,1,0
1,-2.2,WP2355,Corticotropin-releasing hormone signaling pathway,M1,1,0
1,-5.9,GO:0051279,regulation of release of sequestered calcium ion into cytosol,M1,1,0
1,-3.4,GO:0009725,response to hormone,M1,1,0
1,-2.2,R-HSA-2682334,EPH-Ephrin signaling,M1,1,0
1,-3.4,GO:0007420,brain development,M1,1,0
1,-2.2,GO:0007611,learning or memory,M1,1,0
1,-2.7,GO:0050678,regulation of epithelial cell proliferation,M1,1,0
1,-6.2,GO:0086012,membrane depolarization during cardiac muscle cell action potential,M1,1,0
1,-2.3,GO:0021537,telencephalon development,M1,1,0
1,-4.1,GO:0050773,regulation of dendrite development,M1,1,0
1,-2.5,WP5130,Th17 cell differentiation pathway,M1,1,0
1,-2.2,R-HSA-1474290,Collagen formation,M1,1,0
1,-4.6,GO:0086091,regulation of heart rate by cardiac conduction,M1,1,0
1,-2.1,GO:0031589,cell-substrate adhesion,M1,1,0
1,-4.6,GO:0001666,response to hypoxia,M1,1,0
1,-6.2,WP3596,miR-517 relationship with ARCN1 and USP1,M1,1,0
1,-2.7,WP5053,Development of ureteric collection system,M1,1,0
1,-3.1,hsa05142,Chagas disease,M1,1,0
1,-4.9,GO:0098655,monoatomic cation transmembrane transport,M1,1,0
1,-4.4,WP536,Calcium regulation in cardiac cells,M1,1,0
1,-5,GO:0035051,cardiocyte differentiation,M1,1,0
1,-2.5,GO:0032989,cellular component morphogenesis,M1,1,0
1,-4.1,R-HSA-416572,Sema4D induced cell migration and growth-cone collapse,M1,1,0
1,-2.7,R-HSA-9006925,Intracellular signaling by second messengers,M1,1,0
1,-4.5,R-HSA-2214320,Anchoring fibril formation,M1,1,0
1,-2.5,GO:0043462,regulation of ATP-dependent activity,M1,1,0
1,-6.4,hsa04010,MAPK signaling pathway,M1,1,0
1,-3.9,GO:0010927,cellular component assembly involved in morphogenesis,M1,1,0
1,-3.3,M65,PID FRA PATHWAY,M1,1,0
1,-2.5,GO:0061035,regulation of cartilage development,M1,1,0
1,-2.2,GO:0030097,hemopoiesis,M1,1,0
1,-2.7,hsa04380,Osteoclast differentiation,M1,1,0
1,-2.6,GO:0007423,sensory organ development,M1,1,0
1,-7.7,GO:0042692,muscle cell differentiation,M1,1,0
1,-6.4,GO:0071560,cellular response to transforming growth factor beta stimulus,M1,1,0
1,-2,GO:0043393,regulation of protein binding,M1,1,0
1,-3,GO:0030855,epithelial cell differentiation,M1,1,0
1,-2.3,hsa04530,Tight junction,M1,1,0
1,-6.1,GO:0030335,positive regulation of cell migration,M1,1,0
1,-4.1,hsa05165,Human papillomavirus infection,M1,1,0
1,-2.3,hsa04310,Wnt signaling pathway,M1,1,0
1,-2.5,GO:0050807,regulation of synapse organization,M1,1,0
1,-2,GO:0046474,glycerophospholipid biosynthetic process,M1,1,0
1,-2.6,GO:0042060,wound healing,M1,1,0
1,-5.1,GO:0007610,behavior,M1,1,0
1,-2,hsa04974,Protein digestion and absorption,M1,1,0
1,-7,GO:0060047,heart contraction,M1,1,0
1,-11,WP2118,Arrhythmogenic right ventricular cardiomyopathy,M1,1,0
1,-5.3,GO:0086019,cell-cell signaling involved in cardiac conduction,M1,1,0
1,-3.8,hsa04935,"Growth hormone synthesis, secretion and action",M1,1,0
1,-6,GO:0030029,actin filament-based process,M1,1,0
1,-2.1,GO:0006814,sodium ion transport,M1,1,0
1,-3.1,R-HSA-1257604,PIP3 activates AKT signaling,M1,1,0
1,-2.3,hsa04012,ErbB signaling pathway,M1,1,0
1,-2.1,WP4258,lncRNA in canonical Wnt signaling and colorectal cancer,M1,1,0
1,-9.6,R-HSA-9031628,NGF-stimulated transcription,M1,1,0
1,-2.9,GO:0014066,regulation of phosphatidylinositol 3-kinase signaling,M1,1,0
1,-2.6,M255,PID HIF1 TFPATHWAY,M1,1,0
1,-5.3,hsa04024,cAMP signaling pathway,M1,1,0
1,-3.3,GO:0051591,response to cAMP,M1,1,0
1,-8.5,GO:0010880,regulation of release of sequestered calcium ion into cytosol by sarcoplasmic reticulum,M1,1,0
1,-8.3,GO:0070848,response to growth factor,M1,1,0
1,-4.4,M183,PID IL6 7 PATHWAY,M1,1,0
1,-3,hsa04928,"Parathyroid hormone synthesis, secretion and action",M1,1,0
1,-4.3,GO:0048013,ephrin receptor signaling pathway,M1,1,0
1,-3.3,WP4877,Host-pathogen interaction of human coronaviruses - MAPK signaling,M1,1,0
1,-6.1,GO:0034765,regulation of monoatomic ion transmembrane transport,M1,1,0
1,-3.5,GO:1903706,regulation of hemopoiesis,M1,1,0
1,-7,R-HSA-166520,Signaling by NTRKs,M1,1,0
1,-4.7,GO:0051899,membrane depolarization,M1,1,0
1,-6.4,WP4685,Melanoma,M1,1,0
1,-4.2,WP481,Insulin signaling,M1,1,0
1,-2.1,GO:0090092,regulation of transmembrane receptor protein serine/threonine kinase signaling pathway,M1,1,0
1,-7.5,R-HSA-445355,Smooth Muscle Contraction,M1,1,0
1,-2.5,hsa05223,Non-small cell lung cancer,M1,1,0
1,-5.3,GO:0006939,smooth muscle contraction,M1,1,0
1,-3.6,GO:0071479,cellular response to ionizing radiation,M1,1,0
1,-3.3,WP4262,Breast cancer pathway,M1,1,0
1,-4.5,GO:0014074,response to purine-containing compound,M1,1,0
1,-5.2,WP4155,Endometrial cancer,M1,1,0
1,-4.2,WP2864,Apoptosis-related network due to altered Notch3 in ovarian cancer,M1,1,0
1,-4.6,GO:0051098,regulation of binding,M1,1,0
1,-2.2,WP138,Androgen receptor signaling pathway,M1,1,0
1,-15,GO:0061061,muscle structure development,M1,1,0
1,-2.2,hsa04658,Th1 and Th2 cell differentiation,M1,1,0
1,-3.6,GO:0060674,placenta blood vessel development,M1,1,0
1,-4.6,R-HSA-5660526,Response to metal ions,M1,1,0
1,-2.7,GO:0043583,ear development,M1,1,0
1,-4.9,GO:0001933,negative regulation of protein phosphorylation,M1,1,0
1,-4.1,GO:0000302,response to reactive oxygen species,M1,1,0
1,-4.8,M186,PID PDGFRB PATHWAY,M1,1,0
1,-3.3,GO:0071277,cellular response to calcium ion,M1,1,0
1,-7.3,GO:0048660,regulation of smooth muscle cell proliferation,M1,1,0
1,-3.8,GO:0034614,cellular response to reactive oxygen species,M1,1,0
1,-2.5,R-HSA-9675108,Nervous system development,M1,1,0
1,-2.1,GO:0032091,negative regulation of protein binding,M1,1,0
1,-2.1,hsa05167,Kaposi sarcoma-associated herpesvirus infection,M1,1,0
1,-7.8,GO:0097553,calcium ion transmembrane import into cytosol,M1,1,0
1,-2.5,GO:0050921,positive regulation of chemotaxis,M1,1,0
1,-2.4,GO:0018108,peptidyl-tyrosine phosphorylation,M1,1,0
1,-4.6,GO:1901841,regulation of high voltage-gated calcium channel activity,M1,1,0
1,-4.7,GO:0098703,calcium ion import across plasma membrane,M1,1,0
1,-6.3,hsa04022,cGMP-PKG signaling pathway,M1,1,0
1,-2.1,R-HSA-5625740,RHO GTPases activate PKNs,M1,1,0
1,-4.8,GO:0098911,regulation of ventricular cardiac muscle cell action potential,M1,1,0
1,-2.1,WP1530,miRNA regulation of DNA damage response,M1,1,0
1,-8.2,R-HSA-198725,Nuclear Events (kinase and transcription factor activation),M1,1,0
1,-2.3,GO:0050673,epithelial cell proliferation,M1,1,0
1,-4.3,GO:0031400,negative regulation of protein modification process,M1,1,0
1,-2.3,WP4239,Epithelial to mesenchymal transition in colorectal cancer,M1,1,0
1,-3.8,M3008,NABA ECM GLYCOPROTEINS,M1,1,0
1,-3.2,GO:0010762,regulation of fibroblast migration,M1,1,0
1,-2.8,WP560,TGF-beta receptor signaling,M1,1,0
1,-2.1,GO:0048589,developmental growth,M1,1,0
1,-2.3,GO:0098739,import across plasma membrane,M1,1,0
1,-2.6,GO:0050679,positive regulation of epithelial cell proliferation,M1,1,0
1,-4.5,GO:0043620,regulation of DNA-templated transcription in response to stress,M1,1,0
1,-2.8,GO:0006874,cellular calcium ion homeostasis,M1,1,0
1,-2.3,GO:0009991,response to extracellular stimulus,M1,1,0
1,-3.4,GO:0045598,regulation of fat cell differentiation,M1,1,0
1,-2.3,GO:0014068,positive regulation of phosphatidylinositol 3-kinase signaling,M1,1,0
1,-12,GO:0006936,muscle contraction,M1,1,0
1,-2.1,GO:0099175,regulation of postsynapse organization,M1,1,0
1,-4,hsa05213,Endometrial cancer,M1,1,0
1,-2.5,GO:0014743,regulation of muscle hypertrophy,M1,1,0
1,-3.3,GO:0009314,response to radiation,M1,1,0
1,-2.3,GO:0051147,regulation of muscle cell differentiation,M1,1,0
1,-3,GO:0062197,cellular response to chemical stress,M1,1,0
1,-6.7,GO:1901019,regulation of calcium ion transmembrane transporter activity,M1,1,0
1,-3,GO:0060711,labyrinthine layer development,M1,1,0
1,-3.1,hsa04070,Phosphatidylinositol signaling system,M1,1,0
1,-3.6,R-HSA-3928663,EPHA-mediated growth cone collapse,M1,1,0
1,-3.8,GO:0060314,regulation of ryanodine-sensitive calcium-release channel activity,M1,1,0
1,-2.6,WP4808,Endochondral ossification with skeletal dysplasias,M1,1,0
1,-4.4,M60,PID NFAT TFPATHWAY,M1,1,0
1,-2.2,GO:0048545,response to steroid hormone,M1,1,0
1,-13,hsa05414,Dilated cardiomyopathy,M1,1,0
1,-4.3,GO:0010763,positive regulation of fibroblast migration,M1,1,0
1,-3.2,GO:0008283,cell population proliferation,M1,1,0
1,-2.9,GO:0048839,inner ear development,M1,1,0
1,-6.7,WP4754,IL-18 signaling pathway,M1,1,0
1,-2.6,GO:0006875,cellular metal ion homeostasis,M1,1,0
1,-6.3,R-HSA-187037,Signaling by NTRK1 (TRKA),M1,1,0
1,-2.8,WP3932,Focal adhesion: PI3K-Akt-mTOR-signaling pathway,M1,1,0
1,-2.5,GO:0001934,positive regulation of protein phosphorylation,M1,1,0
1,-11,hsa05410,Hypertrophic cardiomyopathy,M1,1,0
1,-2.4,GO:0007612,learning,M1,1,0
1,-5.3,GO:0098900,regulation of action potential,M1,1,0
1,-8,GO:0043068,positive regulation of programmed cell death,M1,1,0
1,-2.1,hsa04925,Aldosterone synthesis and secretion,M1,1,0
1,-2.1,GO:0001936,regulation of endothelial cell proliferation,M1,1,0
1,-2.7,GO:0034612,response to tumor necrosis factor,M1,1,0
1,-6.2,GO:1903115,regulation of actin filament-based movement,M1,1,0
1,-6.9,GO:0014706,striated muscle tissue development,M1,1,0
1,-2.8,GO:0055065,metal ion homeostasis,M1,1,0
1,-2.7,R-HSA-2022090,Assembly of collagen fibrils and other multimeric structures,M1,1,0
1,-3.4,GO:0030511,positive regulation of transforming growth factor beta receptor signaling pathway,M1,1,0
1,-2.9,GO:0099587,inorganic ion import across plasma membrane,M1,1,0
1,-3,WP2877,Vitamin D receptor pathway,M1,1,0
1,-2.8,GO:0071320,cellular response to cAMP,M1,1,0
1,-3,GO:0048511,rhythmic process,M1,1,0
1,-4.1,GO:0033674,positive regulation of kinase activity,M1,1,0
1,-2.4,GO:0051961,negative regulation of nervous system development,M1,1,0
1,-2.5,hsa05226,Gastric cancer,M1,1,0
1,-7.8,hsa04921,Oxytocin signaling pathway,M1,1,0
1,-6.2,GO:0090131,mesenchyme migration,M1,1,0
1,-3.2,WP4963,p53 transcriptional gene network,M1,1,0
1,-2,GO:0090132,epithelium migration,M1,1,0
1,-3.5,WP408,Oxidative stress response,M1,1,0
1,-3.2,hsa04912,GnRH signaling pathway,M1,1,0
1,-2.7,hsa04068,FoxO signaling pathway,M1,1,0
1,-2.7,GO:0098771,inorganic ion homeostasis,M1,1,0
1,-2.2,GO:0030003,cellular monoatomic cation homeostasis,M1,1,0
1,-3.4,GO:0030036,actin cytoskeleton organization,M1,1,0
1,-3.9,GO:0030198,extracellular matrix organization,M1,1,0
1,-4.7,GO:0043618,regulation of transcription from RNA polymerase II promoter in response to stress,M1,1,0
1,-2.3,GO:0050801,monoatomic ion homeostasis,M1,1,0
1,-2.9,GO:0098659,inorganic cation import across plasma membrane,M1,1,0
1,-4,GO:0045936,negative regulation of phosphate metabolic process,M1,1,0
1,-3.7,hsa05031,Amphetamine addiction,M1,1,0
1,-3.7,GO:0022898,regulation of transmembrane transporter activity,M1,1,0
1,-3.7,hsa04924,Renin secretion,M1,1,0
1,-3.5,GO:0045859,regulation of protein kinase activity,M1,1,0
1,-2.1,hsa01522,Endocrine resistance,M1,1,0
1,-4.9,GO:0055006,cardiac cell development,M1,1,0
1,-2.6,GO:0006940,regulation of smooth muscle contraction,M1,1,0
1,-3.8,GO:0032411,positive regulation of transporter activity,M1,1,0
1,-14,R-HSA-397014,Muscle contraction,M1,1,0
1,-3.4,R-HSA-216083,Integrin cell surface interactions,M1,1,0
1,-8.1,GO:0006942,regulation of striated muscle contraction,M1,1,0
1,-2.9,WP3286,Copper homeostasis,M1,1,0
1,-2.8,GO:0051101,regulation of DNA binding,M1,1,0
1,-5.2,GO:0090130,tissue migration,M1,1,0
1,-4.5,M53,PID INTEGRIN3 PATHWAY,M1,1,0
1,-5.4,GO:0002026,regulation of the force of heart contraction,M1,1,0
1,-4.6,hsa04371,Apelin signaling pathway,M1,1,0
1,-2.6,GO:0051345,positive regulation of hydrolase activity,M1,1,0
1,-2.2,WP2840,Hair follicle development: cytodifferentiation - part 3 of 3,M1,1,0
1,-3,M164,PID ERBB1 DOWNSTREAM PATHWAY,M1,1,0
1,-2.9,GO:0032970,regulation of actin filament-based process,M1,1,0
1,-2.1,GO:0040007,growth,M1,1,0
1,-2.3,M223,PID BETA CATENIN NUC PATHWAY,M1,1,0
1,-3.8,M272,PID CD8 TCR DOWNSTREAM PATHWAY,M1,1,0
1,-2.2,GO:0071774,response to fibroblast growth factor,M1,1,0
1,-2.1,GO:0071356,cellular response to tumor necrosis factor,M1,1,0
1,-2.5,GO:0050803,regulation of synapse structure or activity,M1,1,0
1,-8.8,GO:0008015,blood circulation,M1,1,0
1,-2.3,GO:0003018,vascular process in circulatory system,M1,1,0
1,-6.9,GO:0006816,calcium ion transport,M1,1,0
1,-2.3,GO:0018212,peptidyl-tyrosine modification,M1,1,0
1,-2.4,hsa05220,Chronic myeloid leukemia,M1,1,0
1,-2.7,GO:0002040,sprouting angiogenesis,M1,1,0
1,-2.9,hsa04668,TNF signaling pathway,M1,1,0
1,-2.6,GO:0097435,supramolecular fiber organization,M1,1,0
1,-6.1,WP2431,Spinal cord injury,M1,1,0
1,-7.1,GO:0048738,cardiac muscle tissue development,M1,1,0
1,-7,hsa04270,Vascular smooth muscle contraction,M1,1,0
1,-4.7,R-HSA-5576891,Cardiac conduction,M1,1,0
1,-3.7,GO:0071345,cellular response to cytokine stimulus,M1,1,0
1,-7.8,GO:0071363,cellular response to growth factor stimulus,M1,1,0
1,-4.9,GO:0086004,regulation of cardiac muscle cell contraction,M1,1,0
1,-2.8,GO:0031344,regulation of cell projection organization,M1,1,0
1,-4.5,GO:0001822,kidney development,M1,1,0
1,-3.6,GO:0048662,negative regulation of smooth muscle cell proliferation,M1,1,0
1,-5,GO:0048514,blood vessel morphogenesis,M1,1,0
1,-10,WP289,Myometrial relaxation and contraction pathways,M1,1,0
1,-4.1,GO:0071294,cellular response to zinc ion,M1,1,0
1,-2.7,GO:0045668,negative regulation of osteoblast differentiation,M1,1,0
1,-5.1,GO:0043269,regulation of monoatomic ion transport,M1,1,0
1,-3.3,GO:0014896,muscle hypertrophy,M1,1,0
1,-5.5,WP4658,Small cell lung cancer,M1,1,0
1,-3.1,GO:1904706,negative regulation of vascular associated smooth muscle cell proliferation,M1,1,0
1,-5.7,GO:1904062,regulation of monoatomic cation transmembrane transport,M1,1,0
1,-5.8,GO:0051924,regulation of calcium ion transport,M1,1,0
1,-2.8,WP3646,Hepatitis C and hepatocellular carcinoma,M1,1,0
1,-2.7,hsa04015,Rap1 signaling pathway,M1,1,0
1,-2.5,WP4255,Non-small cell lung cancer,M1,1,0
1,-2.4,GO:0071900,regulation of protein serine/threonine kinase activity,M1,1,0
1,-3.8,GO:0055002,striated muscle cell development,M1,1,0
1,-3.4,GO:1903846,positive regulation of cellular response to transforming growth factor beta stimulus,M1,1,0
1,-3.1,GO:1903034,regulation of response to wounding,M1,1,0
1,-2.5,GO:0070301,cellular response to hydrogen peroxide,M1,1,0
1,-5.1,GO:0071276,cellular response to cadmium ion,M1,1,0
1,-3.4,R-HSA-5576892,Phase 0 - rapid depolarisation,M1,1,0
1,-3.9,GO:0045229,external encapsulating structure organization,M1,1,0
1,-2.2,GO:0007565,female pregnancy,M1,1,0
1,-2.3,GO:0003205,cardiac chamber development,M1,1,0
1,-4.8,R-HSA-390522,Striated Muscle Contraction,M1,1,0
1,-8,WP383,Striated muscle contraction pathway,M1,1,0
1,-3.7,GO:0046683,response to organophosphorus,M1,1,0
1,-2.4,GO:0031099,regeneration,M1,1,0
1,-4.3,GO:0043549,regulation of kinase activity,M1,1,0
1,-3.2,hsa04350,TGF-beta signaling pathway,M1,1,0
1,-2.8,GO:0007178,transmembrane receptor protein serine/threonine kinase signaling pathway,M1,1,0
1,-3.5,GO:0051347,positive regulation of transferase activity,M1,1,0
1,-3.7,WP236,Adipogenesis,M1,1,0
1,-2.6,WP5083,Neuroinflammation and glutamatergic signaling,M1,1,0
1,-4.2,GO:0001525,angiogenesis,M1,1,0
1,-2.7,WP4816,TGF-beta receptor signaling in skeletal dysplasias,M1,1,0
1,-3.2,GO:1904427,positive regulation of calcium ion transmembrane transport,M1,1,0
1,-2.4,hsa05214,Glioma,M1,1,0
1,-4.1,GO:0046686,response to cadmium ion,M1,1,0
1,-2.6,GO:2001259,positive regulation of cation channel activity,M1,1,0
1,-2.1,GO:0043279,response to alkaloid,M1,1,0
1,-9.4,GO:0044057,regulation of system process,M1,1,0
1,-2.4,GO:0043434,response to peptide hormone,M1,1,0
1,-2.2,WP4263,Pancreatic adenocarcinoma pathway,M1,1,0
1,-2.1,GO:0030168,platelet activation,M1,1,0
1,-3.6,R-HSA-3000157,Laminin interactions,M1,1,0
1,-2.5,R-HSA-9013026,RHOB GTPase cycle,M1,1,0
1,-2.5,GO:0060485,mesenchyme development,M1,1,0
1,-2.2,WP673,ErbB signaling pathway,M1,1,0
1,-9,GO:0010035,response to inorganic substance,M1,1,0
1,-3.7,GO:0071280,cellular response to copper ion,M1,1,0
1,-4,GO:0032414,positive regulation of ion transmembrane transporter activity,M1,1,0
1,-2.2,GO:0046890,regulation of lipid biosynthetic process,M1,1,0
1,-4.9,GO:0045600,positive regulation of fat cell differentiation,M1,1,0
1,-3,GO:0034329,cell junction assembly,M1,1,0
1,-7.1,GO:1901699,cellular response to nitrogen compound,M1,1,0
1,-3.1,GO:0006979,response to oxidative stress,M1,1,0
1,-5,GO:0045926,negative regulation of growth,M1,1,0
1,-5.1,M18,PID INTEGRIN1 PATHWAY,M1,1,0
1,-9.3,GO:0007517,muscle organ development,M1,1,0
1,-6.3,M167,PID AP1 PATHWAY,M1,1,0
1,-3.5,GO:0061448,connective tissue development,M1,1,0
1,-4.6,M115,PID REG GR PATHWAY,M1,1,0
1,-4.1,hsa05200,Pathways in cancer,M1,1,0
1,-4.2,GO:1902895,positive regulation of miRNA transcription,M1,1,0
1,-2.7,R-HSA-422475,Axon guidance,M1,1,0
1,-3.1,GO:0007204,positive regulation of cytosolic calcium ion concentration,M1,1,0
1,-5.7,GO:0055007,cardiac muscle cell differentiation,M1,1,0
1,-3.9,GO:0010975,regulation of neuron projection development,M1,1,0
1,-2,R-HSA-2559583,Cellular Senescence,M1,1,0
1,-2.2,WP5098,T-cell activation SARS-CoV-2,M1,1,0
1,-7.7,GO:0003015,heart process,M1,1,0
1,-2.9,R-HSA-5173105,O-linked glycosylation,M1,1,0
1,-4,GO:0010563,negative regulation of phosphorus metabolic process,M1,1,0
1,-8.1,GO:0007167,enzyme-linked receptor protein signaling pathway,M1,1,0
1,-3.8,GO:0030239,myofibril assembly,M1,1,0
1,-4.2,GO:0010959,regulation of metal ion transport,M1,1,0
1,-2.5,GO:0001570,vasculogenesis,M1,1,0
1,-4.3,R-HSA-112316,Neuronal System,M1,1,0
1,-3.3,WP4172,PI3K-Akt signaling pathway,M1,1,0
1,-2.3,GO:1905114,cell surface receptor signaling pathway involved in cell-cell signaling,M1,1,0
1,-3.3,hsa05216,Thyroid cancer,M1,1,0
1,-2.4,hsa05132,Salmonella infection,M1,1,0
1,-10,hsa04261,Adrenergic signaling in cardiomyocytes,M1,1,0
1,-6.3,GO:0071559,response to transforming growth factor beta,M1,1,0
1,-4.5,GO:0071364,cellular response to epidermal growth factor stimulus,M1,1,0
1,-5.6,hsa05222,Small cell lung cancer,M1,1,0
1,-6.6,GO:0051146,striated muscle cell differentiation,M1,1,0
1,-2.1,GO:0048732,gland development,M1,1,0
1,-7.6,GO:0010881,regulation of cardiac muscle contraction by regulation of the release of sequestered calcium ion,M1,1,0
1,-4.3,GO:0071241,cellular response to inorganic substance,M1,1,0
1,-2.2,GO:0016055,Wnt signaling pathway,M1,1,0
1,-6.4,GO:0031032,actomyosin structure organization,M1,1,0
1,-7.1,GO:1903169,regulation of calcium ion transmembrane transport,M1,1,0
1,-3.9,GO:2000630,positive regulation of miRNA metabolic process,M1,1,0
1,-2.8,R-HSA-6794361,Neurexins and neuroligins,M1,1,0
1,-3.4,GO:0003300,cardiac muscle hypertrophy,M1,1,0
1,-7.1,hsa04260,Cardiac muscle contraction,M1,1,0
1,-2.3,R-HSA-416482,G alpha (12/13) signalling events,M1,1,0
1,-9.8,GO:0006937,regulation of muscle contraction,M1,1,0
1,-4.7,GO:0071248,cellular response to metal ion,M1,1,0
1,-2.6,hsa04915,Estrogen signaling pathway,M1,1,0
1,-4.5,GO:0086003,cardiac muscle cell contraction,M1,1,0
1,-4.2,GO:0070482,response to oxygen levels,M1,1,0
1,-2.6,R-HSA-373755,Semaphorin interactions,M1,1,0
1,-10,hsa05412,Arrhythmogenic right ventricular cardiomyopathy,M1,1,0
1,-4.1,R-HSA-5627117,RHO GTPases Activate ROCKs,M1,1,0
1,-2.8,GO:0072132,mesenchyme morphogenesis,M1,1,0
1,-5.6,GO:0019932,second-messenger-mediated signaling,M1,1,0
1,-2,GO:0001667,ameboidal-type cell migration,M1,1,0
1,-2.9,R-HSA-388396,GPCR downstream signalling,M1,1,0
1,-2.6,GO:0070374,positive regulation of ERK1 and ERK2 cascade,M1,1,0
1,-6.5,GO:0045596,negative regulation of cell differentiation,M1,1,0
1,-2.9,GO:0070169,positive regulation of biomineral tissue development,M1,1,0
1,-3.2,R-HSA-419037,NCAM1 interactions,M1,1,0
1,-3.2,GO:0051100,negative regulation of binding,M1,1,0
1,-2.6,GO:0001649,osteoblast differentiation,M1,1,0
1,-2.1,GO:0043502,regulation of muscle adaptation,M1,1,0
1,-3.3,hsa04390,Hippo signaling pathway,M1,1,0
1,-2.3,GO:0030500,regulation of bone mineralization,M1,1,0
1,-3.8,R-HSA-400685,Sema4D in semaphorin signaling,M1,1,0
1,-2.6,hsa05166,Human T-cell leukemia virus 1 infection,M1,1,0
1,-3,R-HSA-112315,Transmission across Chemical Synapses,M1,1,0
1,-5.7,hsa04510,Focal adhesion,M1,1,0
1,-4.8,hsa04926,Relaxin signaling pathway,M1,1,0
