_MEMBER_MyList,_LogP_MyList,GO,Description,_PATTERN_,_RANK_,CHILD_GO_MyList
1,-41.395262357038405,GO:0032502,developmental process,M1,1,GO:0001944 vasculature development
1,-31.358908322655413,GO:0009987,cellular process,M1,1,GO:0043062 extracellular structure organization
1,-26.57552549685405,GO:0050896,response to stimulus,M1,1,GO:0070848 response to growth factor
1,-26.050668878198813,GO:0023052,signaling,M1,1,GO:0007167 enzyme-linked receptor protein signaling pathway
1,-20.169527946824147,GO:0040011,locomotion,M1,1,GO:0040013 negative regulation of locomotion
1,-18.88867916628363,GO:0040007,growth,M1,1,GO:0040008 regulation of growth
1,-17.942003080654143,GO:0048519,negative regulation of biological process,M1,1,GO:0008285 negative regulation of cell population proliferation
1,-17.521787090392525,GO:0048518,positive regulation of biological process,M1,1,GO:0010942 positive regulation of cell death
1,-16.078130955372664,GO:0032501,multicellular organismal process,M1,1,GO:0003013 circulatory system process
1,-13.034387923799672,GO:0050789,regulation of biological process,M1,1,GO:0050678 regulation of epithelial cell proliferation
1,-11.82140258104375,GO:0022414,reproductive process,M1,1,GO:0048608 reproductive structure development
1,-9.454605596590671,GO:0048511,rhythmic process,M1,1,GO:0042698 ovulation cycle
1,-9.095344069365122,GO:0008152,metabolic process,M1,1,GO:1903510 mucopolysaccharide metabolic process
1,-7.371068283522647,GO:0002376,immune system process,M1,1,GO:0045637 regulation of myeloid cell differentiation
1,-7.247229245414535,GO:0065007,biological regulation,M1,1,GO:0043086 negative regulation of catalytic activity
1,-5.914067707873426,GO:0051179,localization,M1,1,GO:0010875 positive regulation of cholesterol efflux
1,-5.467360529252134,GO:0044419,biological process involved in interspecies interaction between organisms,M1,1,GO:0009617 response to bacterium
1,-5.444365990145084,GO:0042592,homeostatic process,M1,1,GO:0120161 regulation of cold-induced thermogenesis
1,-4.0245071707083415,GO:0043473,pigmentation,M1,1,GO:0045636 positive regulation of melanocyte differentiation
1,-2.980155565712846,GO:0098754,detoxification,M1,1,GO:2000121 regulation of removal of superoxide radicals
1,-2.2640789212038617,GO:0051703,biological process involved in intraspecies interaction between organisms,M1,1,GO:0035176 social behavior
1,-2.18971027418102,GO:0016032,viral process,M1,1,GO:0016032 viral process
