_MEMBER_MyList,_LogP_MyList,GO,Description,_PATTERN_,_RANK_,CHILD_GO_MyList
1,-8.930525793507194,GO:0050896,response to stimulus,M1,1,GO:0009725 response to hormone
1,-6.649177967918575,GO:0032501,multicellular organismal process,M1,1,GO:0003013 circulatory system process
1,-6.62222319427786,GO:0065007,biological regulation,M1,1,GO:0051345 positive regulation of hydrolase activity
1,-6.593634080536615,GO:0040011,locomotion,M1,1,GO:0006935 chemotaxis
1,-6.070924094934916,GO:0042592,homeostatic process,M1,1,GO:0055074 calcium ion homeostasis
1,-5.578936799202574,GO:0032502,developmental process,M1,1,GO:0001944 vasculature development
1,-5.517557571800898,GO:0048518,positive regulation of biological process,M1,1,GO:0045823 positive regulation of heart contraction
1,-5.422103157084157,GO:0023052,signaling,M1,1,GO:0019932 second-messenger-mediated signaling
1,-5.4041819159073885,GO:0009987,cellular process,M1,1,GO:0030198 extracellular matrix organization
1,-5.38825372009204,GO:0051179,localization,M1,1,GO:0070588 calcium ion transmembrane transport
1,-5.3316601266379395,GO:0048519,negative regulation of biological process,M1,1,GO:0061045 negative regulation of wound healing
1,-5.034554823531899,GO:0044419,biological process involved in interspecies interaction between organisms,M1,1,GO:0034341 response to type II interferon
1,-4.80444312710344,GO:0008152,metabolic process,M1,1,GO:0006198 cAMP catabolic process
1,-4.759875113382659,GO:0022414,reproductive process,M1,1,GO:0044703 multi-organism reproductive process
1,-4.517078148448526,GO:0002376,immune system process,M1,1,GO:0019886 antigen processing and presentation of exogenous peptide antigen via MHC class II
1,-4.198997923012884,GO:0050789,regulation of biological process,M1,1,GO:1900046 regulation of hemostasis
