_MEMBER_MyList,_LogP_MyList,GO,Description,_PATTERN_,_RANK_,GiniIndex
1,-4,GO:0055117,regulation of cardiac muscle contraction,M1,1,0
1,-2.6,GO:0022407,regulation of cell-cell adhesion,M1,1,0
1,-2.8,GO:0035050,embryonic heart tube development,M1,1,0
1,-4.2,GO:0043270,positive regulation of monoatomic ion transport,M1,1,0
1,-3,R-HSA-192105,Synthesis of bile acids and bile salts,M1,1,0
1,-4.8,GO:0035994,response to muscle stretch,M1,1,0
1,-2.9,GO:0032412,regulation of monoatomic ion transmembrane transporter activity,M1,1,0
1,-3.5,GO:1901652,response to peptide,M1,1,0
1,-2.2,GO:0003231,cardiac ventricle development,M1,1,0
1,-2.4,GO:0006767,water-soluble vitamin metabolic process,M1,1,0
1,-2.1,GO:0000904,cell morphogenesis involved in differentiation,M1,1,0
1,-3.5,hsa04933,AGE-RAGE signaling pathway in diabetic complications,M1,1,0
1,-4.5,GO:0006873,cellular monoatomic ion homeostasis,M1,1,0
1,-4,GO:0030162,regulation of proteolysis,M1,1,0
1,-2.2,GO:0001503,ossification,M1,1,0
1,-2.7,GO:0042327,positive regulation of phosphorylation,M1,1,0
1,-2.4,GO:0071674,mononuclear cell migration,M1,1,0
1,-7.1,GO:0070542,response to fatty acid,M1,1,0
1,-2.9,GO:0098657,import into cell,M1,1,0
1,-2.6,GO:1901653,cellular response to peptide,M1,1,0
1,-2.2,GO:0071384,cellular response to corticosteroid stimulus,M1,1,0
1,-5.9,GO:0055080,monoatomic cation homeostasis,M1,1,0
1,-4.8,hsa05323,Rheumatoid arthritis,M1,1,0
1,-3.9,GO:0009712,catechol-containing compound metabolic process,M1,1,0
1,-3.8,GO:0046887,positive regulation of hormone secretion,M1,1,0
1,-2.7,hsa04940,Type I diabetes mellitus,M1,1,0
1,-2.4,GO:0071385,cellular response to glucocorticoid stimulus,M1,1,0
1,-2.7,GO:0042326,negative regulation of phosphorylation,M1,1,0
1,-3.9,GO:0006576,biogenic amine metabolic process,M1,1,0
1,-2.8,WP2858,Ectoderm differentiation,M1,1,0
1,-2.5,R-HSA-383280,Nuclear Receptor transcription pathway,M1,1,0
1,-2.8,GO:0060348,bone development,M1,1,0
1,-2.2,GO:0080164,regulation of nitric oxide metabolic process,M1,1,0
1,-2.4,GO:0052548,regulation of endopeptidase activity,M1,1,0
1,-5.7,GO:0071407,cellular response to organic cyclic compound,M1,1,0
1,-2.9,GO:0002062,chondrocyte differentiation,M1,1,0
1,-4.2,GO:0045862,positive regulation of proteolysis,M1,1,0
1,-2.4,GO:0019724,B cell mediated immunity,M1,1,0
1,-3.4,R-HSA-6785807,Interleukin-4 and Interleukin-13 signaling,M1,1,0
1,-2.5,GO:0034762,regulation of transmembrane transport,M1,1,0
1,-2,GO:0010638,positive regulation of organelle organization,M1,1,0
1,-5.4,GO:0070588,calcium ion transmembrane transport,M1,1,0
1,-5.2,GO:0030195,negative regulation of blood coagulation,M1,1,0
1,-2.4,WP3888,VEGFA-VEGFR2 signaling pathway,M1,1,0
1,-2.9,GO:0009611,response to wounding,M1,1,0
1,-2.6,GO:0071453,cellular response to oxygen levels,M1,1,0
1,-3.6,R-HSA-202427,Phosphorylation of CD3 and TCR zeta chains,M1,1,0
1,-2.3,GO:0051480,regulation of cytosolic calcium ion concentration,M1,1,0
1,-2.9,WP4698,Vitamin D-sensitive calcium signaling in depression,M1,1,0
1,-2.7,GO:0003073,regulation of systemic arterial blood pressure,M1,1,0
1,-2.3,GO:0140115,export across plasma membrane,M1,1,0
1,-3.8,GO:0035239,tube morphogenesis,M1,1,0
1,-2.3,GO:0017157,regulation of exocytosis,M1,1,0
1,-3.4,GO:1902903,regulation of supramolecular fiber organization,M1,1,0
1,-2.7,GO:0060412,ventricular septum morphogenesis,M1,1,0
1,-2.4,R-HSA-163685,Integration of energy metabolism,M1,1,0
1,-2.7,GO:0051592,response to calcium ion,M1,1,0
1,-3.9,GO:0050865,regulation of cell activation,M1,1,0
1,-2.1,GO:2000146,negative regulation of cell motility,M1,1,0
1,-3.4,hsa05416,Viral myocarditis,M1,1,0
1,-2.1,R-HSA-388841,Costimulation by the CD28 family,M1,1,0
1,-2.7,GO:0006812,monoatomic cation transport,M1,1,0
1,-2.9,R-HSA-382551,Transport of small molecules,M1,1,0
1,-2.9,GO:2000241,regulation of reproductive process,M1,1,0
1,-4.4,GO:0009410,response to xenobiotic stimulus,M1,1,0
1,-3.7,GO:0034220,monoatomic ion transmembrane transport,M1,1,0
1,-4,R-HSA-418457,cGMP effects,M1,1,0
1,-4.1,GO:0002478,antigen processing and presentation of exogenous peptide antigen,M1,1,0
1,-3,GO:0098801,regulation of renal system process,M1,1,0
1,-3.4,GO:0055082,cellular chemical homeostasis,M1,1,0
1,-4.7,R-HSA-1474228,Degradation of the extracellular matrix,M1,1,0
1,-2.4,GO:0007586,digestion,M1,1,0
1,-6.2,M5884,NABA CORE MATRISOME,M1,1,0
1,-4.8,GO:0006198,cAMP catabolic process,M1,1,0
1,-2.3,GO:0048812,neuron projection morphogenesis,M1,1,0
1,-2.2,GO:1905330,regulation of morphogenesis of an epithelium,M1,1,0
1,-3.8,GO:0032026,response to magnesium ion,M1,1,0
1,-2.1,GO:0048562,embryonic organ morphogenesis,M1,1,0
1,-2.7,GO:1990869,cellular response to chemokine,M1,1,0
1,-3.1,GO:0098660,inorganic ion transmembrane transport,M1,1,0
1,-2.3,GO:0032355,response to estradiol,M1,1,0
1,-3.3,GO:0034764,positive regulation of transmembrane transport,M1,1,0
1,-6.7,R-HSA-1474244,Extracellular matrix organization,M1,1,0
1,-2.7,GO:0002443,leukocyte mediated immunity,M1,1,0
1,-2.7,hsa05332,Graft-versus-host disease,M1,1,0
1,-2.3,GO:0030323,respiratory tube development,M1,1,0
1,-3,R-HSA-9006934,Signaling by Receptor Tyrosine Kinases,M1,1,0
1,-3.5,GO:0044062,regulation of excretion,M1,1,0
1,-2.9,hsa04210,Apoptosis,M1,1,0
1,-4.7,GO:0051384,response to glucocorticoid,M1,1,0
1,-2.2,GO:0002250,adaptive immune response,M1,1,0
1,-3.1,R-HSA-196849,Metabolism of water-soluble vitamins and cofactors,M1,1,0
1,-4.1,hsa04020,Calcium signaling pathway,M1,1,0
1,-2.3,GO:0002009,morphogenesis of an epithelium,M1,1,0
1,-2.2,WP3624,Lung fibrosis,M1,1,0
1,-3.5,GO:0071711,basement membrane organization,M1,1,0
1,-2.2,GO:0045428,regulation of nitric oxide biosynthetic process,M1,1,0
1,-3.1,GO:0003007,heart morphogenesis,M1,1,0
1,-5.6,GO:0001944,vasculature development,M1,1,0
1,-4.5,GO:0071347,cellular response to interleukin-1,M1,1,0
1,-3.3,GO:0007507,heart development,M1,1,0
1,-5.1,GO:1900047,negative regulation of hemostasis,M1,1,0
1,-3.8,R-HSA-76002,"Platelet activation, signaling and aggregation",M1,1,0
1,-6.6,GO:0042330,taxis,M1,1,0
1,-2.3,GO:0008217,regulation of blood pressure,M1,1,0
1,-2.9,GO:0019722,calcium-mediated signaling,M1,1,0
1,-2.2,GO:0010517,regulation of phospholipase activity,M1,1,0
1,-4.2,GO:0010038,response to metal ion,M1,1,0
1,-5.1,GO:0001568,blood vessel development,M1,1,0
1,-3.5,GO:0010942,positive regulation of cell death,M1,1,0
1,-4.3,WP3679,Cell-type dependent selectivity of CCK2R signaling,M1,1,0
1,-3.2,GO:0048598,embryonic morphogenesis,M1,1,0
1,-2.4,GO:0019216,regulation of lipid metabolic process,M1,1,0
1,-3.3,GO:0019725,cellular homeostasis,M1,1,0
1,-3.4,GO:0072001,renal system development,M1,1,0
1,-3.8,GO:0007169,transmembrane receptor protein tyrosine kinase signaling pathway,M1,1,0
1,-3.3,GO:0070372,regulation of ERK1 and ERK2 cascade,M1,1,0
1,-2.4,GO:0010506,regulation of autophagy,M1,1,0
1,-4.6,GO:0044706,multi-multicellular organism process,M1,1,0
1,-2.4,WP4222,Phosphodiesterases in neuronal function,M1,1,0
1,-2.3,M166,PID ATF2 PATHWAY,M1,1,0
1,-5.4,GO:0043062,extracellular structure organization,M1,1,0
1,-2.1,GO:0009799,specification of symmetry,M1,1,0
1,-5.2,GO:0031960,response to corticosteroid,M1,1,0
1,-3.9,GO:1903530,regulation of secretion by cell,M1,1,0
1,-2.5,GO:0033559,unsaturated fatty acid metabolic process,M1,1,0
1,-2.6,hsa04061,Viral protein interaction with cytokine and cytokine receptor,M1,1,0
1,-4.9,GO:0048568,embryonic organ development,M1,1,0
1,-2.6,GO:0003158,endothelium development,M1,1,0
1,-4.5,GO:0071346,cellular response to type II interferon,M1,1,0
1,-4.2,GO:0071415,cellular response to purine-containing compound,M1,1,0
1,-2.6,GO:0043410,positive regulation of MAPK cascade,M1,1,0
1,-2.2,GO:0035270,endocrine system development,M1,1,0
1,-3.3,GO:0048245,eosinophil chemotaxis,M1,1,0
1,-2.9,GO:0030001,metal ion transport,M1,1,0
1,-3,hsa05140,Leishmaniasis,M1,1,0
1,-2.4,R-HSA-977225,Amyloid fiber formation,M1,1,0
1,-2.1,WP2371,Parkinson's disease pathway,M1,1,0
1,-2.8,GO:0052652,cyclic purine nucleotide metabolic process,M1,1,0
1,-3.1,GO:0090257,regulation of muscle system process,M1,1,0
1,-4.5,GO:0072593,reactive oxygen species metabolic process,M1,1,0
1,-2.5,GO:0050678,regulation of epithelial cell proliferation,M1,1,0
1,-2.4,hsa04659,Th17 cell differentiation,M1,1,0
1,-2.3,GO:0031347,regulation of defense response,M1,1,0
1,-7.2,GO:0071417,cellular response to organonitrogen compound,M1,1,0
1,-2.8,GO:1902532,negative regulation of intracellular signal transduction,M1,1,0
1,-3.3,GO:0007568,aging,M1,1,0
1,-3.1,GO:0036075,replacement ossification,M1,1,0
1,-2.7,GO:0009154,purine ribonucleotide catabolic process,M1,1,0
1,-3.1,GO:0098662,inorganic cation transmembrane transport,M1,1,0
1,-4.7,R-HSA-5578775,Ion homeostasis,M1,1,0
1,-6.6,GO:0003013,circulatory system process,M1,1,0
1,-2.9,hsa05330,Allograft rejection,M1,1,0
1,-3.1,GO:0051495,positive regulation of cytoskeleton organization,M1,1,0
1,-3.1,hsa05310,Asthma,M1,1,0
1,-4,GO:0002399,MHC class II protein complex assembly,M1,1,0
1,-3.6,WP4760,PKC-gamma calcium signaling pathway in ataxia,M1,1,0
1,-3.2,GO:0046883,regulation of hormone secretion,M1,1,0
1,-2.1,GO:0032990,cell part morphogenesis,M1,1,0
1,-2.2,GO:0051353,positive regulation of oxidoreductase activity,M1,1,0
1,-5,GO:0050819,negative regulation of coagulation,M1,1,0
1,-3.6,GO:0071870,cellular response to catecholamine stimulus,M1,1,0
1,-2,GO:0097190,apoptotic signaling pathway,M1,1,0
1,-4.6,GO:0042417,dopamine metabolic process,M1,1,0
1,-2.2,GO:2001233,regulation of apoptotic signaling pathway,M1,1,0
1,-2.6,GO:0031638,zymogen activation,M1,1,0
1,-2.3,GO:0051283,negative regulation of sequestering of calcium ion,M1,1,0
1,-2.4,GO:0051341,regulation of oxidoreductase activity,M1,1,0
1,-3.7,GO:2000147,positive regulation of cell motility,M1,1,0
1,-2.2,GO:0051928,positive regulation of calcium ion transport,M1,1,0
1,-4.2,GO:1900046,regulation of hemostasis,M1,1,0
1,-2.5,GO:0051180,vitamin transport,M1,1,0
1,-4.5,GO:0008016,regulation of heart contraction,M1,1,0
1,-4.8,GO:0044703,multi-organism reproductive process,M1,1,0
1,-2.7,GO:0071383,cellular response to steroid hormone stimulus,M1,1,0
1,-3.4,GO:0060350,endochondral bone morphogenesis,M1,1,0
1,-2.5,hsa05144,Malaria,M1,1,0
1,-2.7,R-HSA-1280218,Adaptive Immune System,M1,1,0
1,-2.5,GO:0032526,response to retinoic acid,M1,1,0
1,-2.8,GO:0010876,lipid localization,M1,1,0
1,-3.9,GO:0006584,catecholamine metabolic process,M1,1,0
1,-3.1,GO:0043408,regulation of MAPK cascade,M1,1,0
1,-2,GO:0007162,negative regulation of cell adhesion,M1,1,0
1,-2.8,GO:2001056,positive regulation of cysteine-type endopeptidase activity,M1,1,0
1,-3.4,GO:0002027,regulation of heart rate,M1,1,0
1,-2.9,GO:0043065,positive regulation of apoptotic process,M1,1,0
1,-2.8,GO:0050714,positive regulation of protein secretion,M1,1,0
1,-2.5,GO:0045933,positive regulation of muscle contraction,M1,1,0
1,-4.2,GO:0032102,negative regulation of response to external stimulus,M1,1,0
1,-2.7,GO:0002252,immune effector process,M1,1,0
1,-3.6,GO:1904064,positive regulation of cation transmembrane transport,M1,1,0
1,-4.1,GO:2000242,negative regulation of reproductive process,M1,1,0
1,-2.9,R-HSA-375276,Peptide ligand-binding receptors,M1,1,0
1,-3.8,GO:0150104,transport across blood-brain barrier,M1,1,0
1,-4.9,GO:0051282,regulation of sequestering of calcium ion,M1,1,0
1,-2.3,GO:0007389,pattern specification process,M1,1,0
1,-2.4,GO:0072523,purine-containing compound catabolic process,M1,1,0
1,-4,GO:2000027,regulation of animal organ morphogenesis,M1,1,0
1,-4.3,GO:0030193,regulation of blood coagulation,M1,1,0
1,-2.6,hsa04713,Circadian entrainment,M1,1,0
1,-6.1,GO:0055074,calcium ion homeostasis,M1,1,0
1,-2.8,GO:0045667,regulation of osteoblast differentiation,M1,1,0
1,-3.2,GO:0032409,regulation of transporter activity,M1,1,0
1,-2.4,WP5144,NRP1-triggered signaling pathways in pancreatic cancer,M1,1,0
1,-2.6,R-HSA-194068,Bile acid and bile salt metabolism,M1,1,0
1,-5.5,GO:0045823,positive regulation of heart contraction,M1,1,0
1,-2.9,GO:0051604,protein maturation,M1,1,0
1,-2.8,GO:0150063,visual system development,M1,1,0
1,-3,R-HSA-202433,Generation of second messenger molecules,M1,1,0
1,-2.5,GO:0060688,regulation of morphogenesis of a branching structure,M1,1,0
1,-2.7,GO:0030501,positive regulation of bone mineralization,M1,1,0
1,-2.1,R-HSA-202733,Cell surface interactions at the vascular wall,M1,1,0
1,-4.4,hsa04514,Cell adhesion molecules,M1,1,0
1,-3,GO:0045765,regulation of angiogenesis,M1,1,0
1,-2.4,GO:1905952,regulation of lipid localization,M1,1,0
1,-5.5,GO:1903524,positive regulation of blood circulation,M1,1,0
1,-2.2,hsa05321,Inflammatory bowel disease,M1,1,0
1,-4.7,GO:1903522,regulation of blood circulation,M1,1,0
1,-4.1,GO:0034767,positive regulation of monoatomic ion transmembrane transport,M1,1,0
1,-2.2,hsa04927,Cortisol synthesis and secretion,M1,1,0
1,-5,GO:0034341,response to type II interferon,M1,1,0
1,-2.7,GO:0048729,tissue morphogenesis,M1,1,0
1,-2.7,GO:0010675,regulation of cellular carbohydrate metabolic process,M1,1,0
1,-3.8,R-HSA-202430,Translocation of ZAP-70 to Immunological synapse,M1,1,0
1,-3.9,GO:0051279,regulation of release of sequestered calcium ion into cytosol,M1,1,0
1,-4.4,GO:0002504,antigen processing and presentation of peptide or polysaccharide antigen via MHC class II,M1,1,0
1,-3,GO:0031016,pancreas development,M1,1,0
1,-3,hsa04612,Antigen processing and presentation,M1,1,0
1,-8.9,GO:0009725,response to hormone,M1,1,0
1,-2.7,GO:0006801,superoxide metabolic process,M1,1,0
1,-5.6,GO:0071312,cellular response to alkaloid,M1,1,0
1,-2.7,WP536,Calcium regulation in cardiac cells,M1,1,0
1,-2.2,GO:0048858,cell projection morphogenesis,M1,1,0
1,-3.5,GO:0098655,monoatomic cation transmembrane transport,M1,1,0
1,-2.1,GO:0140029,exocytic process,M1,1,0
1,-2.4,R-HSA-194138,Signaling by VEGF,M1,1,0
1,-2.2,GO:0032233,positive regulation of actin filament bundle assembly,M1,1,0
1,-2,GO:0042886,amide transport,M1,1,0
1,-2.7,GO:0006766,vitamin metabolic process,M1,1,0
1,-2.8,GO:0070098,chemokine-mediated signaling pathway,M1,1,0
1,-6.1,GO:0001666,response to hypoxia,M1,1,0
1,-2.4,M99,PID TXA2PATHWAY,M1,1,0
1,-2.4,WP4917,Proximal tubule transport,M1,1,0
1,-3.5,GO:0010817,regulation of hormone levels,M1,1,0
1,-3.5,GO:0043087,regulation of GTPase activity,M1,1,0
1,-3.5,R-HSA-389948,PD-1 signaling,M1,1,0
1,-7.8,M5885,NABA MATRISOME ASSOCIATED,M1,1,0
1,-2.1,GO:0060411,cardiac septum morphogenesis,M1,1,0
1,-2.6,GO:0001885,endothelial cell development,M1,1,0
1,-3.1,GO:0045766,positive regulation of angiogenesis,M1,1,0
1,-3.4,GO:0007423,sensory organ development,M1,1,0
1,-2.7,WP2328,Allograft rejection,M1,1,0
1,-3.6,GO:0030855,epithelial cell differentiation,M1,1,0
1,-4.4,R-HSA-8957275,Post-translational protein phosphorylation,M1,1,0
1,-2.4,GO:0032103,positive regulation of response to external stimulus,M1,1,0
1,-3.6,GO:0007157,heterophilic cell-cell adhesion via plasma membrane cell adhesion molecules,M1,1,0
1,-2.9,GO:0071456,cellular response to hypoxia,M1,1,0
1,-2.2,GO:0032663,regulation of interleukin-2 production,M1,1,0
1,-2.8,GO:0007411,axon guidance,M1,1,0
1,-3.5,GO:0071867,response to monoamine,M1,1,0
1,-2.7,WP364,IL6 signaling pathway,M1,1,0
1,-5.3,GO:0009612,response to mechanical stimulus,M1,1,0
1,-3.2,GO:0010634,positive regulation of epithelial cell migration,M1,1,0
1,-2.1,GO:0061035,regulation of cartilage development,M1,1,0
1,-2.5,GO:0048247,lymphocyte chemotaxis,M1,1,0
1,-2.6,GO:0010594,regulation of endothelial cell migration,M1,1,0
1,-3.4,WP558,Complement and coagulation cascades,M1,1,0
1,-3.8,GO:0016485,protein processing,M1,1,0
1,-3.9,GO:0030335,positive regulation of cell migration,M1,1,0
1,-2.9,GO:0060326,cell chemotaxis,M1,1,0
1,-2.5,GO:0016064,immunoglobulin mediated immune response,M1,1,0
1,-2.3,hsa04935,"Growth hormone synthesis, secretion and action",M1,1,0
1,-3.8,GO:0010232,vascular transport,M1,1,0
1,-2.5,GO:0035924,cellular response to vascular endothelial growth factor stimulus,M1,1,0
1,-2.6,GO:0044089,positive regulation of cellular component biogenesis,M1,1,0
1,-2.9,GO:0051385,response to mineralocorticoid,M1,1,0
1,-3.1,GO:0006869,lipid transport,M1,1,0
1,-3.7,GO:1901654,response to ketone,M1,1,0
1,-2.2,GO:0030336,negative regulation of cell migration,M1,1,0
1,-3.7,GO:0045778,positive regulation of ossification,M1,1,0
1,-2.9,GO:0000902,cell morphogenesis,M1,1,0
1,-3.4,hsa04024,cAMP signaling pathway,M1,1,0
1,-6.5,M183,PID IL6 7 PATHWAY,M1,1,0
1,-3.1,GO:0010952,positive regulation of peptidase activity,M1,1,0
1,-4.3,GO:0009214,cyclic nucleotide catabolic process,M1,1,0
1,-2.1,GO:0050867,positive regulation of cell activation,M1,1,0
1,-3.4,GO:0006939,smooth muscle contraction,M1,1,0
1,-2.9,R-HSA-76005,Response to elevated platelet cytosolic Ca2+,M1,1,0
1,-2.5,hsa05164,Influenza A,M1,1,0
1,-3.6,GO:0070848,response to growth factor,M1,1,0
1,-6.4,GO:0040011,locomotion,M1,1,0
1,-3.1,GO:0010880,regulation of release of sequestered calcium ion into cytosol by sarcoplasmic reticulum,M1,1,0
1,-2.8,GO:0001654,eye development,M1,1,0
1,-3.4,hsa04928,"Parathyroid hormone synthesis, secretion and action",M1,1,0
1,-4.6,GO:0070633,transepithelial transport,M1,1,0
1,-2.7,GO:0034765,regulation of monoatomic ion transmembrane transport,M1,1,0
1,-2.1,WP176,Folate metabolism,M1,1,0
1,-2.6,GO:0002381,immunoglobulin production involved in immunoglobulin-mediated immune response,M1,1,0
1,-7.4,GO:0032870,cellular response to hormone stimulus,M1,1,0
1,-3,R-HSA-372790,Signaling by GPCR,M1,1,0
1,-4.9,GO:0051591,response to cAMP,M1,1,0
1,-3.5,GO:0022898,regulation of transmembrane transporter activity,M1,1,0
1,-2.4,GO:0045936,negative regulation of phosphate metabolic process,M1,1,0
1,-2.1,hsa04924,Renin secretion,M1,1,0
1,-2.3,GO:0001938,positive regulation of endothelial cell proliferation,M1,1,0
1,-2.2,hsa05022,Pathways of neurodegeneration - multiple diseases,M1,1,0
1,-5.2,GO:0051216,cartilage development,M1,1,0
1,-4.4,GO:0002495,antigen processing and presentation of peptide antigen via MHC class II,M1,1,0
1,-2,GO:0003281,ventricular septum development,M1,1,0
1,-2.4,GO:0098742,cell-cell adhesion via plasma-membrane adhesion molecules,M1,1,0
1,-3,R-HSA-422356,Regulation of insulin secretion,M1,1,0
1,-2,GO:0061061,muscle structure development,M1,1,0
1,-2.7,hsa04658,Th1 and Th2 cell differentiation,M1,1,0
1,-5.7,GO:0014074,response to purine-containing compound,M1,1,0
1,-2.4,GO:0001933,negative regulation of protein phosphorylation,M1,1,0
1,-2.6,GO:0060349,bone morphogenesis,M1,1,0
1,-4.5,GO:0071313,cellular response to caffeine,M1,1,0
1,-3.8,GO:0061041,regulation of wound healing,M1,1,0
1,-2.5,GO:0046456,icosanoid biosynthetic process,M1,1,0
1,-3.2,GO:0048002,antigen processing and presentation of peptide antigen,M1,1,0
1,-2.2,GO:0009792,embryo development ending in birth or egg hatching,M1,1,0
1,-2.3,hsa05167,Kaposi sarcoma-associated herpesvirus infection,M1,1,0
1,-3.3,WP5055,Burn wound healing,M1,1,0
1,-2.3,hsa05012,Parkinson disease,M1,1,0
1,-8.4,R-HSA-109582,Hemostasis,M1,1,0
1,-6.6,M3008,NABA ECM GLYCOPROTEINS,M1,1,0
1,-2.1,hsa04060,Cytokine-cytokine receptor interaction,M1,1,0
1,-2.1,hsa05322,Systemic lupus erythematosus,M1,1,0
1,-3.1,GO:0071356,cellular response to tumor necrosis factor,M1,1,0
1,-2.9,M1315,SIG PIP3 SIGNALING IN B LYMPHOCYTES,M1,1,0
1,-2.5,GO:0006195,purine nucleotide catabolic process,M1,1,0
1,-2.5,GO:0110020,regulation of actomyosin structure organization,M1,1,0
1,-4.1,GO:0007167,enzyme-linked receptor protein signaling pathway,M1,1,0
1,-2.4,GO:0002460,adaptive immune response based on somatic recombination of immune receptors built from immunoglobulin superfamily domains,M1,1,0
1,-2.2,WP4217,Ebola virus infection in host,M1,1,0
1,-4.4,GO:0097553,calcium ion transmembrane import into cytosol,M1,1,0
1,-2.4,hsa05145,Toxoplasmosis,M1,1,0
1,-4.1,GO:0051046,regulation of secretion,M1,1,0
1,-3.1,GO:0001958,endochondral ossification,M1,1,0
1,-3.2,GO:0006690,icosanoid metabolic process,M1,1,0
1,-4.3,GO:0014823,response to activity,M1,1,0
1,-2,hsa04918,Thyroid hormone synthesis,M1,1,0
1,-2.2,GO:0043280,positive regulation of cysteine-type endopeptidase activity involved in apoptotic process,M1,1,0
1,-4.5,M5883,NABA SECRETED FACTORS,M1,1,0
1,-2.1,GO:0046626,regulation of insulin receptor signaling pathway,M1,1,0
1,-2.2,GO:0031667,response to nutrient levels,M1,1,0
1,-4.8,GO:0009308,amine metabolic process,M1,1,0
1,-4.2,R-HSA-193775,Synthesis of bile acids and bile salts via 24-hydroxycholesterol,M1,1,0
1,-2.1,GO:0009991,response to extracellular stimulus,M1,1,0
1,-5.6,GO:0006874,cellular calcium ion homeostasis,M1,1,0
1,-3.2,GO:0050900,leukocyte migration,M1,1,0
1,-5.8,GO:0050801,monoatomic ion homeostasis,M1,1,0
1,-2.7,GO:0009636,response to toxic substance,M1,1,0
1,-2.8,GO:0043068,positive regulation of programmed cell death,M1,1,0
1,-3.5,GO:0038084,vascular endothelial growth factor signaling pathway,M1,1,0
1,-2,GO:0003002,regionalization,M1,1,0
1,-2.7,hsa04921,Oxytocin signaling pathway,M1,1,0
1,-4,GO:0001936,regulation of endothelial cell proliferation,M1,1,0
1,-2.4,GO:0071320,cellular response to cAMP,M1,1,0
1,-3.5,GO:0019882,antigen processing and presentation,M1,1,0
1,-2.4,GO:0030324,lung development,M1,1,0
1,-3.1,GO:0008283,cell population proliferation,M1,1,0
1,-6,GO:0048545,response to steroid hormone,M1,1,0
1,-5.8,GO:0071398,cellular response to fatty acid,M1,1,0
1,-4.1,GO:0006693,prostaglandin metabolic process,M1,1,0
1,-4.8,R-HSA-877300,Interferon gamma signaling,M1,1,0
1,-3,GO:0048010,vascular endothelial growth factor receptor signaling pathway,M1,1,0
1,-3,GO:0050878,regulation of body fluid levels,M1,1,0
1,-3.6,GO:0034612,response to tumor necrosis factor,M1,1,0
1,-3.9,WP2877,Vitamin D receptor pathway,M1,1,0
1,-4.4,GO:0001501,skeletal system development,M1,1,0
1,-2.6,GO:0050918,positive chemotaxis,M1,1,0
1,-2.3,GO:0003014,renal system process,M1,1,0
1,-2.1,GO:0002694,regulation of leukocyte activation,M1,1,0
1,-2.3,R-HSA-2022090,Assembly of collagen fibrils and other multimeric structures,M1,1,0
1,-2.9,R-HSA-2129379,Molecules associated with elastic fibres,M1,1,0
1,-3.7,GO:0043547,positive regulation of GTPase activity,M1,1,0
1,-4.1,GO:0050818,regulation of coagulation,M1,1,0
1,-3.9,R-HSA-196854,Metabolism of vitamins and cofactors,M1,1,0
1,-2.8,R-HSA-416476,G alpha (q) signalling events,M1,1,0
1,-6,GO:0055065,metal ion homeostasis,M1,1,0
1,-2.3,GO:0014706,striated muscle tissue development,M1,1,0
1,-2.8,GO:1903115,regulation of actin filament-based movement,M1,1,0
1,-2.8,GO:0097485,neuron projection guidance,M1,1,0
1,-4.2,GO:0071396,cellular response to lipid,M1,1,0
1,-3,R-HSA-114608,Platelet degranulation,M1,1,0
1,-2.6,GO:0003044,regulation of systemic arterial blood pressure mediated by a chemical signal,M1,1,0
1,-2.7,GO:1990868,response to chemokine,M1,1,0
1,-5.8,hsa04371,Apelin signaling pathway,M1,1,0
1,-2.2,R-HSA-397014,Muscle contraction,M1,1,0
1,-4.9,WP2840,Hair follicle development: cytodifferentiation - part 3 of 3,M1,1,0
1,-3.1,GO:0002064,epithelial cell development,M1,1,0
1,-3.3,GO:0032970,regulation of actin filament-based process,M1,1,0
1,-2.4,GO:0006109,regulation of carbohydrate metabolic process,M1,1,0
1,-2,GO:0045669,positive regulation of osteoblast differentiation,M1,1,0
1,-2.2,GO:0120039,plasma membrane bounded cell projection morphogenesis,M1,1,0
1,-3,WP4754,IL-18 signaling pathway,M1,1,0
1,-2.6,hsa05150,Staphylococcus aureus infection,M1,1,0
1,-5.8,GO:0098771,inorganic ion homeostasis,M1,1,0
1,-4.6,GO:0030003,cellular monoatomic cation homeostasis,M1,1,0
1,-3.7,GO:0019884,antigen processing and presentation of exogenous antigen,M1,1,0
1,-2.1,GO:0008037,cell recognition,M1,1,0
1,-5.4,GO:0030198,extracellular matrix organization,M1,1,0
1,-6.6,GO:0051345,positive regulation of hydrolase activity,M1,1,0
1,-2.7,GO:0030595,leukocyte chemotaxis,M1,1,0
1,-3.6,GO:0006942,regulation of striated muscle contraction,M1,1,0
1,-3.1,GO:0032411,positive regulation of transporter activity,M1,1,0
1,-2.2,GO:0003206,cardiac chamber morphogenesis,M1,1,0
1,-2.7,hsa04145,Phagosome,M1,1,0
1,-3.3,GO:0002449,lymphocyte mediated immunity,M1,1,0
1,-2.7,GO:0007612,learning,M1,1,0
1,-2.8,GO:0009187,cyclic nucleotide metabolic process,M1,1,0
1,-3,GO:0001934,positive regulation of protein phosphorylation,M1,1,0
1,-4.8,GO:0010460,positive regulation of heart rate,M1,1,0
1,-2.9,WP619,Type II interferon signaling,M1,1,0
1,-3,GO:0006366,transcription by RNA polymerase II,M1,1,0
1,-5.5,GO:0006875,cellular metal ion homeostasis,M1,1,0
1,-2.4,GO:0010823,negative regulation of mitochondrion organization,M1,1,0
1,-3.6,GO:0071868,cellular response to monoamine stimulus,M1,1,0
1,-2.2,GO:0060541,respiratory system development,M1,1,0
1,-3.1,GO:0052547,regulation of peptidase activity,M1,1,0
1,-2.4,GO:0010563,negative regulation of phosphorus metabolic process,M1,1,0
1,-5,M3468,NABA ECM REGULATORS,M1,1,0
1,-3.5,GO:0071345,cellular response to cytokine stimulus,M1,1,0
1,-2.8,GO:0140352,export from cell,M1,1,0
1,-3.5,GO:0071869,response to catecholamine,M1,1,0
1,-2.4,GO:0032835,glomerulus development,M1,1,0
1,-3.3,GO:1903034,regulation of response to wounding,M1,1,0
1,-3,R-HSA-5576891,Cardiac conduction,M1,1,0
1,-3.5,GO:0010632,regulation of epithelial cell migration,M1,1,0
1,-2.4,GO:1905954,positive regulation of lipid localization,M1,1,0
1,-2.2,WP2849,Hematopoietic stem cell differentiation,M1,1,0
1,-4.6,GO:0043279,response to alkaloid,M1,1,0
1,-3.9,GO:0071363,cellular response to growth factor stimulus,M1,1,0
1,-3,GO:0086004,regulation of cardiac muscle cell contraction,M1,1,0
1,-2.3,GO:0048738,cardiac muscle tissue development,M1,1,0
1,-2.3,WP2431,Spinal cord injury,M1,1,0
1,-2.1,hsa04270,Vascular smooth muscle contraction,M1,1,0
1,-3.3,GO:0048016,inositol phosphate-mediated signaling,M1,1,0
1,-4.3,hsa04668,TNF signaling pathway,M1,1,0
1,-6.6,GO:0006935,chemotaxis,M1,1,0
1,-3.1,R-HSA-2132295,MHC class II antigen presentation,M1,1,0
1,-4.6,GO:0006816,calcium ion transport,M1,1,0
1,-5.4,GO:0003018,vascular process in circulatory system,M1,1,0
1,-4.6,GO:0008015,blood circulation,M1,1,0
1,-2.5,GO:0009261,ribonucleotide catabolic process,M1,1,0
1,-3.5,GO:0001822,kidney development,M1,1,0
1,-3.1,GO:1904018,positive regulation of vasculature development,M1,1,0
1,-2.5,GO:0010950,positive regulation of endopeptidase activity,M1,1,0
1,-2.9,R-HSA-913531,Interferon Signaling,M1,1,0
1,-3,GO:1904062,regulation of monoatomic cation transmembrane transport,M1,1,0
1,-2,GO:0097529,myeloid leukocyte migration,M1,1,0
1,-4,GO:0051047,positive regulation of secretion,M1,1,0
1,-4.2,WP3614,Photodynamic therapy-induced HIF-1 survival signaling,M1,1,0
1,-2.1,hsa04015,Rap1 signaling pathway,M1,1,0
1,-8.1,WP98,Prostaglandin synthesis and regulation,M1,1,0
1,-2,GO:0022600,digestive system process,M1,1,0
1,-2.4,GO:0032330,regulation of chondrocyte differentiation,M1,1,0
1,-2.6,hsa04350,TGF-beta signaling pathway,M1,1,0
1,-4.5,GO:0019886,antigen processing and presentation of exogenous peptide antigen via MHC class II,M1,1,0
1,-4.1,GO:0006692,prostanoid metabolic process,M1,1,0
1,-3.8,R-HSA-418346,Platelet homeostasis,M1,1,0
1,-3.3,GO:0007565,female pregnancy,M1,1,0
1,-6,GO:0046683,response to organophosphorus,M1,1,0
1,-4.3,GO:1903532,positive regulation of secretion by cell,M1,1,0
1,-3.4,GO:0015850,organic hydroxy compound transport,M1,1,0
1,-3.2,GO:0044057,regulation of system process,M1,1,0
1,-3,WP236,Adipogenesis,M1,1,0
1,-2,WP5083,Neuroinflammation and glutamatergic signaling,M1,1,0
1,-2.2,M255,PID HIF1 TFPATHWAY,M1,1,0
1,-4.1,GO:0006954,inflammatory response,M1,1,0
1,-3.6,GO:0040017,positive regulation of locomotion,M1,1,0
1,-7.7,GO:0036293,response to decreased oxygen levels,M1,1,0
1,-5.4,GO:0045229,external encapsulating structure organization,M1,1,0
1,-3.2,GO:0001525,angiogenesis,M1,1,0
1,-2.3,WP4816,TGF-beta receptor signaling in skeletal dysplasias,M1,1,0
1,-2.8,GO:0007584,response to nutrient,M1,1,0
1,-3.3,GO:0032414,positive regulation of ion transmembrane transporter activity,M1,1,0
1,-4.9,GO:1903035,negative regulation of response to wounding,M1,1,0
1,-4.1,GO:0010035,response to inorganic substance,M1,1,0
1,-2.6,GO:0032787,monocarboxylic acid metabolic process,M1,1,0
1,-2.1,GO:0061564,axon development,M1,1,0
1,-4.9,WP4747,Netrin-UNC5B signaling pathway,M1,1,0
1,-2.3,GO:0050708,regulation of protein secretion,M1,1,0
1,-2.4,GO:0060627,regulation of vesicle-mediated transport,M1,1,0
1,-4.2,GO:1902905,positive regulation of supramolecular fiber organization,M1,1,0
1,-2.7,GO:0048880,sensory system development,M1,1,0
1,-3.5,GO:0046058,cAMP metabolic process,M1,1,0
1,-2.9,GO:1901342,regulation of vasculature development,M1,1,0
1,-3.5,GO:0043434,response to peptide hormone,M1,1,0
1,-2.3,GO:0051924,regulation of calcium ion transport,M1,1,0
1,-2.3,GO:0051209,release of sequestered calcium ion into cytosol,M1,1,0
1,-3.7,WP1533,Vitamin B12 metabolism,M1,1,0
1,-2.8,M159,PID AMB2 NEUTROPHILS PATHWAY,M1,1,0
1,-2.3,GO:0060395,SMAD protein signal transduction,M1,1,0
1,-5.4,GO:0019932,second-messenger-mediated signaling,M1,1,0
1,-3.5,R-HSA-193368,Synthesis of bile acids and bile salts via 7alpha-hydroxycholesterol,M1,1,0
1,-2.9,R-HSA-388396,GPCR downstream signalling,M1,1,0
1,-2.7,GO:0070374,positive regulation of ERK1 and ERK2 cascade,M1,1,0
1,-2.4,GO:0070169,positive regulation of biomineral tissue development,M1,1,0
1,-3.2,R-HSA-418360,Platelet calcium homeostasis,M1,1,0
1,-2,hsa05166,Human T-cell leukemia virus 1 infection,M1,1,0
1,-2.1,GO:0010595,positive regulation of endothelial cell migration,M1,1,0
1,-4.1,R-HSA-193807,Synthesis of bile acids and bile salts via 27-hydroxycholesterol,M1,1,0
1,-2.5,GO:0043114,regulation of vascular permeability,M1,1,0
1,-3.2,R-HSA-4090294,SUMOylation of intracellular receptors,M1,1,0
1,-4.8,hsa05418,Fluid shear stress and atherosclerosis,M1,1,0
1,-2.4,GO:0007200,phospholipase C-activating G protein-coupled receptor signaling pathway,M1,1,0
1,-2,GO:0009166,nucleotide catabolic process,M1,1,0
1,-5.3,GO:0061045,negative regulation of wound healing,M1,1,0
1,-2.4,GO:0007204,positive regulation of cytosolic calcium ion concentration,M1,1,0
1,-2.7,R-HSA-381676,Glucagon-like Peptide-1 (GLP1) regulates insulin secretion,M1,1,0
1,-7.4,GO:1901699,cellular response to nitrogen compound,M1,1,0
1,-4.3,GO:0061448,connective tissue development,M1,1,0
1,-2.1,M167,PID AP1 PATHWAY,M1,1,0
1,-2.2,M18,PID INTEGRIN1 PATHWAY,M1,1,0
1,-4,GO:0002503,peptide antigen assembly with MHC class II protein complex,M1,1,0
1,-3.5,GO:0006979,response to oxidative stress,M1,1,0
1,-5.1,R-HSA-381426,Regulation of Insulin-like Growth Factor (IGF) transport and uptake by Insulin-like Growth Factor Binding Proteins (IGFBPs),M1,1,0
1,-3.4,GO:0003015,heart process,M1,1,0
1,-3.1,GO:0050727,regulation of inflammatory response,M1,1,0
1,-2.5,GO:0051496,positive regulation of stress fiber assembly,M1,1,0
1,-2.8,GO:0002687,positive regulation of leukocyte migration,M1,1,0
1,-4.9,WP3668,Hypothesized pathways in pathogenesis of cardiovascular disease,M1,1,0
1,-4,GO:1901615,organic hydroxy compound metabolic process,M1,1,0
1,-2.8,GO:0036294,cellular response to decreased oxygen levels,M1,1,0
1,-3.2,GO:0072677,eosinophil migration,M1,1,0
1,-4.4,GO:0048514,blood vessel morphogenesis,M1,1,0
1,-5.4,WP289,Myometrial relaxation and contraction pathways,M1,1,0
1,-3.4,GO:0071241,cellular response to inorganic substance,M1,1,0
1,-2.7,R-HSA-1566948,Elastic fibre formation,M1,1,0
1,-2.5,GO:1901655,cellular response to ketone,M1,1,0
1,-4.2,GO:0031000,response to caffeine,M1,1,0
1,-2.5,GO:0010543,regulation of platelet activation,M1,1,0
1,-2.4,GO:0046890,regulation of lipid biosynthetic process,M1,1,0
1,-2.6,GO:0043269,regulation of monoatomic ion transport,M1,1,0
1,-4.1,GO:0006937,regulation of muscle contraction,M1,1,0
1,-3.6,hsa05320,Autoimmune thyroid disease,M1,1,0
1,-2.3,GO:0030278,regulation of ossification,M1,1,0
1,-4.4,GO:0035988,chondrocyte proliferation,M1,1,0
1,-2.4,hsa04066,HIF-1 signaling pathway,M1,1,0
1,-2,WP24,Peptide GPCRs,M1,1,0
1,-2.2,GO:0002067,glandular epithelial cell differentiation,M1,1,0
1,-6,GO:0070555,response to interleukin-1,M1,1,0
1,-7.3,GO:0070482,response to oxygen levels,M1,1,0
1,-3.6,R-HSA-392154,Nitric oxide stimulates guanylate cyclase,M1,1,0
1,-2.5,hsa04672,Intestinal immune network for IgA production,M1,1,0
1,-2.5,GO:0071375,cellular response to peptide hormone stimulus,M1,1,0
1,-3.8,GO:0071248,cellular response to metal ion,M1,1,0
1,-3.8,GO:0018958,phenol-containing compound metabolic process,M1,1,0
1,-2.7,GO:0045785,positive regulation of cell adhesion,M1,1,0
1,-2.4,GO:0007409,axonogenesis,M1,1,0
1,-2.4,GO:0032231,regulation of actin filament bundle assembly,M1,1,0
1,-3.7,GO:0002396,MHC protein complex assembly,M1,1,0
1,-2.3,GO:1903169,regulation of calcium ion transmembrane transport,M1,1,0
1,-3.7,GO:0002501,peptide antigen assembly with MHC protein complex,M1,1,0
1,-2.1,WP2359,Parkin-ubiquitin proteasomal system pathway,M1,1,0
1,-2.8,hsa04610,Complement and coagulation cascades,M1,1,0
1,-2.2,GO:0030301,cholesterol transport,M1,1,0
1,-2,GO:0032940,secretion by cell,M1,1,0
1,-3.9,GO:0002548,monocyte chemotaxis,M1,1,0
