_MEMBER_MyList,_LogP_MyList,GO,Description,_PATTERN_,_RANK_,CHILD_GO_MyList
1,-20.431056843370733,GO:0050896,response to stimulus,M1,1,GO:0006954 inflammatory response
1,-17.807000007270748,GO:0032501,multicellular organismal process,M1,1,GO:0050865 regulation of cell activation
1,-17.25524869635275,GO:0048518,positive regulation of biological process,M1,1,GO:0010942 positive regulation of cell death
1,-14.968718251688758,GO:0002376,immune system process,M1,1,GO:0002694 regulation of leukocyte activation
1,-14.693585179626925,GO:0040011,locomotion,M1,1,GO:0040017 positive regulation of locomotion
1,-14.071769405798864,GO:0023052,signaling,M1,1,GO:0043410 positive regulation of MAPK cascade
1,-12.990232017961203,GO:0044419,biological process involved in interspecies interaction between organisms,M1,1,GO:0045087 innate immune response
1,-12.863533473284742,GO:0032502,developmental process,M1,1,GO:0030097 hemopoiesis
1,-10.880995076929436,GO:0051179,localization,M1,1,GO:0006897 endocytosis
1,-10.638305191982061,GO:0050789,regulation of biological process,M1,1,GO:1901214 regulation of neuron death
1,-10.532805607276606,GO:0048519,negative regulation of biological process,M1,1,GO:0045936 negative regulation of phosphate metabolic process
1,-9.275460165142245,GO:0040007,growth,M1,1,GO:0040008 regulation of growth
1,-9.072429291624315,GO:0009987,cellular process,M1,1,GO:0008283 cell population proliferation
1,-9.045985371211655,GO:0065007,biological regulation,M1,1,GO:0051345 positive regulation of hydrolase activity
1,-7.713148037671005,GO:0008152,metabolic process,M1,1,GO:2000377 regulation of reactive oxygen species metabolic process
1,-6.146795769018196,GO:0042592,homeostatic process,M1,1,GO:0120161 regulation of cold-induced thermogenesis
1,-5.897443168651749,GO:0016032,viral process,M1,1,GO:0046718 viral entry into host cell
1,-3.5804657440196297,GO:0022414,reproductive process,M1,1,GO:0048608 reproductive structure development
1,-2.3149088618771763,GO:0048511,rhythmic process,M1,1,GO:0048511 rhythmic process
1,-2.1725210875417478,GO:0098754,detoxification,M1,1,GO:1990748 cellular detoxification
1,-2.152928727429048,GO:0043473,pigmentation,M1,1,GO:0043473 pigmentation
