_MEMBER_MyList,_LogP_MyList,GO,Description,_PATTERN_,_RANK_,GiniIndex
1,-4.1,hsa04024,cAMP signaling pathway,M1,1,0
1,-2.1,GO:0050954,sensory perception of mechanical stimulus,M1,1,0
1,-2.1,GO:0018904,ether metabolic process,M1,1,0
1,-5.5,GO:0001666,response to hypoxia,M1,1,0
1,-2.6,GO:0030889,negative regulation of B cell proliferation,M1,1,0
1,-2.4,GO:0070884,regulation of calcineurin-NFAT signaling cascade,M1,1,0
1,-7.1,GO:0050764,regulation of phagocytosis,M1,1,0
1,-4.4,GO:0001961,positive regulation of cytokine-mediated signaling pathway,M1,1,0
1,-2.4,GO:0051091,positive regulation of DNA-binding transcription factor activity,M1,1,0
1,-2.5,GO:0009746,response to hexose,M1,1,0
1,-3.4,R-HSA-202427,Phosphorylation of CD3 and TCR zeta chains,M1,1,0
1,-4.2,GO:0030308,negative regulation of cell growth,M1,1,0
1,-3.1,GO:0061383,trabecula morphogenesis,M1,1,0
1,-4.8,GO:0003012,muscle system process,M1,1,0
1,-2.3,GO:1901990,regulation of mitotic cell cycle phase transition,M1,1,0
1,-7.7,R-HSA-6785807,Interleukin-4 and Interleukin-13 signaling,M1,1,0
1,-2.8,GO:1903409,reactive oxygen species biosynthetic process,M1,1,0
1,-2.5,GO:0008631,intrinsic apoptotic signaling pathway in response to oxidative stress,M1,1,0
1,-2.2,GO:1902003,regulation of amyloid-beta formation,M1,1,0
1,-2.6,R-HSA-1236394,Signaling by ERBB4,M1,1,0
1,-2.2,GO:0060907,positive regulation of macrophage cytokine production,M1,1,0
1,-3.5,R-HSA-382551,Transport of small molecules,M1,1,0
1,-4.4,hsa05146,Amoebiasis,M1,1,0
1,-8,hsa05142,Chagas disease,M1,1,0
1,-2.9,WP4494,Selective expression of chemokine receptors during T-cell polarization,M1,1,0
1,-2.1,GO:0048858,cell projection morphogenesis,M1,1,0
1,-2.4,GO:0006887,exocytosis,M1,1,0
1,-4.5,R-HSA-9031628,NGF-stimulated transcription,M1,1,0
1,-14,R-HSA-6798695,Neutrophil degranulation,M1,1,0
1,-4.3,R-HSA-166786,Creation of C4 and C2 activators,M1,1,0
1,-4.2,GO:0010232,vascular transport,M1,1,0
1,-3,WP4258,lncRNA in canonical Wnt signaling and colorectal cancer,M1,1,0
1,-4.2,GO:0044089,positive regulation of cellular component biogenesis,M1,1,0
1,-4.5,GO:1901654,response to ketone,M1,1,0
1,-3.3,GO:0022408,negative regulation of cell-cell adhesion,M1,1,0
1,-2.9,R-HSA-2424491,DAP12 signaling,M1,1,0
1,-2.4,GO:0006662,glycerol ether metabolic process,M1,1,0
1,-8.6,GO:0042116,macrophage activation,M1,1,0
1,-5.1,GO:0043087,regulation of GTPase activity,M1,1,0
1,-2.8,hsa04310,Wnt signaling pathway,M1,1,0
1,-8.3,hsa05152,Tuberculosis,M1,1,0
1,-3.8,GO:0010675,regulation of cellular carbohydrate metabolic process,M1,1,0
1,-4.1,WP2374,Oncostatin M signaling pathway,M1,1,0
1,-2.1,GO:0051894,positive regulation of focal adhesion assembly,M1,1,0
1,-2.7,GO:0051348,negative regulation of transferase activity,M1,1,0
1,-6.9,GO:0034599,cellular response to oxidative stress,M1,1,0
1,-2.5,WP3287,Overview of nanoparticle effects,M1,1,0
1,-3.2,GO:0006066,alcohol metabolic process,M1,1,0
1,-2.1,GO:0034220,monoatomic ion transmembrane transport,M1,1,0
1,-6.4,GO:0001774,microglial cell activation,M1,1,0
1,-6.7,GO:0002478,antigen processing and presentation of exogenous peptide antigen,M1,1,0
1,-3.8,WP2813,Mammary gland development pathway - Embryonic development (Stage 1 of 4),M1,1,0
1,-4.9,GO:1901215,negative regulation of neuron death,M1,1,0
1,-2.3,GO:0051952,regulation of amine transport,M1,1,0
1,-4,WP4659,Gastrin signaling pathway,M1,1,0
1,-5.1,GO:0033500,carbohydrate homeostasis,M1,1,0
1,-3.9,GO:0030111,regulation of Wnt signaling pathway,M1,1,0
1,-4.8,WP3929,Chemokine signaling pathway,M1,1,0
1,-2.3,GO:1990858,cellular response to lectin,M1,1,0
1,-5.2,GO:0019058,viral life cycle,M1,1,0
1,-2.3,hsa00230,Purine metabolism,M1,1,0
1,-2.7,GO:0001837,epithelial to mesenchymal transition,M1,1,0
1,-2.1,GO:0006968,cellular defense response,M1,1,0
1,-3.4,M145,PID P53 DOWNSTREAM PATHWAY,M1,1,0
1,-2.2,WP5272,LDL- influence on CD14 and TLR4,M1,1,0
1,-2.7,WP2380,Brain-derived neurotrophic factor (BDNF) signaling pathway,M1,1,0
1,-4.3,GO:0042113,B cell activation,M1,1,0
1,-2.4,GO:0001910,regulation of leukocyte mediated cytotoxicity,M1,1,0
1,-3,R-HSA-1679131,Trafficking and processing of endosomal TLR,M1,1,0
1,-4.1,GO:0032653,regulation of interleukin-10 production,M1,1,0
1,-2.4,GO:0003158,endothelium development,M1,1,0
1,-2.2,R-HSA-2122947,NOTCH1 Intracellular Domain Regulates Transcription,M1,1,0
1,-11,hsa05323,Rheumatoid arthritis,M1,1,0
1,-6.5,R-HSA-2173782,Binding and Uptake of Ligands by Scavenger Receptors,M1,1,0
1,-2.1,WP2858,Ectoderm differentiation,M1,1,0
1,-2.1,GO:0120009,intermembrane lipid transfer,M1,1,0
1,-2.7,GO:0051099,positive regulation of binding,M1,1,0
1,-2.6,GO:0009309,amine biosynthetic process,M1,1,0
1,-8.6,GO:0002764,immune response-regulating signaling pathway,M1,1,0
1,-3.1,GO:0051051,negative regulation of transport,M1,1,0
1,-3.2,GO:0060538,skeletal muscle organ development,M1,1,0
1,-4.5,GO:0034330,cell junction organization,M1,1,0
1,-5.7,hsa04621,NOD-like receptor signaling pathway,M1,1,0
1,-8.4,GO:0071407,cellular response to organic cyclic compound,M1,1,0
1,-4.7,GO:1900542,regulation of purine nucleotide metabolic process,M1,1,0
1,-6.6,GO:0097006,regulation of plasma lipoprotein particle levels,M1,1,0
1,-2.5,GO:0007009,plasma membrane organization,M1,1,0
1,-3.6,M122,PID IL2 1PATHWAY,M1,1,0
1,-3.3,WP428,Wnt signaling,M1,1,0
1,-2.4,WP49,IL-2 signaling pathway,M1,1,0
1,-6.2,GO:0001818,negative regulation of cytokine production,M1,1,0
1,-6.2,GO:0031668,cellular response to extracellular stimulus,M1,1,0
1,-5.8,GO:0044409,entry into host,M1,1,0
1,-4,GO:0052548,regulation of endopeptidase activity,M1,1,0
1,-5.5,GO:0051250,negative regulation of lymphocyte activation,M1,1,0
1,-2.4,GO:0080164,regulation of nitric oxide metabolic process,M1,1,0
1,-9.2,GO:1903131,mononuclear cell differentiation,M1,1,0
1,-8.6,hsa04010,MAPK signaling pathway,M1,1,0
1,-5.4,WP558,Complement and coagulation cascades,M1,1,0
1,-3.9,GO:0048247,lymphocyte chemotaxis,M1,1,0
1,-3.4,hsa05225,Hepatocellular carcinoma,M1,1,0
1,-4.7,GO:2001056,positive regulation of cysteine-type endopeptidase activity,M1,1,0
1,-11,GO:0043408,regulation of MAPK cascade,M1,1,0
1,-3.7,R-HSA-3000480,Scavenging by Class A Receptors,M1,1,0
1,-3.6,WP3915,Angiopoietin-like protein 8 regulatory pathway,M1,1,0
1,-4.7,GO:0071402,cellular response to lipoprotein particle stimulus,M1,1,0
1,-4.2,GO:0150104,transport across blood-brain barrier,M1,1,0
1,-2.7,GO:0051851,modulation by host of symbiont process,M1,1,0
1,-2.7,R-HSA-112040,G-protein mediated events,M1,1,0
1,-2.9,GO:0097421,liver regeneration,M1,1,0
1,-4.8,GO:0002605,negative regulation of dendritic cell antigen processing and presentation,M1,1,0
1,-2.6,GO:0007389,pattern specification process,M1,1,0
1,-2.3,GO:0022411,cellular component disassembly,M1,1,0
1,-2.5,GO:0045823,positive regulation of heart contraction,M1,1,0
1,-3.5,R-HSA-5686938,Regulation of TLR by endogenous ligand,M1,1,0
1,-4.1,WP2032,Thyroid stimulating hormone (TSH) signaling pathway,M1,1,0
1,-4.2,M10,PID BCR 5PATHWAY,M1,1,0
1,-12,GO:0043065,positive regulation of apoptotic process,M1,1,0
1,-2.7,GO:0030214,hyaluronan catabolic process,M1,1,0
1,-2.1,GO:0098773,skin epidermis development,M1,1,0
1,-6.1,WP5087,Malignant pleural mesothelioma,M1,1,0
1,-5.8,GO:0097193,intrinsic apoptotic signaling pathway,M1,1,0
1,-4.1,WP2324,AGE/RAGE pathway,M1,1,0
1,-6.5,hsa04657,IL-17 signaling pathway,M1,1,0
1,-2.1,GO:1903859,regulation of dendrite extension,M1,1,0
1,-13,GO:0043068,positive regulation of programmed cell death,M1,1,0
1,-2.1,M48,PID MET PATHWAY,M1,1,0
1,-2.3,GO:0009880,embryonic pattern specification,M1,1,0
1,-2.8,GO:0071320,cellular response to cAMP,M1,1,0
1,-4.3,GO:0043301,negative regulation of leukocyte degranulation,M1,1,0
1,-2.6,GO:0000082,G1/S transition of mitotic cell cycle,M1,1,0
1,-5,WP2877,Vitamin D receptor pathway,M1,1,0
1,-2.2,GO:0050918,positive chemotaxis,M1,1,0
1,-7,GO:0022604,regulation of cell morphogenesis,M1,1,0
1,-3.5,GO:0043254,regulation of protein-containing complex assembly,M1,1,0
1,-3,GO:1903265,positive regulation of tumor necrosis factor-mediated signaling pathway,M1,1,0
1,-2.1,GO:1903421,regulation of synaptic vesicle recycling,M1,1,0
1,-3,R-HSA-196854,Metabolism of vitamins and cofactors,M1,1,0
1,-3.9,GO:0055065,metal ion homeostasis,M1,1,0
1,-3.4,GO:1903115,regulation of actin filament-based movement,M1,1,0
1,-2.1,GO:0097485,neuron projection guidance,M1,1,0
1,-3.4,GO:0150172,regulation of phosphatidylcholine metabolic process,M1,1,0
1,-3.9,GO:1902042,negative regulation of extrinsic apoptotic signaling pathway via death domain receptors,M1,1,0
1,-4.2,GO:0002548,monocyte chemotaxis,M1,1,0
1,-2.4,GO:0050999,regulation of nitric-oxide synthase activity,M1,1,0
1,-2.4,GO:0038096,Fc-gamma receptor signaling pathway involved in phagocytosis,M1,1,0
1,-2.2,WP2848,Pluripotent stem cell differentiation pathway,M1,1,0
1,-5.2,GO:0042593,glucose homeostasis,M1,1,0
1,-3,GO:0060537,muscle tissue development,M1,1,0
1,-3.3,GO:0045730,respiratory burst,M1,1,0
1,-13,GO:0045321,leukocyte activation,M1,1,0
1,-9.3,GO:0002696,positive regulation of leukocyte activation,M1,1,0
1,-3.4,GO:1901222,regulation of NIK/NF-kappaB signaling,M1,1,0
1,-4,R-HSA-168179,Toll Like Receptor TLR1:TLR2 Cascade,M1,1,0
1,-5.2,GO:0043030,regulation of macrophage activation,M1,1,0
1,-3.7,R-HSA-9013148,CDC42 GTPase cycle,M1,1,0
1,-4.3,GO:0030183,B cell differentiation,M1,1,0
1,-4.7,hsa05218,Melanoma,M1,1,0
1,-3.5,GO:0071456,cellular response to hypoxia,M1,1,0
1,-2.9,R-HSA-174824,"Plasma lipoprotein assembly, remodeling, and clearance",M1,1,0
1,-13,GO:0032103,positive regulation of response to external stimulus,M1,1,0
1,-2.3,WP5181,Roles of ceramides in the development of insulin resistance,M1,1,0
1,-3.4,WP167,Eicosanoid synthesis,M1,1,0
1,-2.4,GO:0007423,sensory organ development,M1,1,0
1,-13,GO:0030097,hemopoiesis,M1,1,0
1,-4.4,GO:0045766,positive regulation of angiogenesis,M1,1,0
1,-4,GO:0006958,"complement activation, classical pathway",M1,1,0
1,-5.1,GO:0062012,regulation of small molecule metabolic process,M1,1,0
1,-2.2,GO:0010906,regulation of glucose metabolic process,M1,1,0
1,-4.4,GO:0051450,myoblast proliferation,M1,1,0
1,-2,M2,PID SMAD2 3NUCLEAR PATHWAY,M1,1,0
1,-3.3,GO:0002922,positive regulation of humoral immune response,M1,1,0
1,-2.6,GO:0031330,negative regulation of cellular catabolic process,M1,1,0
1,-2.5,R-HSA-8939243,RUNX1 interacts with co-factors whose precise effect on RUNX1 targets is not known,M1,1,0
1,-2.2,GO:0061844,antimicrobial humoral immune response mediated by antimicrobial peptide,M1,1,0
1,-2.6,R-HSA-2029480,Fcgamma receptor (FCGR) dependent phagocytosis,M1,1,0
1,-2.1,GO:0065005,protein-lipid complex assembly,M1,1,0
1,-4.7,GO:0070486,leukocyte aggregation,M1,1,0
1,-3.7,GO:0002455,humoral immune response mediated by circulating immunoglobulin,M1,1,0
1,-13,GO:0003013,circulatory system process,M1,1,0
1,-2.5,R-HSA-9018678,Biosynthesis of specialized proresolving mediators (SPMs),M1,1,0
1,-4.6,GO:0043281,regulation of cysteine-type endopeptidase activity involved in apoptotic process,M1,1,0
1,-2.7,GO:0008584,male gonad development,M1,1,0
1,-3.3,R-HSA-9013404,RAC2 GTPase cycle,M1,1,0
1,-2.3,GO:0032990,cell part morphogenesis,M1,1,0
1,-2.5,GO:0034976,response to endoplasmic reticulum stress,M1,1,0
1,-2.6,GO:0007019,microtubule depolymerization,M1,1,0
1,-9.9,GO:2001233,regulation of apoptotic signaling pathway,M1,1,0
1,-6.3,R-HSA-168898,Toll-like Receptor Cascades,M1,1,0
1,-14,GO:2000147,positive regulation of cell motility,M1,1,0
1,-4.4,hsa04625,C-type lectin receptor signaling pathway,M1,1,0
1,-2.3,R-HSA-975634,Retinoid metabolism and transport,M1,1,0
1,-5.6,GO:0002703,regulation of leukocyte mediated immunity,M1,1,0
1,-14,GO:0043410,positive regulation of MAPK cascade,M1,1,0
1,-4.8,GO:0002573,myeloid leukocyte differentiation,M1,1,0
1,-2.9,WP5287,17q12 copy number variation syndrome,M1,1,0
1,-2.3,GO:0045840,positive regulation of mitotic nuclear division,M1,1,0
1,-8,hsa04664,Fc epsilon RI signaling pathway,M1,1,0
1,-2.1,WP363,Wnt signaling pathway,M1,1,0
1,-2.8,GO:0032371,regulation of sterol transport,M1,1,0
1,-3.5,hsa05322,Systemic lupus erythematosus,M1,1,0
1,-3.9,GO:0046456,icosanoid biosynthetic process,M1,1,0
1,-2.4,GO:0090201,negative regulation of release of cytochrome c from mitochondria,M1,1,0
1,-7.3,GO:0031400,negative regulation of protein modification process,M1,1,0
1,-4.4,GO:0051346,negative regulation of hydrolase activity,M1,1,0
1,-2.1,GO:0043491,protein kinase B signaling,M1,1,0
1,-7,hsa05167,Kaposi sarcoma-associated herpesvirus infection,M1,1,0
1,-3.7,GO:0042129,regulation of T cell proliferation,M1,1,0
1,-5.2,GO:0002460,adaptive immune response based on somatic recombination of immune receptors built from immunoglobulin superfamily domains,M1,1,0
1,-2.3,GO:1990840,response to lectin,M1,1,0
1,-3.9,GO:0048143,astrocyte activation,M1,1,0
1,-3,WP4217,Ebola virus infection in host,M1,1,0
1,-6.3,GO:0050921,positive regulation of chemotaxis,M1,1,0
1,-2.2,GO:0046700,heterocycle catabolic process,M1,1,0
1,-2,GO:0046364,monosaccharide biosynthetic process,M1,1,0
1,-5,R-HSA-2454202,Fc epsilon receptor (FCERI) signaling,M1,1,0
1,-5.2,GO:0006468,protein phosphorylation,M1,1,0
1,-14,WP3945,TYROBP causal network in microglia,M1,1,0
1,-5,GO:0007167,enzyme-linked receptor protein signaling pathway,M1,1,0
1,-2.1,GO:2001057,reactive nitrogen species metabolic process,M1,1,0
1,-3,R-HSA-112316,Neuronal System,M1,1,0
1,-3.4,GO:0009266,response to temperature stimulus,M1,1,0
1,-2.9,hsa03320,PPAR signaling pathway,M1,1,0
1,-4.4,R-HSA-9716542,"Signaling by Rho GTPases, Miro GTPases and RHOBTB3",M1,1,0
1,-2.6,GO:0045596,negative regulation of cell differentiation,M1,1,0
1,-2.3,GO:0050868,negative regulation of T cell activation,M1,1,0
1,-7.6,GO:1901216,positive regulation of neuron death,M1,1,0
1,-3.4,GO:0060395,SMAD protein signal transduction,M1,1,0
1,-2.3,GO:0003081,regulation of systemic arterial blood pressure by renin-angiotensin,M1,1,0
1,-2.6,R-HSA-1222556,ROS and RNS production in phagocytes,M1,1,0
1,-4.6,GO:0032946,positive regulation of mononuclear cell proliferation,M1,1,0
1,-3.9,GO:0007517,muscle organ development,M1,1,0
1,-2.1,GO:0019233,sensory perception of pain,M1,1,0
1,-4.8,hsa05162,Measles,M1,1,0
1,-3.5,GO:0032373,positive regulation of sterol transport,M1,1,0
1,-2.8,R-HSA-1251985,Nuclear signaling by ERBB4,M1,1,0
1,-8.5,hsa05133,Pertussis,M1,1,0
1,-2,GO:0070265,necrotic cell death,M1,1,0
1,-10,GO:0050727,regulation of inflammatory response,M1,1,0
1,-3,GO:0032755,positive regulation of interleukin-6 production,M1,1,0
1,-7,GO:0002687,positive regulation of leukocyte migration,M1,1,0
1,-2.5,GO:1905114,cell surface receptor signaling pathway involved in cell-cell signaling,M1,1,0
1,-2.3,GO:0046632,alpha-beta T cell differentiation,M1,1,0
1,-6.3,GO:0062197,cellular response to chemical stress,M1,1,0
1,-6.2,GO:0071675,regulation of mononuclear cell migration,M1,1,0
1,-7.3,R-HSA-418594,G alpha (i) signalling events,M1,1,0
1,-3.5,GO:0043618,regulation of transcription from RNA polymerase II promoter in response to stress,M1,1,0
1,-5.7,GO:1990868,response to chemokine,M1,1,0
1,-2.2,M68,PID RHOA REG PATHWAY,M1,1,0
1,-3.1,GO:0002920,regulation of humoral immune response,M1,1,0
1,-2.1,GO:0035150,regulation of tube size,M1,1,0
1,-2.8,R-HSA-397014,Muscle contraction,M1,1,0
1,-4.7,GO:0050671,positive regulation of lymphocyte proliferation,M1,1,0
1,-9,GO:0051345,positive regulation of hydrolase activity,M1,1,0
1,-3.5,GO:2000351,regulation of endothelial cell apoptotic process,M1,1,0
1,-4.1,GO:1900744,regulation of p38MAPK cascade,M1,1,0
1,-4.1,GO:0050801,monoatomic ion homeostasis,M1,1,0
1,-2.2,WP2873,Aryl hydrocarbon receptor pathway,M1,1,0
1,-2.1,GO:0046697,decidualization,M1,1,0
1,-7.7,GO:2000377,regulation of reactive oxygen species metabolic process,M1,1,0
1,-2.3,GO:0043255,regulation of carbohydrate biosynthetic process,M1,1,0
1,-2.2,M141,PID PI3KCI PATHWAY,M1,1,0
1,-5.1,WP430,Statin inhibition of cholesterol production,M1,1,0
1,-5.8,GO:2000379,positive regulation of reactive oxygen species metabolic process,M1,1,0
1,-4.7,GO:0009267,cellular response to starvation,M1,1,0
1,-3.9,GO:1902041,regulation of extrinsic apoptotic signaling pathway via death domain receptors,M1,1,0
1,-5.6,GO:0009636,response to toxic substance,M1,1,0
1,-2.3,hsa05031,Amphetamine addiction,M1,1,0
1,-2.7,GO:0045777,positive regulation of blood pressure,M1,1,0
1,-2.6,GO:0002923,regulation of humoral immune response mediated by circulating immunoglobulin,M1,1,0
1,-3.4,R-HSA-9664323,FCGR3A-mediated IL10 synthesis,M1,1,0
1,-4.9,GO:0050870,positive regulation of T cell activation,M1,1,0
1,-5.4,GO:0031663,lipopolysaccharide-mediated signaling pathway,M1,1,0
1,-4.1,GO:0050679,positive regulation of epithelial cell proliferation,M1,1,0
1,-4.6,GO:0038095,Fc-epsilon receptor signaling pathway,M1,1,0
1,-6.5,hsa04060,Cytokine-cytokine receptor interaction,M1,1,0
1,-2.9,GO:0046622,positive regulation of organ growth,M1,1,0
1,-2.8,GO:0032374,regulation of cholesterol transport,M1,1,0
1,-4.3,WP481,Insulin signaling,M1,1,0
1,-3.3,GO:0097237,cellular response to toxic substance,M1,1,0
1,-3.1,GO:2001239,regulation of extrinsic apoptotic signaling pathway in absence of ligand,M1,1,0
1,-3.2,GO:0045619,regulation of lymphocyte differentiation,M1,1,0
1,-2.5,WP4262,Breast cancer pathway,M1,1,0
1,-7.2,GO:0034381,plasma lipoprotein particle clearance,M1,1,0
1,-3,M186,PID PDGFRB PATHWAY,M1,1,0
1,-2.5,WP254,Apoptosis,M1,1,0
1,-2.5,GO:0048678,response to axon injury,M1,1,0
1,-2.6,GO:0051098,regulation of binding,M1,1,0
1,-3.8,GO:0000165,MAPK cascade,M1,1,0
1,-3.5,GO:0032872,regulation of stress-activated MAPK cascade,M1,1,0
1,-6.2,GO:0097305,response to alcohol,M1,1,0
1,-5.9,GO:0022409,positive regulation of cell-cell adhesion,M1,1,0
1,-8.5,hsa05140,Leishmaniasis,M1,1,0
1,-5.5,WP3941,Oxidative damage response,M1,1,0
1,-2.3,GO:0002223,stimulatory C-type lectin receptor signaling pathway,M1,1,0
1,-2,hsa04360,Axon guidance,M1,1,0
1,-2.3,GO:0050792,regulation of viral process,M1,1,0
1,-3.5,GO:0002578,negative regulation of antigen processing and presentation,M1,1,0
1,-4.7,hsa04071,Sphingolipid signaling pathway,M1,1,0
1,-3.2,GO:0032735,positive regulation of interleukin-12 production,M1,1,0
1,-20,GO:0006954,inflammatory response,M1,1,0
1,-3.9,M63,PID AVB3 OPN PATHWAY,M1,1,0
1,-5,M255,PID HIF1 TFPATHWAY,M1,1,0
1,-4.8,GO:0043549,regulation of kinase activity,M1,1,0
1,-3.1,WP5284,Cell interactions of the pancreatic cancer microenvironment,M1,1,0
1,-2.5,R-HSA-418346,Platelet homeostasis,M1,1,0
1,-6.1,R-HSA-2871809,FCERI mediated Ca+2 mobilization,M1,1,0
1,-7.8,GO:0001525,angiogenesis,M1,1,0
1,-11,GO:1901214,regulation of neuron death,M1,1,0
1,-2,GO:0007584,response to nutrient,M1,1,0
1,-3.8,GO:0031623,receptor internalization,M1,1,0
1,-9.4,GO:0070663,regulation of leukocyte proliferation,M1,1,0
1,-2.8,GO:0060485,mesenchyme development,M1,1,0
1,-2.2,GO:0032677,regulation of interleukin-8 production,M1,1,0
1,-3.7,hsa05214,Glioma,M1,1,0
1,-3,M124,PID CXCR4 PATHWAY,M1,1,0
1,-10,GO:1902105,regulation of leukocyte differentiation,M1,1,0
1,-2.9,GO:0071347,cellular response to interleukin-1,M1,1,0
1,-4.1,GO:0097191,extrinsic apoptotic signaling pathway,M1,1,0
1,-2.7,GO:0001954,positive regulation of cell-matrix adhesion,M1,1,0
1,-4.8,GO:0032743,positive regulation of interleukin-2 production,M1,1,0
1,-2.2,GO:0015844,monoamine transport,M1,1,0
1,-7.4,GO:0019722,calcium-mediated signaling,M1,1,0
1,-6.9,R-HSA-9006934,Signaling by Receptor Tyrosine Kinases,M1,1,0
1,-2.8,GO:0034764,positive regulation of transmembrane transport,M1,1,0
1,-2.4,GO:0098660,inorganic ion transmembrane transport,M1,1,0
1,-7.3,GO:0050863,regulation of T cell activation,M1,1,0
1,-3.7,GO:0032026,response to magnesium ion,M1,1,0
1,-2,GO:0051223,regulation of protein transport,M1,1,0
1,-7.3,GO:0097242,amyloid-beta clearance,M1,1,0
1,-2.2,GO:0048812,neuron projection morphogenesis,M1,1,0
1,-5.5,GO:0045807,positive regulation of endocytosis,M1,1,0
1,-14,GO:0001819,positive regulation of cytokine production,M1,1,0
1,-2.1,GO:0062207,regulation of pattern recognition receptor signaling pathway,M1,1,0
1,-2.8,GO:0010743,regulation of macrophage derived foam cell differentiation,M1,1,0
1,-2.2,GO:0010640,regulation of platelet-derived growth factor receptor signaling pathway,M1,1,0
1,-5.9,GO:0014002,astrocyte development,M1,1,0
1,-5.1,WP3624,Lung fibrosis,M1,1,0
1,-2.2,WP2586,Aryl hydrocarbon receptor pathway,M1,1,0
1,-2.2,GO:1903052,positive regulation of proteolysis involved in protein catabolic process,M1,1,0
1,-2.2,GO:0046942,carboxylic acid transport,M1,1,0
1,-5.8,R-HSA-198933,Immunoregulatory interactions between a Lymphoid and a non-Lymphoid cell,M1,1,0
1,-2.7,GO:1901099,negative regulation of signal transduction in absence of ligand,M1,1,0
1,-7.6,GO:0002263,cell activation involved in immune response,M1,1,0
1,-8.2,GO:0071241,cellular response to inorganic substance,M1,1,0
1,-2.4,R-HSA-373755,Semaphorin interactions,M1,1,0
1,-4.8,GO:0070482,response to oxygen levels,M1,1,0
1,-2.4,GO:0110053,regulation of actin filament organization,M1,1,0
1,-3.4,WP3612,Photodynamic therapy-induced NFE2L2 (NRF2) survival signaling,M1,1,0
1,-4.7,GO:0051090,regulation of DNA-binding transcription factor activity,M1,1,0
1,-9.3,GO:0071248,cellular response to metal ion,M1,1,0
1,-2.5,GO:2000045,regulation of G1/S transition of mitotic cell cycle,M1,1,0
1,-11,GO:0045785,positive regulation of cell adhesion,M1,1,0
1,-2.6,WP5269,Genetic causes of porto-sinusoidal vascular disease,M1,1,0
1,-2.2,hsa04660,T cell receptor signaling pathway,M1,1,0
1,-2.1,WP286,IL-3 signaling pathway,M1,1,0
1,-2.8,R-HSA-450282,MAPK targets/ Nuclear events mediated by MAP kinases,M1,1,0
1,-2.2,GO:0090090,negative regulation of canonical Wnt signaling pathway,M1,1,0
1,-3.2,GO:0030301,cholesterol transport,M1,1,0
1,-4.4,GO:1903531,negative regulation of secretion by cell,M1,1,0
1,-6.2,hsa05166,Human T-cell leukemia virus 1 infection,M1,1,0
1,-7.3,R-HSA-449147,Signaling by Interleukins,M1,1,0
1,-3.3,GO:1904036,negative regulation of epithelial cell apoptotic process,M1,1,0
1,-3.6,GO:0010810,regulation of cell-substrate adhesion,M1,1,0
1,-2.4,GO:1900221,regulation of amyloid-beta clearance,M1,1,0
1,-4.6,GO:0046686,response to cadmium ion,M1,1,0
1,-4.5,GO:0044283,small molecule biosynthetic process,M1,1,0
1,-5.2,WP98,Prostaglandin synthesis and regulation,M1,1,0
1,-2.3,GO:0043279,response to alkaloid,M1,1,0
1,-3.7,GO:0086004,regulation of cardiac muscle cell contraction,M1,1,0
1,-2.7,GO:2001240,negative regulation of extrinsic apoptotic signaling pathway in absence of ligand,M1,1,0
1,-2.6,GO:0043406,positive regulation of MAP kinase activity,M1,1,0
1,-2.3,hsa04750,Inflammatory mediator regulation of TRP channels,M1,1,0
1,-3,GO:0060100,"positive regulation of phagocytosis, engulfment",M1,1,0
1,-4.5,GO:0045471,response to ethanol,M1,1,0
1,-3.1,R-HSA-2132295,MHC class II antigen presentation,M1,1,0
1,-3.4,R-HSA-556833,Metabolism of lipids,M1,1,0
1,-4.4,GO:0043269,regulation of monoatomic ion transport,M1,1,0
1,-6.5,GO:0003018,vascular process in circulatory system,M1,1,0
1,-2.1,GO:0009261,ribonucleotide catabolic process,M1,1,0
1,-2.8,GO:0050982,detection of mechanical stimulus,M1,1,0
1,-4.1,M11736,SA MMP CYTOKINE CONNECTION,M1,1,0
1,-10,GO:0097529,myeloid leukocyte migration,M1,1,0
1,-7.6,GO:0019221,cytokine-mediated signaling pathway,M1,1,0
1,-2,GO:0071230,cellular response to amino acid stimulus,M1,1,0
1,-4.3,GO:0051047,positive regulation of secretion,M1,1,0
1,-2.3,WP716,Vitamin A and carotenoid metabolism,M1,1,0
1,-11,hsa05417,Lipid and atherosclerosis,M1,1,0
1,-4.9,GO:0098883,synapse pruning,M1,1,0
1,-3.3,GO:0032655,regulation of interleukin-12 production,M1,1,0
1,-4.2,GO:0010721,negative regulation of cell development,M1,1,0
1,-6.9,GO:0051592,response to calcium ion,M1,1,0
1,-4.3,hsa05416,Viral myocarditis,M1,1,0
1,-2.7,GO:0050808,synapse organization,M1,1,0
1,-3.4,WP712,Estrogen signaling pathway,M1,1,0
1,-3.8,GO:0033194,response to hydroperoxide,M1,1,0
1,-5.8,R-HSA-9006931,Signaling by Nuclear Receptors,M1,1,0
1,-8.6,GO:1903037,regulation of leukocyte cell-cell adhesion,M1,1,0
1,-3.1,GO:0033344,cholesterol efflux,M1,1,0
1,-2.8,GO:0006957,"complement activation, alternative pathway",M1,1,0
1,-5.8,GO:0009410,response to xenobiotic stimulus,M1,1,0
1,-2.6,GO:0043691,reverse cholesterol transport,M1,1,0
1,-2.5,GO:0030279,negative regulation of ossification,M1,1,0
1,-3.8,hsa05170,Human immunodeficiency virus 1 infection,M1,1,0
1,-5.7,GO:0045862,positive regulation of proteolysis,M1,1,0
1,-7.9,GO:0045637,regulation of myeloid cell differentiation,M1,1,0
1,-2.5,GO:0048863,stem cell differentiation,M1,1,0
1,-3.7,R-HSA-416700,Other semaphorin interactions,M1,1,0
1,-3.7,GO:0005975,carbohydrate metabolic process,M1,1,0
1,-4.7,GO:0006140,regulation of nucleotide metabolic process,M1,1,0
1,-8.1,hsa04933,AGE-RAGE signaling pathway in diabetic complications,M1,1,0
1,-6.3,GO:0002831,regulation of response to biotic stimulus,M1,1,0
1,-2.8,R-HSA-163685,Integration of energy metabolism,M1,1,0
1,-7.6,GO:0050866,negative regulation of cell activation,M1,1,0
1,-2.6,GO:0060263,regulation of respiratory burst,M1,1,0
1,-2.6,GO:0048259,regulation of receptor-mediated endocytosis,M1,1,0
1,-2.3,GO:1904407,positive regulation of nitric oxide metabolic process,M1,1,0
1,-2.1,GO:0007435,salivary gland morphogenesis,M1,1,0
1,-3.1,M162,PID RXR VDR PATHWAY,M1,1,0
1,-7.1,GO:0050678,regulation of epithelial cell proliferation,M1,1,0
1,-3.4,WP710,DNA damage response (only ATM dependent),M1,1,0
1,-2.3,GO:0016051,carbohydrate biosynthetic process,M1,1,0
1,-5.2,GO:0072593,reactive oxygen species metabolic process,M1,1,0
1,-11,GO:0035239,tube morphogenesis,M1,1,0
1,-2.6,WP4698,Vitamin D-sensitive calcium signaling in depression,M1,1,0
1,-2.1,GO:0035914,skeletal muscle cell differentiation,M1,1,0
1,-4.3,M7,PID FCER1 PATHWAY,M1,1,0
1,-3.5,GO:0002888,positive regulation of myeloid leukocyte mediated immunity,M1,1,0
1,-3.4,GO:0002431,Fc receptor mediated stimulatory signaling pathway,M1,1,0
1,-3.3,M254,PID MYC REPRESS PATHWAY,M1,1,0
1,-3.2,WP3888,VEGFA-VEGFR2 signaling pathway,M1,1,0
1,-6.8,GO:0050864,regulation of B cell activation,M1,1,0
1,-2.2,GO:0071322,cellular response to carbohydrate stimulus,M1,1,0
1,-2.9,WP366,TGF-beta signaling pathway,M1,1,0
1,-5.4,CORUM:2537,"PKC-alpha-PLD1-PLC-gamma-2 signaling complex, lacritin stimulated",M1,1,0
1,-5.1,GO:0034762,regulation of transmembrane transport,M1,1,0
1,-2.1,GO:0070661,leukocyte proliferation,M1,1,0
1,-2.7,GO:0032412,regulation of monoatomic ion transmembrane transporter activity,M1,1,0
1,-3.7,GO:0002576,platelet degranulation,M1,1,0
1,-4.3,GO:0035994,response to muscle stretch,M1,1,0
1,-2,M235,PID TCR CALCIUM PATHWAY,M1,1,0
1,-13,WP2882,Nuclear receptors meta-pathway,M1,1,0
1,-2.7,GO:0050974,detection of mechanical stimulus involved in sensory perception,M1,1,0
1,-2.4,GO:2000403,positive regulation of lymphocyte migration,M1,1,0
1,-3.5,WP304,Kit receptor signaling pathway,M1,1,0
1,-3.3,GO:0032092,positive regulation of protein binding,M1,1,0
1,-3,GO:0007179,transforming growth factor beta receptor signaling pathway,M1,1,0
1,-5.7,GO:1990869,cellular response to chemokine,M1,1,0
1,-2.5,GO:0050672,negative regulation of lymphocyte proliferation,M1,1,0
1,-2.4,GO:0106056,regulation of calcineurin-mediated signaling,M1,1,0
1,-3.8,GO:0010885,regulation of cholesterol storage,M1,1,0
1,-4.1,GO:0019933,cAMP-mediated signaling,M1,1,0
1,-3.5,GO:0006198,cAMP catabolic process,M1,1,0
1,-7.4,hsa04210,Apoptosis,M1,1,0
1,-2,GO:0071624,positive regulation of granulocyte chemotaxis,M1,1,0
1,-2.3,hsa05203,Viral carcinogenesis,M1,1,0
1,-4,GO:0051384,response to glucocorticoid,M1,1,0
1,-2.7,GO:2001242,regulation of intrinsic apoptotic signaling pathway,M1,1,0
1,-4.2,GO:0002250,adaptive immune response,M1,1,0
1,-6.8,hsa05169,Epstein-Barr virus infection,M1,1,0
1,-3.4,M5880,NABA ECM AFFILIATED,M1,1,0
1,-4,R-HSA-181438,Toll Like Receptor 2 (TLR2) Cascade,M1,1,0
1,-7,GO:0071346,cellular response to type II interferon,M1,1,0
1,-2.4,WP4148,Splicing factor NOVA regulated synaptic proteins,M1,1,0
1,-5.4,GO:0043086,negative regulation of catalytic activity,M1,1,0
1,-4.1,R-HSA-2142700,Synthesis of Lipoxins (LX),M1,1,0
1,-2.7,GO:0030852,regulation of granulocyte differentiation,M1,1,0
1,-4.3,GO:0032652,regulation of interleukin-1 production,M1,1,0
1,-2.7,GO:0071674,mononuclear cell migration,M1,1,0
1,-3.5,GO:0042542,response to hydrogen peroxide,M1,1,0
1,-2.9,GO:0070593,dendrite self-avoidance,M1,1,0
1,-8.5,GO:0042326,negative regulation of phosphorylation,M1,1,0
1,-3.2,WP2865,IL1 and megakaryocytes in obesity,M1,1,0
1,-3.8,GO:0055080,monoatomic cation homeostasis,M1,1,0
1,-4.6,GO:0055082,cellular chemical homeostasis,M1,1,0
1,-2.2,GO:0002347,response to tumor cell,M1,1,0
1,-4.5,hsa05212,Pancreatic cancer,M1,1,0
1,-6.8,GO:1903557,positive regulation of tumor necrosis factor superfamily cytokine production,M1,1,0
1,-2.6,GO:1901361,organic cyclic compound catabolic process,M1,1,0
1,-8.1,GO:0070372,regulation of ERK1 and ERK2 cascade,M1,1,0
1,-9,GO:0001568,blood vessel development,M1,1,0
1,-3.5,GO:1903579,negative regulation of ATP metabolic process,M1,1,0
1,-2.2,GO:0033559,unsaturated fatty acid metabolic process,M1,1,0
1,-3.7,hsa04151,PI3K-Akt signaling pathway,M1,1,0
1,-2.3,GO:0034284,response to monosaccharide,M1,1,0
1,-2.1,GO:0042886,amide transport,M1,1,0
1,-2.4,GO:0002577,regulation of antigen processing and presentation,M1,1,0
1,-3,GO:0043123,positive regulation of I-kappaB kinase/NF-kappaB signaling,M1,1,0
1,-4,hsa05032,Morphine addiction,M1,1,0
1,-2.2,GO:0080135,regulation of cellular response to stress,M1,1,0
1,-3.6,WP75,Toll-like receptor signaling pathway,M1,1,0
1,-2.1,GO:0002092,positive regulation of receptor internalization,M1,1,0
1,-2.1,GO:0010212,response to ionizing radiation,M1,1,0
1,-2.1,GO:0010827,regulation of glucose transmembrane transport,M1,1,0
1,-5.1,WP5090,Complement system in neuronal development and plasticity,M1,1,0
1,-2.1,GO:0046580,negative regulation of Ras protein signal transduction,M1,1,0
1,-3.9,GO:0007229,integrin-mediated signaling pathway,M1,1,0
1,-3.3,GO:0051353,positive regulation of oxidoreductase activity,M1,1,0
1,-4.4,GO:0051701,biological process involved in interaction with host,M1,1,0
1,-8.8,GO:0097190,apoptotic signaling pathway,M1,1,0
1,-4.3,GO:0050848,regulation of calcium-mediated signaling,M1,1,0
1,-2.2,R-HSA-168181,Toll Like Receptor 7/8 (TLR7/8) Cascade,M1,1,0
1,-2.7,WP3617,Photodynamic therapy-induced NF-kB survival signaling,M1,1,0
1,-9.3,GO:0040008,regulation of growth,M1,1,0
1,-3.2,GO:0032675,regulation of interleukin-6 production,M1,1,0
1,-3.3,M174,PID UPA UPAR PATHWAY,M1,1,0
1,-3,GO:0071801,regulation of podosome assembly,M1,1,0
1,-2.4,GO:0106058,positive regulation of calcineurin-mediated signaling,M1,1,0
1,-2.2,GO:1903426,regulation of reactive oxygen species biosynthetic process,M1,1,0
1,-3.6,GO:0044703,multi-organism reproductive process,M1,1,0
1,-2.3,GO:0009154,purine ribonucleotide catabolic process,M1,1,0
1,-2.8,GO:1905153,regulation of membrane invagination,M1,1,0
1,-2.8,GO:0008277,regulation of G protein-coupled receptor signaling pathway,M1,1,0
1,-3,GO:0045744,negative regulation of G protein-coupled receptor signaling pathway,M1,1,0
1,-2.6,hsa05224,Breast cancer,M1,1,0
1,-2.3,GO:0050890,cognition,M1,1,0
1,-3.8,hsa04611,Platelet activation,M1,1,0
1,-2.3,GO:0001889,liver development,M1,1,0
1,-2.7,GO:0010803,regulation of tumor necrosis factor-mediated signaling pathway,M1,1,0
1,-3.9,R-HSA-8980692,RHOA GTPase cycle,M1,1,0
1,-2.8,GO:0002027,regulation of heart rate,M1,1,0
1,-4.2,WP4630,Measles virus infection,M1,1,0
1,-4,R-HSA-375276,Peptide ligand-binding receptors,M1,1,0
1,-4.1,WP5039,SARS-CoV-2 innate immunity evasion and cell-specific immune response,M1,1,0
1,-2.5,GO:0002523,leukocyte migration involved in inflammatory response,M1,1,0
1,-2,GO:0002675,positive regulation of acute inflammatory response,M1,1,0
1,-5,GO:0002285,lymphocyte activation involved in immune response,M1,1,0
1,-2.1,GO:0043302,positive regulation of leukocyte degranulation,M1,1,0
1,-2.2,GO:0198738,cell-cell signaling by wnt,M1,1,0
1,-2.3,GO:0031331,positive regulation of cellular catabolic process,M1,1,0
1,-3.4,GO:0070493,thrombin-activated receptor signaling pathway,M1,1,0
1,-3.9,hsa05310,Asthma,M1,1,0
1,-2.3,WP3599,Transcription factor regulation in adipogenesis,M1,1,0
1,-4.1,GO:0060760,positive regulation of response to cytokine stimulus,M1,1,0
1,-2.6,GO:0031109,microtubule polymerization or depolymerization,M1,1,0
1,-4.7,GO:0071677,positive regulation of mononuclear cell migration,M1,1,0
1,-6.3,hsa04640,Hematopoietic cell lineage,M1,1,0
1,-2.2,GO:0048015,phosphatidylinositol-mediated signaling,M1,1,0
1,-2.3,GO:0046631,alpha-beta T cell activation,M1,1,0
1,-2.4,GO:0051590,positive regulation of neurotransmitter transport,M1,1,0
1,-2.5,R-HSA-8963898,Plasma lipoprotein assembly,M1,1,0
1,-4.1,GO:0001959,regulation of cytokine-mediated signaling pathway,M1,1,0
1,-3.1,GO:0007420,brain development,M1,1,0
1,-2,GO:0002762,negative regulation of myeloid leukocyte differentiation,M1,1,0
1,-8.7,GO:0002504,antigen processing and presentation of peptide or polysaccharide antigen via MHC class II,M1,1,0
1,-11,GO:0009617,response to bacterium,M1,1,0
1,-2.3,hsa04975,Fat digestion and absorption,M1,1,0
1,-3.1,GO:0046330,positive regulation of JNK cascade,M1,1,0
1,-2.3,WP5294,Sildenafil treatment,M1,1,0
1,-2.8,GO:0007346,regulation of mitotic cell cycle,M1,1,0
1,-4.7,GO:1903522,regulation of blood circulation,M1,1,0
1,-4.5,hsa04612,Antigen processing and presentation,M1,1,0
1,-2.2,GO:0007519,skeletal muscle tissue development,M1,1,0
1,-4.2,GO:0006801,superoxide metabolic process,M1,1,0
1,-4.8,GO:1903707,negative regulation of hemopoiesis,M1,1,0
1,-2,GO:0031589,cell-substrate adhesion,M1,1,0
1,-3.1,GO:0046578,regulation of Ras protein signal transduction,M1,1,0
1,-2.2,GO:0098655,monoatomic cation transmembrane transport,M1,1,0
1,-2,GO:0007157,heterophilic cell-cell adhesion via plasma membrane cell adhesion molecules,M1,1,0
1,-7.5,GO:0030029,actin filament-based process,M1,1,0
1,-3.5,GO:0010692,regulation of alkaline phosphatase activity,M1,1,0
1,-2.1,GO:0034198,cellular response to amino acid starvation,M1,1,0
1,-5,GO:0009612,response to mechanical stimulus,M1,1,0
1,-2.3,R-HSA-1489509,DAG and IP3 signaling,M1,1,0
1,-2.8,GO:0043467,regulation of generation of precursor metabolites and energy,M1,1,0
1,-8.1,GO:0032680,regulation of tumor necrosis factor production,M1,1,0
1,-2.1,GO:0007411,axon guidance,M1,1,0
1,-7.2,R-HSA-5668599,RHO GTPases Activate NADPH Oxidases,M1,1,0
1,-2.4,GO:0046457,prostanoid biosynthetic process,M1,1,0
1,-2.8,GO:0043393,regulation of protein binding,M1,1,0
1,-3,GO:0034368,protein-lipid complex remodeling,M1,1,0
1,-6,GO:0010634,positive regulation of epithelial cell migration,M1,1,0
1,-6.7,GO:0030336,negative regulation of cell migration,M1,1,0
1,-4.3,GO:0034383,low-density lipoprotein particle clearance,M1,1,0
1,-5.3,GO:0010594,regulation of endothelial cell migration,M1,1,0
1,-2.2,GO:0060343,trabecula formation,M1,1,0
1,-2.1,GO:0050995,negative regulation of lipid catabolic process,M1,1,0
1,-2.3,GO:0050879,multicellular organismal movement,M1,1,0
1,-4.1,WP4891,COVID-19 adverse outcome pathway,M1,1,0
1,-6.5,GO:0044403,biological process involved in symbiotic interaction,M1,1,0
1,-6.8,GO:0002685,regulation of leukocyte migration,M1,1,0
1,-4.4,WP5110,Familial hyperlipidemia type 3,M1,1,0
1,-7.5,GO:0030098,lymphocyte differentiation,M1,1,0
1,-3,GO:0003159,morphogenesis of an endothelium,M1,1,0
1,-2.8,GO:0046328,regulation of JNK cascade,M1,1,0
1,-2.1,GO:0050709,negative regulation of protein secretion,M1,1,0
1,-5.9,R-HSA-166663,Initial triggering of complement,M1,1,0
1,-6,M195,PID CMYB PATHWAY,M1,1,0
1,-6.4,GO:0051046,regulation of secretion,M1,1,0
1,-2.1,WP530,Cytokines and inflammatory response,M1,1,0
1,-6.8,GO:0031667,response to nutrient levels,M1,1,0
1,-2.1,GO:0043457,regulation of cellular respiration,M1,1,0
1,-3.1,GO:0044406,adhesion of symbiont to host,M1,1,0
1,-2.3,GO:0006874,cellular calcium ion homeostasis,M1,1,0
1,-7.4,GO:0009991,response to extracellular stimulus,M1,1,0
1,-4.2,WP4298,Acute viral myocarditis,M1,1,0
1,-4.2,GO:0043620,regulation of DNA-templated transcription in response to stress,M1,1,0
1,-6.7,WP2018,RANKL/RANK signaling pathway,M1,1,0
1,-3.4,R-HSA-9675108,Nervous system development,M1,1,0
1,-2.2,GO:0061041,regulation of wound healing,M1,1,0
1,-4.8,GO:0032722,positive regulation of chemokine production,M1,1,0
1,-2.1,GO:0001937,negative regulation of endothelial cell proliferation,M1,1,0
1,-2.8,GO:0060099,"regulation of phagocytosis, engulfment",M1,1,0
1,-2.8,GO:0090280,positive regulation of calcium ion import,M1,1,0
1,-3.6,GO:0009743,response to carbohydrate,M1,1,0
1,-4,GO:0045670,regulation of osteoclast differentiation,M1,1,0
1,-6,GO:0050869,negative regulation of B cell activation,M1,1,0
1,-2.4,GO:0046485,ether lipid metabolic process,M1,1,0
1,-3.1,GO:0055021,regulation of cardiac muscle tissue growth,M1,1,0
1,-3.4,hsa04022,cGMP-PKG signaling pathway,M1,1,0
1,-2.3,WP1584,Type II diabetes mellitus,M1,1,0
1,-2.5,WP5098,T-cell activation SARS-CoV-2,M1,1,0
1,-2.7,GO:0003015,heart process,M1,1,0
1,-2.5,GO:0010744,positive regulation of macrophage derived foam cell differentiation,M1,1,0
1,-5.6,R-HSA-9658195,Leishmania infection,M1,1,0
1,-2.8,GO:0033673,negative regulation of kinase activity,M1,1,0
1,-2.5,GO:0008406,gonad development,M1,1,0
1,-3.8,GO:0060420,regulation of heart growth,M1,1,0
1,-4.1,GO:0071559,response to transforming growth factor beta,M1,1,0
1,-5.4,R-HSA-1236973,Cross-presentation of particulate exogenous antigens (phagosomes),M1,1,0
1,-2.5,GO:0006636,unsaturated fatty acid biosynthetic process,M1,1,0
1,-4.8,GO:0050673,epithelial cell proliferation,M1,1,0
1,-5.3,GO:0052547,regulation of peptidase activity,M1,1,0
1,-4.3,GO:0045124,regulation of bone resorption,M1,1,0
1,-3.3,GO:0060191,regulation of lipase activity,M1,1,0
1,-2.6,hsa04724,Glutamatergic synapse,M1,1,0
1,-6.9,GO:0002688,regulation of leukocyte chemotaxis,M1,1,0
1,-2.3,R-HSA-4420097,VEGFA-VEGFR2 Pathway,M1,1,0
1,-2.5,hsa00590,Arachidonic acid metabolism,M1,1,0
1,-12,R-HSA-109582,Hemostasis,M1,1,0
1,-2.9,GO:0006919,activation of cysteine-type endopeptidase activity involved in apoptotic process,M1,1,0
1,-6.1,GO:0043300,regulation of leukocyte degranulation,M1,1,0
1,-7.7,GO:0150076,neuroinflammatory response,M1,1,0
1,-2.3,GO:0035584,calcium-mediated signaling using intracellular calcium source,M1,1,0
1,-3.2,hsa05410,Hypertrophic cardiomyopathy,M1,1,0
1,-2.8,M164,PID ERBB1 DOWNSTREAM PATHWAY,M1,1,0
1,-3.3,WP2840,Hair follicle development: cytodifferentiation - part 3 of 3,M1,1,0
1,-2.6,GO:0031645,negative regulation of nervous system process,M1,1,0
1,-2.1,GO:0032729,positive regulation of type II interferon production,M1,1,0
1,-2.1,GO:0090130,tissue migration,M1,1,0
1,-12,GO:0097530,granulocyte migration,M1,1,0
1,-3,hsa04218,Cellular senescence,M1,1,0
1,-3.1,GO:0032411,positive regulation of transporter activity,M1,1,0
1,-4.9,WP408,Oxidative stress response,M1,1,0
1,-6.4,R-HSA-380108,Chemokine receptors bind chemokines,M1,1,0
1,-2.6,GO:0040007,growth,M1,1,0
1,-6.7,GO:0001934,positive regulation of protein phosphorylation,M1,1,0
1,-2.7,GO:1903715,regulation of aerobic respiration,M1,1,0
1,-3.2,GO:0007265,Ras protein signal transduction,M1,1,0
1,-4.2,GO:0006875,cellular metal ion homeostasis,M1,1,0
1,-2.5,WP4666,Hepatitis B infection,M1,1,0
1,-4.1,GO:0032703,negative regulation of interleukin-2 production,M1,1,0
1,-12,WP4754,IL-18 signaling pathway,M1,1,0
1,-3.1,GO:0003044,regulation of systemic arterial blood pressure mediated by a chemical signal,M1,1,0
1,-3.2,GO:0045980,negative regulation of nucleotide metabolic process,M1,1,0
1,-2.6,R-HSA-8934593,Regulation of RUNX1 Expression and Activity,M1,1,0
1,-2.2,GO:0045669,positive regulation of osteoblast differentiation,M1,1,0
1,-5,M183,PID IL6 7 PATHWAY,M1,1,0
1,-3.5,GO:0098742,cell-cell adhesion via plasma-membrane adhesion molecules,M1,1,0
1,-3,GO:0009214,cyclic nucleotide catabolic process,M1,1,0
1,-10,GO:0050867,positive regulation of cell activation,M1,1,0
1,-7.1,GO:0006911,"phagocytosis, engulfment",M1,1,0
1,-5,GO:0010952,positive regulation of peptidase activity,M1,1,0
1,-5,GO:0034103,regulation of tissue remodeling,M1,1,0
1,-5.6,GO:0045088,regulation of innate immune response,M1,1,0
1,-2.3,GO:1902254,negative regulation of intrinsic apoptotic signaling pathway by p53 class mediator,M1,1,0
1,-2.5,GO:1903038,negative regulation of leukocyte cell-cell adhesion,M1,1,0
1,-3,GO:0061154,endothelial tube morphogenesis,M1,1,0
1,-2.3,GO:0045621,positive regulation of lymphocyte differentiation,M1,1,0
1,-4.5,GO:0042594,response to starvation,M1,1,0
1,-4.5,GO:0045859,regulation of protein kinase activity,M1,1,0
1,-2.3,hsa04924,Renin secretion,M1,1,0
1,-3.6,GO:0022898,regulation of transmembrane transporter activity,M1,1,0
1,-4.2,GO:0008037,cell recognition,M1,1,0
1,-7.4,GO:0030036,actin cytoskeleton organization,M1,1,0
1,-3.2,GO:0008625,extrinsic apoptotic signaling pathway via death domain receptors,M1,1,0
1,-3.5,GO:0030003,cellular monoatomic cation homeostasis,M1,1,0
1,-2.9,hsa04068,FoxO signaling pathway,M1,1,0
1,-10,hsa05150,Staphylococcus aureus infection,M1,1,0
1,-8.9,GO:0006979,response to oxidative stress,M1,1,0
1,-4.8,GO:0045926,negative regulation of growth,M1,1,0
1,-3.1,GO:0030865,cortical cytoskeleton organization,M1,1,0
1,-6.7,GO:0002429,immune response-activating cell surface receptor signaling pathway,M1,1,0
1,-9.8,GO:0060627,regulation of vesicle-mediated transport,M1,1,0
1,-6.5,GO:1902107,positive regulation of leukocyte differentiation,M1,1,0
1,-2.1,GO:1990000,amyloid fibril formation,M1,1,0
1,-3.5,GO:0019370,leukotriene biosynthetic process,M1,1,0
1,-5.8,R-HSA-9013149,RAC1 GTPase cycle,M1,1,0
1,-2,GO:0062013,positive regulation of small molecule metabolic process,M1,1,0
1,-4.1,WP4263,Pancreatic adenocarcinoma pathway,M1,1,0
1,-2.3,GO:0046058,cAMP metabolic process,M1,1,0
1,-2.9,GO:0051764,actin crosslink formation,M1,1,0
1,-11,GO:0002521,leukocyte differentiation,M1,1,0
1,-3.9,GO:0071363,cellular response to growth factor stimulus,M1,1,0
1,-3.9,GO:1900745,positive regulation of p38MAPK cascade,M1,1,0
1,-9.9,GO:0071345,cellular response to cytokine stimulus,M1,1,0
1,-8.1,WP2431,Spinal cord injury,M1,1,0
1,-2.1,GO:0140352,export from cell,M1,1,0
1,-3.6,GO:0070304,positive regulation of stress-activated protein kinase signaling cascade,M1,1,0
1,-2.2,R-HSA-975155,MyD88 dependent cascade initiated on endosome,M1,1,0
1,-2.7,GO:0045055,regulated exocytosis,M1,1,0
1,-2.7,GO:0002335,mature B cell differentiation,M1,1,0
1,-3.3,GO:0032733,positive regulation of interleukin-10 production,M1,1,0
1,-4.4,GO:1904018,positive regulation of vasculature development,M1,1,0
1,-2.1,R-HSA-9660826,Purinergic signaling in leishmaniasis infection,M1,1,0
1,-6,GO:0031099,regeneration,M1,1,0
1,-3.5,WP4816,TGF-beta receptor signaling in skeletal dysplasias,M1,1,0
1,-13,GO:0042330,taxis,M1,1,0
1,-3.4,hsa05135,Yersinia infection,M1,1,0
1,-5.1,M279,PID RB 1PATHWAY,M1,1,0
1,-7.8,GO:0051056,regulation of small GTPase mediated signal transduction,M1,1,0
1,-9.3,GO:0001944,vasculature development,M1,1,0
1,-9.1,GO:0032496,response to lipopolysaccharide,M1,1,0
1,-2.3,hsa05120,Epithelial cell signaling in Helicobacter pylori infection,M1,1,0
1,-6.1,GO:0120161,regulation of cold-induced thermogenesis,M1,1,0
1,-12,R-HSA-76002,"Platelet activation, signaling and aggregation",M1,1,0
1,-5.3,GO:2001234,negative regulation of apoptotic signaling pathway,M1,1,0
1,-5,hsa04142,Lysosome,M1,1,0
1,-2.5,GO:0006692,prostanoid metabolic process,M1,1,0
1,-4.1,WP5083,Neuroinflammation and glutamatergic signaling,M1,1,0
1,-6.4,GO:0002763,positive regulation of myeloid leukocyte differentiation,M1,1,0
1,-2.3,WP236,Adipogenesis,M1,1,0
1,-2.3,M121,PID MTOR 4PATHWAY,M1,1,0
1,-3.6,GO:1903532,positive regulation of secretion by cell,M1,1,0
1,-4.4,GO:0046683,response to organophosphorus,M1,1,0
1,-2.8,GO:0002819,regulation of adaptive immune response,M1,1,0
1,-4.7,GO:0002718,regulation of cytokine production involved in immune response,M1,1,0
1,-4.6,hsa05205,Proteoglycans in cancer,M1,1,0
1,-2.3,hsa05161,Hepatitis B,M1,1,0
1,-2.1,R-HSA-9664424,Cell recruitment (pro-inflammatory response),M1,1,0
1,-4.6,GO:0045920,negative regulation of exocytosis,M1,1,0
1,-4.4,R-HSA-166658,Complement cascade,M1,1,0
1,-7.5,GO:0002886,regulation of myeloid leukocyte mediated immunity,M1,1,0
1,-7.3,hsa05418,Fluid shear stress and atherosclerosis,M1,1,0
1,-3.5,GO:0009895,negative regulation of catabolic process,M1,1,0
1,-3.1,M8626,SIG BCR SIGNALING PATHWAY,M1,1,0
1,-3.6,GO:0010595,positive regulation of endothelial cell migration,M1,1,0
1,-2.8,GO:0046903,secretion,M1,1,0
1,-2.9,GO:0001667,ameboidal-type cell migration,M1,1,0
1,-2.4,M159,PID AMB2 NEUTROPHILS PATHWAY,M1,1,0
1,-3.1,hsa02010,ABC transporters,M1,1,0
1,-2.1,GO:0032868,response to insulin,M1,1,0
1,-5.6,GO:1902563,regulation of neutrophil activation,M1,1,0
1,-2.3,GO:0010881,regulation of cardiac muscle contraction by regulation of the release of sequestered calcium ion,M1,1,0
1,-2.9,GO:0009896,positive regulation of catabolic process,M1,1,0
1,-2.6,GO:0097067,cellular response to thyroid hormone stimulus,M1,1,0
1,-6,R-HSA-173623,Classical antibody-mediated complement activation,M1,1,0
1,-3,GO:0050951,sensory perception of temperature stimulus,M1,1,0
1,-3.9,GO:0043304,regulation of mast cell degranulation,M1,1,0
1,-2.1,GO:0046209,nitric oxide metabolic process,M1,1,0
1,-4.8,GO:1902895,positive regulation of miRNA transcription,M1,1,0
1,-5.2,M115,PID REG GR PATHWAY,M1,1,0
1,-3.9,GO:0050680,negative regulation of epithelial cell proliferation,M1,1,0
1,-4,GO:0006937,regulation of muscle contraction,M1,1,0
1,-2.4,R-HSA-500792,GPCR ligand binding,M1,1,0
1,-2.8,hsa04915,Estrogen signaling pathway,M1,1,0
1,-4,GO:0071900,regulation of protein serine/threonine kinase activity,M1,1,0
1,-3,hsa05208,Chemical carcinogenesis - reactive oxygen species,M1,1,0
1,-3.8,WP4255,Non-small cell lung cancer,M1,1,0
1,-9.6,GO:0048514,blood vessel morphogenesis,M1,1,0
1,-2.4,WP4658,Small cell lung cancer,M1,1,0
1,-2.7,GO:0046546,development of primary male sexual characteristics,M1,1,0
1,-4.5,GO:0002544,chronic inflammatory response,M1,1,0
1,-6.2,R-HSA-6783783,Interleukin-10 signaling,M1,1,0
1,-9.3,GO:0046649,lymphocyte activation,M1,1,0
1,-2.6,GO:0018958,phenol-containing compound metabolic process,M1,1,0
1,-6.9,hsa04610,Complement and coagulation cascades,M1,1,0
1,-4.8,GO:0002316,follicular B cell differentiation,M1,1,0
1,-2.2,GO:0061008,hepaticobiliary system development,M1,1,0
1,-2.2,GO:0016055,Wnt signaling pathway,M1,1,0
1,-2.7,R-HSA-6794361,Neurexins and neuroligins,M1,1,0
1,-6.9,WP15,Selenium micronutrient network,M1,1,0
1,-2.8,GO:0032231,regulation of actin filament bundle assembly,M1,1,0
1,-4.3,GO:2000630,positive regulation of miRNA metabolic process,M1,1,0
1,-4,GO:0034375,high-density lipoprotein particle remodeling,M1,1,0
1,-2.9,GO:0015849,organic acid transport,M1,1,0
1,-2.9,GO:0032732,positive regulation of interleukin-1 production,M1,1,0
1,-4.8,GO:0031348,negative regulation of defense response,M1,1,0
1,-2.8,GO:0034367,protein-containing complex remodeling,M1,1,0
1,-2.6,GO:0035455,response to interferon-alpha,M1,1,0
1,-14,GO:0001775,cell activation,M1,1,0
1,-5.4,GO:0002698,negative regulation of immune effector process,M1,1,0
1,-3,GO:0060828,regulation of canonical Wnt signaling pathway,M1,1,0
1,-2.2,WP3584,MECP2 and associated Rett syndrome,M1,1,0
1,-3.9,GO:0003073,regulation of systemic arterial blood pressure,M1,1,0
1,-2.3,M144,PID CERAMIDE PATHWAY,M1,1,0
1,-3.3,M264,PID TOLL ENDOGENOUS PATHWAY,M1,1,0
1,-5,GO:0030099,myeloid cell differentiation,M1,1,0
1,-7.2,GO:0009611,response to wounding,M1,1,0
1,-5,GO:0019724,B cell mediated immunity,M1,1,0
1,-2.4,GO:0044321,response to leptin,M1,1,0
1,-4,R-HSA-9024446,NR1H2 and NR1H3-mediated signaling,M1,1,0
1,-2.1,GO:0010638,positive regulation of organelle organization,M1,1,0
1,-2.4,R-HSA-3560782,Diseases associated with glycosaminoglycan metabolism,M1,1,0
1,-3.5,GO:0017157,regulation of exocytosis,M1,1,0
1,-2.9,GO:0060048,cardiac muscle contraction,M1,1,0
1,-3,GO:0033700,phospholipid efflux,M1,1,0
1,-2.1,GO:1903201,regulation of oxidative stress-induced cell death,M1,1,0
1,-3.2,GO:0071827,plasma lipoprotein particle organization,M1,1,0
1,-2.3,GO:1903861,positive regulation of dendrite extension,M1,1,0
1,-2.9,GO:1902903,regulation of supramolecular fiber organization,M1,1,0
1,-6,GO:0070098,chemokine-mediated signaling pathway,M1,1,0
1,-2.1,R-HSA-180024,DARPP-32 events,M1,1,0
1,-5.4,CORUM:6418,C1q complex,M1,1,0
1,-2.7,GO:0030178,negative regulation of Wnt signaling pathway,M1,1,0
1,-14,GO:0030335,positive regulation of cell migration,M1,1,0
1,-12,GO:0060326,cell chemotaxis,M1,1,0
1,-3.2,hsa04935,"Growth hormone synthesis, secretion and action",M1,1,0
1,-4.4,GO:0006869,lipid transport,M1,1,0
1,-3.2,GO:0002218,activation of innate immune response,M1,1,0
1,-2.5,GO:0060047,heart contraction,M1,1,0
1,-8.8,GO:0034341,response to type II interferon,M1,1,0
1,-4,WP2884,NRF2 pathway,M1,1,0
1,-2.2,M128,PID TNF PATHWAY,M1,1,0
1,-4.5,GO:0051048,negative regulation of secretion,M1,1,0
1,-7.5,GO:0002695,negative regulation of leukocyte activation,M1,1,0
1,-5.1,GO:0042060,wound healing,M1,1,0
1,-2.5,GO:0032989,cellular component morphogenesis,M1,1,0
1,-3.5,GO:0051279,regulation of release of sequestered calcium ion into cytosol,M1,1,0
1,-3.1,GO:0045861,negative regulation of proteolysis,M1,1,0
1,-3.1,GO:0045860,positive regulation of protein kinase activity,M1,1,0
1,-3,hsa04514,Cell adhesion molecules,M1,1,0
1,-2.4,GO:1903524,positive regulation of blood circulation,M1,1,0
1,-3.2,hsa05321,Inflammatory bowel disease,M1,1,0
1,-6.6,GO:1905952,regulation of lipid localization,M1,1,0
1,-3.4,GO:0016053,organic acid biosynthetic process,M1,1,0
1,-18,GO:0050865,regulation of cell activation,M1,1,0
1,-11,GO:0030595,leukocyte chemotaxis,M1,1,0
1,-3,GO:0015914,phospholipid transport,M1,1,0
1,-12,GO:0010038,response to metal ion,M1,1,0
1,-2.6,R-HSA-8964043,Plasma lipoprotein clearance,M1,1,0
1,-2.2,GO:0051403,stress-activated MAPK cascade,M1,1,0
1,-5,GO:0050728,negative regulation of inflammatory response,M1,1,0
1,-3.7,GO:0002719,negative regulation of cytokine production involved in immune response,M1,1,0
1,-17,GO:0010942,positive regulation of cell death,M1,1,0
1,-5.2,GO:0140467,integrated stress response signaling,M1,1,0
1,-2.6,R-HSA-3299685,Detoxification of Reactive Oxygen Species,M1,1,0
1,-6.1,GO:0045639,positive regulation of myeloid cell differentiation,M1,1,0
1,-3.1,GO:1904705,regulation of vascular associated smooth muscle cell proliferation,M1,1,0
1,-5.7,GO:0030100,regulation of endocytosis,M1,1,0
1,-2.8,M278,PID RAC1 PATHWAY,M1,1,0
1,-7.8,GO:0032944,regulation of mononuclear cell proliferation,M1,1,0
1,-2.2,GO:0030001,metal ion transport,M1,1,0
1,-2.4,WP4329,miRNAs involvement in the immune response in sepsis,M1,1,0
1,-5.2,GO:1904646,cellular response to amyloid-beta,M1,1,0
1,-2.3,GO:0046661,male sex differentiation,M1,1,0
1,-3.7,GO:0008217,regulation of blood pressure,M1,1,0
1,-4.4,R-HSA-2029485,Role of phospholipids in phagocytosis,M1,1,0
1,-3.9,WP4493,Cells and molecules involved in local acute inflammatory response,M1,1,0
1,-4.5,hsa05134,Legionellosis,M1,1,0
1,-2.2,R-HSA-2172127,DAP12 interactions,M1,1,0
1,-6.4,M166,PID ATF2 PATHWAY,M1,1,0
1,-2.9,WP4341,"Non-genomic actions of 1,25 dihydroxyvitamin D3",M1,1,0
1,-5.3,GO:1901652,response to peptide,M1,1,0
1,-2.3,GO:0007548,sex differentiation,M1,1,0
1,-2.8,GO:0002286,T cell activation involved in immune response,M1,1,0
1,-4.6,hsa04072,Phospholipase D signaling pathway,M1,1,0
1,-2.5,WP5124,Alzheimer's disease,M1,1,0
1,-4.1,GO:0042391,regulation of membrane potential,M1,1,0
1,-7.2,GO:0042327,positive regulation of phosphorylation,M1,1,0
1,-2.8,GO:0046685,response to arsenic-containing substance,M1,1,0
1,-3.1,R-HSA-1630316,Glycosaminoglycan metabolism,M1,1,0
1,-3,GO:0033628,regulation of cell adhesion mediated by integrin,M1,1,0
1,-7.7,GO:0001558,regulation of cell growth,M1,1,0
1,-4.6,hsa05231,Choline metabolism in cancer,M1,1,0
1,-2.3,GO:0002221,pattern recognition receptor signaling pathway,M1,1,0
1,-3.3,GO:0070542,response to fatty acid,M1,1,0
1,-7,hsa05202,Transcriptional misregulation in cancer,M1,1,0
1,-4.6,GO:2000116,regulation of cysteine-type endopeptidase activity,M1,1,0
1,-3.4,GO:0006576,biogenic amine metabolic process,M1,1,0
1,-4.4,GO:0043277,apoptotic cell clearance,M1,1,0
1,-2.4,GO:0014912,negative regulation of smooth muscle cell migration,M1,1,0
1,-2.2,GO:0019319,hexose biosynthetic process,M1,1,0
1,-2.6,GO:0051702,biological process involved in interaction with symbiont,M1,1,0
1,-3,R-HSA-373076,Class A/1 (Rhodopsin-like receptors),M1,1,0
1,-3.7,GO:0030316,osteoclast differentiation,M1,1,0
1,-3.5,M65,PID FRA PATHWAY,M1,1,0
1,-2.7,GO:0032768,regulation of monooxygenase activity,M1,1,0
1,-3.2,GO:0033674,positive regulation of kinase activity,M1,1,0
1,-2.3,GO:0048511,rhythmic process,M1,1,0
1,-2.5,GO:0070201,regulation of establishment of protein localization,M1,1,0
1,-6.5,GO:0034612,response to tumor necrosis factor,M1,1,0
1,-2.6,GO:0003014,renal system process,M1,1,0
1,-15,GO:0002694,regulation of leukocyte activation,M1,1,0
1,-7,GO:0043523,regulation of neuron apoptotic process,M1,1,0
1,-2.3,GO:0031952,regulation of protein autophosphorylation,M1,1,0
1,-2.6,GO:0048145,regulation of fibroblast proliferation,M1,1,0
1,-6.6,GO:0050766,positive regulation of phagocytosis,M1,1,0
1,-4.5,GO:0055117,regulation of cardiac muscle contraction,M1,1,0
1,-6.3,GO:0040013,negative regulation of locomotion,M1,1,0
1,-2.6,GO:0099177,regulation of trans-synaptic signaling,M1,1,0
1,-2,M252,PID IL8 CXCR1 PATHWAY,M1,1,0
1,-4.1,GO:0090025,regulation of monocyte chemotaxis,M1,1,0
1,-5.6,GO:0008360,regulation of cell shape,M1,1,0
1,-12,GO:0002252,immune effector process,M1,1,0
1,-2.3,GO:0050961,detection of temperature stimulus involved in sensory perception,M1,1,0
1,-9.3,GO:0006959,humoral immune response,M1,1,0
1,-5.4,hsa05163,Human cytomegalovirus infection,M1,1,0
1,-3.6,R-HSA-9664433,Leishmania parasite growth and survival,M1,1,0
1,-2.7,GO:0003002,regionalization,M1,1,0
1,-2.4,GO:1903050,regulation of proteolysis involved in protein catabolic process,M1,1,0
1,-3.5,GO:0090026,positive regulation of monocyte chemotaxis,M1,1,0
1,-7.4,hsa05171,Coronavirus disease - COVID-19,M1,1,0
1,-5,GO:0002281,macrophage activation involved in immune response,M1,1,0
1,-3.8,GO:0006942,regulation of striated muscle contraction,M1,1,0
1,-11,hsa04145,Phagosome,M1,1,0
1,-3.7,GO:0043313,regulation of neutrophil degranulation,M1,1,0
1,-2.5,R-HSA-111996,Ca-dependent events,M1,1,0
1,-3,GO:0043122,regulation of I-kappaB kinase/NF-kappaB signaling,M1,1,0
1,-11,GO:0006897,endocytosis,M1,1,0
1,-2.6,R-HSA-187037,Signaling by NTRK1 (TRKA),M1,1,0
1,-2.6,WP619,Type II interferon signaling,M1,1,0
1,-2.3,GO:0048844,artery morphogenesis,M1,1,0
1,-4.1,GO:0032651,regulation of interleukin-1 beta production,M1,1,0
1,-3.6,R-HSA-9662851,Anti-inflammatory response favouring Leishmania parasite infection,M1,1,0
1,-3.9,GO:0010039,response to iron ion,M1,1,0
1,-2.4,hsa04150,mTOR signaling pathway,M1,1,0
1,-9.1,GO:0008283,cell population proliferation,M1,1,0
1,-3.4,GO:1901136,carbohydrate derivative catabolic process,M1,1,0
1,-2.5,R-HSA-877300,Interferon gamma signaling,M1,1,0
1,-3.4,WP4806,EGFR tyrosine kinase inhibitor resistance,M1,1,0
1,-3,GO:0042119,neutrophil activation,M1,1,0
1,-4.1,M60,PID NFAT TFPATHWAY,M1,1,0
1,-5.1,GO:0010720,positive regulation of cell development,M1,1,0
1,-6,GO:0050920,regulation of chemotaxis,M1,1,0
1,-5,GO:0051282,regulation of sequestering of calcium ion,M1,1,0
1,-7.1,hsa05144,Malaria,M1,1,0
1,-2.7,GO:0031341,regulation of cell killing,M1,1,0
1,-5.9,hsa04650,Natural killer cell mediated cytotoxicity,M1,1,0
1,-3.4,GO:0051341,regulation of oxidoreductase activity,M1,1,0
1,-3,GO:0010811,positive regulation of cell-substrate adhesion,M1,1,0
1,-2.2,WP399,Wnt signaling pathway and pluripotency,M1,1,0
1,-3.6,GO:0051928,positive regulation of calcium ion transport,M1,1,0
1,-8.1,GO:0006898,receptor-mediated endocytosis,M1,1,0
1,-3.8,GO:0008016,regulation of heart contraction,M1,1,0
1,-3,WP23,B cell receptor signaling pathway,M1,1,0
1,-6.6,GO:0071496,cellular response to external stimulus,M1,1,0
1,-2.3,GO:0055076,transition metal ion homeostasis,M1,1,0
1,-3.2,GO:0006631,fatty acid metabolic process,M1,1,0
1,-2.8,WP4304,"Oligodendrocyte specification and differentiation, leading to myelin components for CNS",M1,1,0
1,-7.2,GO:0032663,regulation of interleukin-2 production,M1,1,0
1,-3.6,GO:1903305,regulation of regulated secretory pathway,M1,1,0
1,-6.5,WP5218,Extrafollicular and follicular B cell activation by SARS-CoV-2,M1,1,0
1,-7.5,R-HSA-2871796,FCERI mediated MAPK activation,M1,1,0
1,-4,WP2328,Allograft rejection,M1,1,0
1,-3.6,GO:0051258,protein polymerization,M1,1,0
1,-2.6,GO:0006595,polyamine metabolic process,M1,1,0
1,-2.6,GO:1902806,regulation of cell cycle G1/S phase transition,M1,1,0
1,-2.9,R-HSA-112043,PLC beta mediated events,M1,1,0
1,-2.5,R-HSA-8939211,ESR-mediated signaling,M1,1,0
1,-3.1,GO:0031529,ruffle organization,M1,1,0
1,-2,GO:0046634,regulation of alpha-beta T cell activation,M1,1,0
1,-2.3,GO:0050881,musculoskeletal movement,M1,1,0
1,-3.6,GO:0032409,regulation of transporter activity,M1,1,0
1,-2.3,GO:0051129,negative regulation of cellular component organization,M1,1,0
1,-6.9,GO:0002366,leukocyte activation involved in immune response,M1,1,0
1,-3.4,GO:0150063,visual system development,M1,1,0
1,-2.7,R-HSA-202433,Generation of second messenger molecules,M1,1,0
1,-3,GO:0031664,regulation of lipopolysaccharide-mediated signaling pathway,M1,1,0
1,-2.1,R-HSA-1793185,Chondroitin sulfate/dermatan sulfate metabolism,M1,1,0
1,-2.7,GO:0008344,adult locomotory behavior,M1,1,0
1,-3.1,GO:0033629,negative regulation of cell adhesion mediated by integrin,M1,1,0
1,-2.1,GO:0031098,stress-activated protein kinase signaling cascade,M1,1,0
1,-2.5,WP35,G protein signaling pathways,M1,1,0
1,-9.5,hsa04062,Chemokine signaling pathway,M1,1,0
1,-2.2,GO:0002673,regulation of acute inflammatory response,M1,1,0
1,-2.1,hsa04659,Th17 cell differentiation,M1,1,0
1,-2.4,WP2036,TNF-related weak inducer of apoptosis (TWEAK) signaling pathway,M1,1,0
1,-2.7,GO:0043525,positive regulation of neuron apoptotic process,M1,1,0
1,-5.8,GO:1902532,negative regulation of intracellular signal transduction,M1,1,0
1,-9.9,GO:0071417,cellular response to organonitrogen compound,M1,1,0
1,-13,WP5115,Network map of SARS-CoV-2 signaling pathway,M1,1,0
1,-2.8,R-HSA-5260271,Diseases of Immune System,M1,1,0
1,-12,GO:0050778,positive regulation of immune response,M1,1,0
1,-2.7,GO:0010921,regulation of phosphatase activity,M1,1,0
1,-3.5,GO:0071902,positive regulation of protein serine/threonine kinase activity,M1,1,0
1,-3.6,GO:0034765,regulation of monoatomic ion transmembrane transport,M1,1,0
1,-5,GO:1904035,regulation of epithelial cell apoptotic process,M1,1,0
1,-5.9,WP4877,Host-pathogen interaction of human coronaviruses - MAPK signaling,M1,1,0
1,-2.7,GO:0006691,leukotriene metabolic process,M1,1,0
1,-2.5,GO:0001654,eye development,M1,1,0
1,-3.9,GO:0010880,regulation of release of sequestered calcium ion into cytosol by sarcoplasmic reticulum,M1,1,0
1,-4,GO:0070848,response to growth factor,M1,1,0
1,-2.2,hsa05164,Influenza A,M1,1,0
1,-7.5,R-HSA-76005,Response to elevated platelet cytosolic Ca2+,M1,1,0
1,-13,GO:0040011,locomotion,M1,1,0
1,-4.9,GO:0071277,cellular response to calcium ion,M1,1,0
1,-5.7,GO:0032870,cellular response to hormone stimulus,M1,1,0
1,-4,GO:0051493,regulation of cytoskeleton organization,M1,1,0
1,-7.7,GO:0000302,response to reactive oxygen species,M1,1,0
1,-3.1,GO:0010884,positive regulation of lipid storage,M1,1,0
1,-11,GO:0051249,regulation of lymphocyte activation,M1,1,0
1,-3.3,GO:0014074,response to purine-containing compound,M1,1,0
1,-2.8,R-HSA-422356,Regulation of insulin secretion,M1,1,0
1,-3.5,GO:0071447,cellular response to hydroperoxide,M1,1,0
1,-2.4,GO:1901031,regulation of response to reactive oxygen species,M1,1,0
1,-2.2,R-HSA-166520,Signaling by NTRKs,M1,1,0
1,-8.3,hsa04666,Fc gamma R-mediated phagocytosis,M1,1,0
1,-4.7,hsa05223,Non-small cell lung cancer,M1,1,0
1,-3.5,hsa04931,Insulin resistance,M1,1,0
1,-4.1,GO:0030888,regulation of B cell proliferation,M1,1,0
1,-6.9,GO:0048002,antigen processing and presentation of peptide antigen,M1,1,0
1,-3,GO:0001952,regulation of cell-matrix adhesion,M1,1,0
1,-3.2,GO:0002604,regulation of dendritic cell antigen processing and presentation,M1,1,0
1,-3.4,hsa05145,Toxoplasmosis,M1,1,0
1,-6,R-HSA-9012999,RHO GTPase cycle,M1,1,0
1,-3.8,GO:0032642,regulation of chemokine production,M1,1,0
1,-3.5,GO:0062014,negative regulation of small molecule metabolic process,M1,1,0
1,-4.5,GO:0043280,positive regulation of cysteine-type endopeptidase activity involved in apoptotic process,M1,1,0
1,-4.3,GO:0045089,positive regulation of innate immune response,M1,1,0
1,-6.9,GO:0032760,positive regulation of tumor necrosis factor production,M1,1,0
1,-3.5,GO:0006936,muscle contraction,M1,1,0
1,-4.3,GO:0014068,positive regulation of phosphatidylinositol 3-kinase signaling,M1,1,0
1,-2.3,GO:0009408,response to heat,M1,1,0
1,-3.4,WP5285,Immune infiltration in pancreatic cancer,M1,1,0
1,-5.5,GO:0007015,actin filament organization,M1,1,0
1,-2.2,GO:0008610,lipid biosynthetic process,M1,1,0
1,-2.1,GO:0055123,digestive system development,M1,1,0
1,-3.2,GO:0033003,regulation of mast cell activation,M1,1,0
1,-4.6,GO:0034614,cellular response to reactive oxygen species,M1,1,0
1,-2.1,GO:0060314,regulation of ryanodine-sensitive calcium-release channel activity,M1,1,0
1,-2.3,hsa01522,Endocrine resistance,M1,1,0
1,-11,hsa04064,NF-kappa B signaling pathway,M1,1,0
1,-3.5,R-HSA-9029569,NR1H3 & NR1H2 regulate gene expression linked to cholesterol transport and efflux,M1,1,0
1,-3.4,GO:0098900,regulation of action potential,M1,1,0
1,-2.5,GO:0043031,negative regulation of macrophage activation,M1,1,0
1,-2.8,GO:0042102,positive regulation of T cell proliferation,M1,1,0
1,-6.8,R-HSA-114608,Platelet degranulation,M1,1,0
1,-3.4,GO:0048762,mesenchymal cell differentiation,M1,1,0
1,-2.7,GO:0045732,positive regulation of protein catabolic process,M1,1,0
1,-2,GO:0050878,regulation of body fluid levels,M1,1,0
1,-4.5,R-HSA-194315,Signaling by Rho GTPases,M1,1,0
1,-3.1,GO:0070664,negative regulation of leukocyte proliferation,M1,1,0
1,-3,GO:0034369,plasma lipoprotein particle remodeling,M1,1,0
1,-4.7,GO:0002449,lymphocyte mediated immunity,M1,1,0
1,-8.6,GO:0002274,myeloid leukocyte activation,M1,1,0
1,-4.1,WP5092,Interactions of natural killer cells in pancreatic cancer,M1,1,0
1,-3.7,GO:0001936,regulation of endothelial cell proliferation,M1,1,0
1,-2.5,hsa04921,Oxytocin signaling pathway,M1,1,0
1,-2.4,GO:0001516,prostaglandin biosynthetic process,M1,1,0
1,-4.2,GO:0015918,sterol transport,M1,1,0
1,-3.7,GO:0001501,skeletal system development,M1,1,0
1,-2.4,WP706,Sudden infant death syndrome (SIDS) susceptibility pathways,M1,1,0
1,-4.5,GO:0043547,positive regulation of GTPase activity,M1,1,0
1,-2.1,GO:1901623,regulation of lymphocyte chemotaxis,M1,1,0
1,-2.4,WP4963,p53 transcriptional gene network,M1,1,0
1,-2.6,GO:0090066,regulation of anatomical structure size,M1,1,0
1,-2.1,GO:0120039,plasma membrane bounded cell projection morphogenesis,M1,1,0
1,-2.1,GO:0030534,adult behavior,M1,1,0
1,-2,GO:0014072,response to isoquinoline alkaloid,M1,1,0
1,-2.1,GO:0019934,cGMP-mediated signaling,M1,1,0
1,-5.9,R-HSA-114604,GPVI-mediated activation cascade,M1,1,0
1,-9.7,R-HSA-1280215,Cytokine Signaling in Immune system,M1,1,0
1,-4.7,GO:0032928,regulation of superoxide anion generation,M1,1,0
1,-2.3,M37,PID NFKAPPAB CANONICAL PATHWAY,M1,1,0
1,-4,GO:0002701,negative regulation of production of molecular mediator of immune response,M1,1,0
1,-5.5,GO:0050850,positive regulation of calcium-mediated signaling,M1,1,0
1,-3.7,GO:0010886,positive regulation of cholesterol storage,M1,1,0
1,-2.6,GO:2000134,negative regulation of G1/S transition of mitotic cell cycle,M1,1,0
1,-2.8,hsa04371,Apelin signaling pathway,M1,1,0
1,-2.2,R-HSA-9634638,Estrogen-dependent nuclear events downstream of ESR-membrane signaling,M1,1,0
1,-2.1,R-HSA-1971475,A tetrasaccharide linker sequence is required for GAG synthesis,M1,1,0
1,-4.1,R-HSA-168188,Toll Like Receptor TLR6:TLR2 Cascade,M1,1,0
1,-2.5,WP3863,T-cell antigen receptor (TCR) pathway during Staphylococcus aureus infection,M1,1,0
1,-5.3,GO:0032970,regulation of actin filament-based process,M1,1,0
1,-5.9,WP545,Complement activation,M1,1,0
1,-2.5,WP69,T-cell receptor signaling pathway,M1,1,0
1,-4.1,GO:0042742,defense response to bacterium,M1,1,0
1,-3.4,R-HSA-450341,Activation of the AP-1 family of transcription factors,M1,1,0
1,-4.9,GO:0038093,Fc receptor signaling pathway,M1,1,0
1,-2.2,R-HSA-6806667,Metabolism of fat-soluble vitamins,M1,1,0
1,-4.4,GO:0002833,positive regulation of response to biotic stimulus,M1,1,0
1,-5.7,GO:0032787,monocarboxylic acid metabolic process,M1,1,0
1,-5,GO:0016032,viral process,M1,1,0
1,-3.8,WP4747,Netrin-UNC5B signaling pathway,M1,1,0
1,-3.3,GO:0048880,sensory system development,M1,1,0
1,-5.3,GO:0061024,membrane organization,M1,1,0
1,-2.2,GO:0043434,response to peptide hormone,M1,1,0
1,-3.3,WP2849,Hematopoietic stem cell differentiation,M1,1,0
1,-2.8,GO:0045820,negative regulation of glycolytic process,M1,1,0
1,-2.1,GO:0090023,positive regulation of neutrophil chemotaxis,M1,1,0
1,-3.4,GO:0030866,cortical actin cytoskeleton organization,M1,1,0
1,-2.8,GO:0006910,"phagocytosis, recognition",M1,1,0
1,-2.4,GO:0002433,immune response-regulating cell surface receptor signaling pathway involved in phagocytosis,M1,1,0
1,-2.8,R-HSA-913531,Interferon Signaling,M1,1,0
1,-2.8,GO:1904062,regulation of monoatomic cation transmembrane transport,M1,1,0
1,-4,GO:0010950,positive regulation of endopeptidase activity,M1,1,0
1,-2,GO:0043949,regulation of cAMP-mediated signaling,M1,1,0
1,-2.6,GO:0015748,organophosphate ester transport,M1,1,0
1,-3.3,GO:0032370,positive regulation of lipid transport,M1,1,0
1,-2,GO:0046488,phosphatidylinositol metabolic process,M1,1,0
1,-13,GO:1990266,neutrophil migration,M1,1,0
1,-3.8,hsa04015,Rap1 signaling pathway,M1,1,0
1,-2.7,GO:0032414,positive regulation of ion transmembrane transporter activity,M1,1,0
1,-4.3,GO:0007264,small GTPase mediated signal transduction,M1,1,0
1,-2.4,GO:0060218,hematopoietic stem cell differentiation,M1,1,0
1,-2,GO:0007507,heart development,M1,1,0
1,-2.7,GO:0043470,regulation of carbohydrate catabolic process,M1,1,0
1,-2.5,M54,PID IL12 2PATHWAY,M1,1,0
1,-4.2,GO:0002275,myeloid cell activation involved in immune response,M1,1,0
1,-11,GO:0002683,negative regulation of immune system process,M1,1,0
1,-5.6,WP382,MAPK signaling pathway,M1,1,0
1,-2.3,GO:0006809,nitric oxide biosynthetic process,M1,1,0
1,-2.1,GO:0036473,cell death in response to oxidative stress,M1,1,0
1,-3,GO:0002313,mature B cell differentiation involved in immune response,M1,1,0
1,-2.2,M70,PID PS1 PATHWAY,M1,1,0
1,-2.4,GO:0033002,muscle cell proliferation,M1,1,0
1,-3.3,GO:0007565,female pregnancy,M1,1,0
1,-3.6,GO:1902882,regulation of response to oxidative stress,M1,1,0
1,-2.6,GO:0008361,regulation of cell size,M1,1,0
1,-2.9,GO:1904044,response to aldosterone,M1,1,0
1,-2.8,GO:0000902,cell morphogenesis,M1,1,0
1,-8.9,R-HSA-372790,Signaling by GPCR,M1,1,0
1,-3.4,GO:0014066,regulation of phosphatidylinositol 3-kinase signaling,M1,1,0
1,-2.5,WP383,Striated muscle contraction pathway,M1,1,0
1,-6.3,GO:0071276,cellular response to cadmium ion,M1,1,0
1,-3.5,GO:0032376,positive regulation of cholesterol transport,M1,1,0
1,-5.8,GO:0051924,regulation of calcium ion transport,M1,1,0
1,-3,GO:0006110,regulation of glycolytic process,M1,1,0
1,-3.4,hsa04066,HIF-1 signaling pathway,M1,1,0
1,-13,GO:0045087,innate immune response,M1,1,0
1,-2.5,GO:0048872,homeostasis of number of cells,M1,1,0
1,-5.6,GO:2001235,positive regulation of apoptotic signaling pathway,M1,1,0
1,-2.1,hsa04140,Autophagy - animal,M1,1,0
1,-2.7,GO:0050871,positive regulation of B cell activation,M1,1,0
1,-3.6,R-HSA-422475,Axon guidance,M1,1,0
1,-11,GO:1901699,cellular response to nitrogen compound,M1,1,0
1,-5.8,M167,PID AP1 PATHWAY,M1,1,0
1,-6.1,GO:0002269,leukocyte activation involved in inflammatory response,M1,1,0
1,-2.4,hsa04217,Necroptosis,M1,1,0
1,-3.1,GO:1903306,negative regulation of regulated secretory pathway,M1,1,0
1,-2.1,GO:1905523,positive regulation of macrophage migration,M1,1,0
1,-2.6,R-HSA-2022377,Metabolism of Angiotensinogen to Angiotensins,M1,1,0
1,-5.9,WP1533,Vitamin B12 metabolism,M1,1,0
1,-4.4,WP4172,PI3K-Akt signaling pathway,M1,1,0
1,-2.2,GO:0030890,positive regulation of B cell proliferation,M1,1,0
1,-3.2,GO:0043951,negative regulation of cAMP-mediated signaling,M1,1,0
1,-12,GO:0002253,activation of immune response,M1,1,0
1,-3.1,R-HSA-5621480,Dectin-2 family,M1,1,0
1,-4.2,GO:0010959,regulation of metal ion transport,M1,1,0
1,-5,GO:0071356,cellular response to tumor necrosis factor,M1,1,0
1,-3.6,GO:0048017,inositol lipid-mediated signaling,M1,1,0
1,-2.8,M275,PID ALPHA SYNUCLEIN PATHWAY,M1,1,0
1,-2.5,GO:0045930,negative regulation of mitotic cell cycle,M1,1,0
1,-2.7,M197,PID HIV NEF PATHWAY,M1,1,0
1,-2.3,GO:0048512,circadian behavior,M1,1,0
1,-2,GO:0046890,regulation of lipid biosynthetic process,M1,1,0
1,-4.8,GO:0010543,regulation of platelet activation,M1,1,0
1,-2.8,GO:1901655,cellular response to ketone,M1,1,0
1,-4.3,GO:0070555,response to interleukin-1,M1,1,0
1,-3.1,GO:0002704,negative regulation of leukocyte mediated immunity,M1,1,0
1,-3.9,GO:0060759,regulation of response to cytokine stimulus,M1,1,0
1,-3.7,GO:0010883,regulation of lipid storage,M1,1,0
1,-9.6,GO:0031349,positive regulation of defense response,M1,1,0
1,-5.4,GO:0072677,eosinophil migration,M1,1,0
1,-7.9,R-HSA-388396,GPCR downstream signalling,M1,1,0
1,-4.4,R-HSA-2142753,Arachidonic acid metabolism,M1,1,0
1,-3.4,hsa04510,Focal adhesion,M1,1,0
1,-2.8,WP3,Transcriptional activation by NRF2 in response to phytochemicals,M1,1,0
1,-3.3,GO:0036294,cellular response to decreased oxygen levels,M1,1,0
1,-7.6,GO:0042110,T cell activation,M1,1,0
1,-3.4,GO:0046394,carboxylic acid biosynthetic process,M1,1,0
1,-6.4,GO:0051251,positive regulation of lymphocyte activation,M1,1,0
1,-2.6,GO:0014059,regulation of dopamine secretion,M1,1,0
1,-9.3,GO:0070374,positive regulation of ERK1 and ERK2 cascade,M1,1,0
1,-2.7,GO:0042401,biogenic amine biosynthetic process,M1,1,0
1,-5.4,GO:0120162,positive regulation of cold-induced thermogenesis,M1,1,0
1,-3.9,R-HSA-5602498,MyD88 deficiency (TLR2/4),M1,1,0
1,-2.2,GO:0006812,monoatomic cation transport,M1,1,0
1,-3,GO:0002283,neutrophil activation involved in immune response,M1,1,0
1,-8.2,GO:0071222,cellular response to lipopolysaccharide,M1,1,0
1,-2.8,R-HSA-194138,Signaling by VEGF,M1,1,0
1,-2.3,GO:0007611,learning or memory,M1,1,0
1,-4.1,GO:0061458,reproductive system development,M1,1,0
1,-2.7,M99,PID TXA2PATHWAY,M1,1,0
1,-4.6,GO:1904645,response to amyloid-beta,M1,1,0
1,-4.8,WP231,TNF-alpha signaling pathway,M1,1,0
1,-9.2,GO:0002237,response to molecule of bacterial origin,M1,1,0
1,-2.8,R-HSA-202733,Cell surface interactions at the vascular wall,M1,1,0
1,-2.1,WP2037,Prolactin signaling pathway,M1,1,0
1,-4.8,GO:0090257,regulation of muscle system process,M1,1,0
1,-2.1,GO:0120035,regulation of plasma membrane bounded cell projection organization,M1,1,0
1,-5,hsa05210,Colorectal cancer,M1,1,0
1,-5.1,GO:0048708,astrocyte differentiation,M1,1,0
1,-2.2,GO:0006094,gluconeogenesis,M1,1,0
1,-4.1,GO:0048639,positive regulation of developmental growth,M1,1,0
1,-3.3,GO:0032731,positive regulation of interleukin-1 beta production,M1,1,0
1,-2.1,WP5231,Hippocampal synaptogenesis and neurogenesis,M1,1,0
1,-6.4,GO:2000146,negative regulation of cell motility,M1,1,0
1,-4.8,WP3611,Photodynamic therapy-induced AP-1 survival signaling,M1,1,0
1,-2.5,R-HSA-9018519,Estrogen-dependent gene expression,M1,1,0
1,-7.3,GO:0009725,response to hormone,M1,1,0
1,-3,GO:0010642,negative regulation of platelet-derived growth factor receptor signaling pathway,M1,1,0
1,-3.7,GO:0002244,hematopoietic progenitor cell differentiation,M1,1,0
1,-2,GO:0043278,response to morphine,M1,1,0
1,-5.2,GO:0016064,immunoglobulin mediated immune response,M1,1,0
1,-13,hsa04380,Osteoclast differentiation,M1,1,0
1,-4.6,GO:0051385,response to mineralocorticoid,M1,1,0
1,-2.1,GO:0097746,blood vessel diameter maintenance,M1,1,0
1,-2.6,GO:0050804,modulation of chemical synaptic transmission,M1,1,0
1,-2.4,hsa05221,Acute myeloid leukemia,M1,1,0
1,-5.7,GO:0007610,behavior,M1,1,0
1,-2.3,GO:0051000,positive regulation of nitric-oxide synthase activity,M1,1,0
1,-3.1,GO:0046434,organophosphate catabolic process,M1,1,0
1,-2.9,GO:1904707,positive regulation of vascular associated smooth muscle cell proliferation,M1,1,0
1,-5.1,GO:0150078,positive regulation of neuroinflammatory response,M1,1,0
1,-4.6,R-HSA-166016,Toll Like Receptor 4 (TLR4) Cascade,M1,1,0
1,-4,WP2355,Corticotropin-releasing hormone signaling pathway,M1,1,0
1,-7.6,GO:0050729,positive regulation of inflammatory response,M1,1,0
1,-2.6,GO:0044843,cell cycle G1/S phase transition,M1,1,0
1,-2.1,GO:0034767,positive regulation of monoatomic ion transmembrane transport,M1,1,0
1,-2.8,WP5122,Prostaglandin and leukotriene metabolism in senescence,M1,1,0
1,-2.7,GO:0050852,T cell receptor signaling pathway,M1,1,0
1,-7.3,GO:0045765,regulation of angiogenesis,M1,1,0
1,-2.7,R-HSA-2730905,Role of LAT2/NTAL/LAB on calcium mobilization,M1,1,0
1,-9,GO:0007159,leukocyte cell-cell adhesion,M1,1,0
1,-2.4,GO:0007613,memory,M1,1,0
1,-7.9,GO:0050670,regulation of lymphocyte proliferation,M1,1,0
1,-3.6,WP4222,Phosphodiesterases in neuronal function,M1,1,0
1,-3.4,GO:0044706,multi-multicellular organism process,M1,1,0
1,-2.1,R-HSA-3000178,ECM proteoglycans,M1,1,0
1,-4.7,GO:0019725,cellular homeostasis,M1,1,0
1,-2.9,GO:0019216,regulation of lipid metabolic process,M1,1,0
1,-8.5,GO:0071216,cellular response to biotic stimulus,M1,1,0
1,-3.1,GO:0043405,regulation of MAP kinase activity,M1,1,0
1,-3.9,hsa05020,Prion disease,M1,1,0
1,-3,WP2881,Estrogen receptor pathway,M1,1,0
1,-3.5,GO:0090324,negative regulation of oxidative phosphorylation,M1,1,0
1,-4,R-HSA-111885,Opioid Signalling,M1,1,0
1,-5.6,GO:0031960,response to corticosteroid,M1,1,0
1,-5.7,GO:1903530,regulation of secretion by cell,M1,1,0
1,-2.5,R-HSA-71387,Metabolism of carbohydrates,M1,1,0
1,-8.1,hsa04061,Viral protein interaction with cytokine and cytokine receptor,M1,1,0
1,-2.3,GO:2000401,regulation of lymphocyte migration,M1,1,0
1,-3.4,WP5044,Kynurenine pathway and links to cell senescence,M1,1,0
1,-3.8,GO:0008630,intrinsic apoptotic signaling pathway in response to DNA damage,M1,1,0
1,-5.4,GO:0045927,positive regulation of growth,M1,1,0
1,-4.3,GO:0150146,cell junction disassembly,M1,1,0
1,-3.5,GO:0030041,actin filament polymerization,M1,1,0
1,-3.4,WP306,Focal adhesion,M1,1,0
1,-2.4,GO:0010517,regulation of phospholipase activity,M1,1,0
1,-2,GO:0046486,glycerolipid metabolic process,M1,1,0
1,-9.4,GO:0022407,regulation of cell-cell adhesion,M1,1,0
1,-3,GO:0071453,cellular response to oxygen levels,M1,1,0
1,-4,R-HSA-977606,Regulation of Complement cascade,M1,1,0
1,-4,GO:1902893,regulation of miRNA transcription,M1,1,0
1,-2,WP5200,Dravet syndrome,M1,1,0
1,-3.6,GO:0009615,response to virus,M1,1,0
1,-3.9,GO:0006873,cellular monoatomic ion homeostasis,M1,1,0
1,-7.1,GO:0030162,regulation of proteolysis,M1,1,0
1,-2.4,GO:0035272,exocrine system development,M1,1,0
1,-2.6,WP4462,Platelet-mediated interactions with vascular and circulating cells,M1,1,0
1,-2.2,GO:2000573,positive regulation of DNA biosynthetic process,M1,1,0
1,-2.7,GO:0045577,regulation of B cell differentiation,M1,1,0
1,-2.9,GO:0043270,positive regulation of monoatomic ion transport,M1,1,0
1,-3.6,GO:0046620,regulation of organ growth,M1,1,0
1,-4.2,hsa04613,Neutrophil extracellular trap formation,M1,1,0
1,-2.5,GO:0032757,positive regulation of interleukin-8 production,M1,1,0
1,-2,GO:1990928,response to amino acid starvation,M1,1,0
1,-5.8,WP2880,Glucocorticoid receptor pathway,M1,1,0
1,-4.4,GO:1901653,cellular response to peptide,M1,1,0
1,-2.5,GO:0032945,negative regulation of mononuclear cell proliferation,M1,1,0
1,-8.5,GO:0071219,cellular response to molecule of bacterial origin,M1,1,0
1,-2.4,GO:0016485,protein processing,M1,1,0
1,-4.9,GO:0002700,regulation of production of molecular mediator of immune response,M1,1,0
1,-2.2,GO:0001906,cell killing,M1,1,0
1,-2.2,GO:0002861,regulation of inflammatory response to antigenic stimulus,M1,1,0
1,-5.9,hsa04979,Cholesterol metabolism,M1,1,0
1,-5.6,WP4216,Chromosomal and microsatellite instability in colorectal cancer,M1,1,0
1,-3.1,GO:2001257,regulation of cation channel activity,M1,1,0
1,-3.6,GO:0032874,positive regulation of stress-activated MAPK cascade,M1,1,0
1,-5,GO:0032102,negative regulation of response to external stimulus,M1,1,0
1,-4.8,GO:0007626,locomotory behavior,M1,1,0
1,-9.6,R-HSA-1280218,Adaptive Immune System,M1,1,0
1,-4.9,GO:0030307,positive regulation of cell growth,M1,1,0
1,-4.9,GO:0007162,negative regulation of cell adhesion,M1,1,0
1,-2,GO:0006027,glycosaminoglycan catabolic process,M1,1,0
1,-4.4,GO:0010876,lipid localization,M1,1,0
1,-3.1,GO:0048871,multicellular organismal homeostasis,M1,1,0
1,-2.8,hsa05206,MicroRNAs in cancer,M1,1,0
1,-2.6,GO:1901991,negative regulation of mitotic cell cycle phase transition,M1,1,0
1,-3,GO:0002357,defense response to tumor cell,M1,1,0
1,-2,GO:0045667,regulation of osteoblast differentiation,M1,1,0
1,-8.3,GO:0061900,glial cell activation,M1,1,0
1,-4.1,GO:0031100,animal organ regeneration,M1,1,0
1,-2.8,GO:0050966,detection of mechanical stimulus involved in sensory perception of pain,M1,1,0
1,-4.7,hsa04115,p53 signaling pathway,M1,1,0
1,-4.9,GO:0071404,cellular response to low-density lipoprotein particle stimulus,M1,1,0
1,-2.5,hsa04932,Non-alcoholic fatty liver disease,M1,1,0
1,-3.3,hsa04725,Cholinergic synapse,M1,1,0
1,-2.1,GO:0051953,negative regulation of amine transport,M1,1,0
1,-6.2,GO:0019882,antigen processing and presentation,M1,1,0
1,-2.5,GO:0006693,prostaglandin metabolic process,M1,1,0
1,-3.1,hsa05414,Dilated cardiomyopathy,M1,1,0
1,-2.9,GO:1903578,regulation of ATP metabolic process,M1,1,0
1,-5.4,GO:0048545,response to steroid hormone,M1,1,0
1,-5.5,WP2806,Complement system,M1,1,0
1,-6.3,GO:1903039,positive regulation of leukocyte cell-cell adhesion,M1,1,0
1,-3.8,GO:0033006,regulation of mast cell activation involved in immune response,M1,1,0
1,-8,GO:0002761,regulation of myeloid leukocyte differentiation,M1,1,0
1,-2.4,GO:0061050,regulation of cell growth involved in cardiac muscle cell development,M1,1,0
1,-8.9,WP4146,Macrophage markers,M1,1,0
1,-3.1,GO:0009308,amine metabolic process,M1,1,0
1,-2.1,GO:2001238,positive regulation of extrinsic apoptotic signaling pathway,M1,1,0
1,-3.7,GO:0032930,positive regulation of superoxide anion generation,M1,1,0
1,-5.4,GO:0050730,regulation of peptidyl-tyrosine phosphorylation,M1,1,0
1,-5.9,GO:0046718,viral entry into host cell,M1,1,0
1,-9.2,GO:0071396,cellular response to lipid,M1,1,0
1,-3.3,GO:0042554,superoxide anion generation,M1,1,0
1,-3.8,hsa04152,AMPK signaling pathway,M1,1,0
1,-2.5,GO:0044872,lipoprotein localization,M1,1,0
1,-3.7,GO:0008216,spermidine metabolic process,M1,1,0
1,-2.8,GO:0051604,protein maturation,M1,1,0
1,-3.7,GO:0002526,acute inflammatory response,M1,1,0
1,-4.5,GO:0048661,positive regulation of smooth muscle cell proliferation,M1,1,0
1,-3.5,GO:2000628,regulation of miRNA metabolic process,M1,1,0
1,-2.2,GO:0007160,cell-matrix adhesion,M1,1,0
1,-2.8,R-HSA-5602358,Diseases associated with the TLR signaling cascade,M1,1,0
1,-2.6,GO:0010507,negative regulation of autophagy,M1,1,0
1,-4,GO:0014910,regulation of smooth muscle cell migration,M1,1,0
1,-4.4,hsa04620,Toll-like receptor signaling pathway,M1,1,0
1,-10,M5885,NABA MATRISOME ASSOCIATED,M1,1,0
1,-2.5,GO:0042157,lipoprotein metabolic process,M1,1,0
1,-3.3,GO:0032956,regulation of actin cytoskeleton organization,M1,1,0
1,-5.8,GO:0048638,regulation of developmental growth,M1,1,0
1,-4.1,GO:0038094,Fc-gamma receptor signaling pathway,M1,1,0
1,-2.5,WP1772,Apoptosis modulation and signaling,M1,1,0
1,-7.2,hsa04936,Alcoholic liver disease,M1,1,0
1,-5.3,WP4136,Fibrin complement receptor 3 signaling pathway,M1,1,0
1,-2.1,R-HSA-168138,Toll Like Receptor 9 (TLR9) Cascade,M1,1,0
1,-3.3,GO:1900543,negative regulation of purine nucleotide metabolic process,M1,1,0
1,-4.1,GO:0010677,negative regulation of cellular carbohydrate metabolic process,M1,1,0
1,-3.2,GO:1901856,negative regulation of cellular respiration,M1,1,0
1,-4.2,GO:0071560,cellular response to transforming growth factor beta stimulus,M1,1,0
1,-2.7,GO:0061081,positive regulation of myeloid leukocyte cytokine production involved in immune response,M1,1,0
1,-3.3,GO:0002082,regulation of oxidative phosphorylation,M1,1,0
1,-2.6,GO:0002437,inflammatory response to antigenic stimulus,M1,1,0
1,-3.8,R-HSA-5603041,IRAK4 deficiency (TLR2/4),M1,1,0
1,-2.3,GO:0046849,bone remodeling,M1,1,0
1,-7.9,GO:0002757,immune response-activating signaling pathway,M1,1,0
1,-2.3,GO:0055001,muscle cell development,M1,1,0
1,-2.4,GO:0070886,positive regulation of calcineurin-NFAT signaling cascade,M1,1,0
1,-2.2,GO:1901021,positive regulation of calcium ion transmembrane transporter activity,M1,1,0
1,-2.3,GO:0034377,plasma lipoprotein particle assembly,M1,1,0
1,-5.2,R-HSA-1236975,Antigen processing-Cross presentation,M1,1,0
1,-2.1,GO:0098662,inorganic cation transmembrane transport,M1,1,0
1,-7.9,GO:1903555,regulation of tumor necrosis factor superfamily cytokine production,M1,1,0
1,-2.8,hsa01521,EGFR tyrosine kinase inhibitor resistance,M1,1,0
1,-3.1,GO:0014911,positive regulation of smooth muscle cell migration,M1,1,0
1,-4,GO:0045646,regulation of erythrocyte differentiation,M1,1,0
1,-2,GO:0045921,positive regulation of exocytosis,M1,1,0
1,-5.1,GO:0043524,negative regulation of neuron apoptotic process,M1,1,0
1,-3.5,WP437,EGF/EGFR signaling pathway,M1,1,0
1,-2,R-HSA-350054,Notch-HLH transcription pathway,M1,1,0
1,-13,GO:0031347,regulation of defense response,M1,1,0
1,-4.9,GO:0046850,regulation of bone remodeling,M1,1,0
1,-2.3,GO:1902807,negative regulation of cell cycle G1/S phase transition,M1,1,0
1,-2.9,GO:0022612,gland morphogenesis,M1,1,0
1,-3.4,GO:0071803,positive regulation of podosome assembly,M1,1,0
1,-5,GO:0006941,striated muscle contraction,M1,1,0
1,-5.5,GO:0048245,eosinophil chemotaxis,M1,1,0
1,-3.1,GO:1900407,regulation of cellular response to oxidative stress,M1,1,0
1,-3.1,GO:0045672,positive regulation of osteoclast differentiation,M1,1,0
1,-3.4,WP4357,NRF2-ARE regulation,M1,1,0
1,-2.2,GO:1903307,positive regulation of regulated secretory pathway,M1,1,0
1,-3,GO:1905155,positive regulation of membrane invagination,M1,1,0
1,-14,GO:0030593,neutrophil chemotaxis,M1,1,0
1,-5.8,GO:0010324,membrane invagination,M1,1,0
1,-2.5,GO:0050994,regulation of lipid catabolic process,M1,1,0
1,-5.7,GO:1901615,organic hydroxy compound metabolic process,M1,1,0
1,-11,GO:0010563,negative regulation of phosphorus metabolic process,M1,1,0
1,-2.5,GO:0045137,development of primary sexual characteristics,M1,1,0
1,-2.9,GO:0032890,regulation of organic acid transport,M1,1,0
1,-5.9,M1315,SIG PIP3 SIGNALING IN B LYMPHOCYTES,M1,1,0
1,-2,GO:0006195,purine nucleotide catabolic process,M1,1,0
1,-4.4,GO:0050851,antigen receptor-mediated signaling pathway,M1,1,0
1,-4.1,M272,PID CD8 TCR DOWNSTREAM PATHWAY,M1,1,0
1,-2.6,GO:0051412,response to corticosterone,M1,1,0
1,-2.1,R-HSA-8978868,Fatty acid metabolism,M1,1,0
1,-4.9,GO:0044000,movement in host,M1,1,0
1,-6.6,WP5055,Burn wound healing,M1,1,0
1,-4.3,R-HSA-198725,Nuclear Events (kinase and transcription factor activation),M1,1,0
1,-6.5,GO:1903708,positive regulation of hemopoiesis,M1,1,0
1,-3.6,GO:0048608,reproductive structure development,M1,1,0
1,-2.8,GO:0097553,calcium ion transmembrane import into cytosol,M1,1,0
1,-2.8,GO:0048260,positive regulation of receptor-mediated endocytosis,M1,1,0
1,-2.8,GO:0072676,lymphocyte migration,M1,1,0
1,-2.6,GO:0006469,negative regulation of protein kinase activity,M1,1,0
1,-2.2,GO:0006470,protein dephosphorylation,M1,1,0
1,-2.2,GO:0008038,neuron recognition,M1,1,0
1,-2.1,hsa00565,Ether lipid metabolism,M1,1,0
1,-2.1,GO:0045649,regulation of macrophage differentiation,M1,1,0
1,-4.1,GO:0031334,positive regulation of protein-containing complex assembly,M1,1,0
1,-2.2,GO:0044270,cellular nitrogen compound catabolic process,M1,1,0
1,-11,GO:0019932,second-messenger-mediated signaling,M1,1,0
1,-2.6,GO:0050965,detection of temperature stimulus involved in sensory perception of pain,M1,1,0
1,-2.1,GO:0009166,nucleotide catabolic process,M1,1,0
1,-5.8,GO:0002699,positive regulation of immune effector process,M1,1,0
1,-2.7,GO:0021782,glial cell development,M1,1,0
1,-2.5,hsa05222,Small cell lung cancer,M1,1,0
1,-4.6,GO:0010935,regulation of macrophage cytokine production,M1,1,0
1,-3.8,GO:0048732,gland development,M1,1,0
1,-3,M169,PID INTEGRIN2 PATHWAY,M1,1,0
1,-2.5,GO:0008154,actin polymerization or depolymerization,M1,1,0
1,-2.1,GO:0035296,regulation of tube diameter,M1,1,0
1,-2.6,GO:0045580,regulation of T cell differentiation,M1,1,0
1,-3.5,GO:0016311,dephosphorylation,M1,1,0
1,-6.8,hsa05200,Pathways in cancer,M1,1,0
1,-5.2,hsa04662,B cell receptor signaling pathway,M1,1,0
1,-3.6,WP560,TGF-beta receptor signaling,M1,1,0
1,-3,GO:1901019,regulation of calcium ion transmembrane transporter activity,M1,1,0
1,-3.3,GO:0006690,icosanoid metabolic process,M1,1,0
1,-4.3,GO:0061043,regulation of vascular wound healing,M1,1,0
1,-2.2,GO:1990748,cellular detoxification,M1,1,0
1,-5.3,GO:0048660,regulation of smooth muscle cell proliferation,M1,1,0
1,-2.4,GO:0060421,positive regulation of heart growth,M1,1,0
1,-7.4,GO:0001933,negative regulation of protein phosphorylation,M1,1,0
1,-4,hsa04658,Th1 and Th2 cell differentiation,M1,1,0
1,-4.5,GO:0002887,negative regulation of myeloid leukocyte mediated immunity,M1,1,0
1,-3.3,GO:0061061,muscle structure development,M1,1,0
1,-8.8,GO:0002495,antigen processing and presentation of peptide antigen via MHC class II,M1,1,0
1,-4.1,GO:0051591,response to cAMP,M1,1,0
1,-11,GO:0045936,negative regulation of phosphate metabolic process,M1,1,0
1,-7.4,GO:0002768,immune response-regulating cell surface receptor signaling pathway,M1,1,0
1,-9.3,GO:0050900,leukocyte migration,M1,1,0
1,-3.1,hsa04912,GnRH signaling pathway,M1,1,0
1,-7.2,GO:0019884,antigen processing and presentation of exogenous antigen,M1,1,0
1,-4.6,GO:0098771,inorganic ion homeostasis,M1,1,0
1,-3.9,R-HSA-9013423,RAC3 GTPase cycle,M1,1,0
1,-2.6,GO:0042953,lipoprotein transport,M1,1,0
1,-2.8,M223,PID BETA CATENIN NUC PATHWAY,M1,1,0
1,-2.3,GO:0010466,negative regulation of peptidase activity,M1,1,0
1,-3.1,GO:0006109,regulation of carbohydrate metabolic process,M1,1,0
1,-2.9,R-HSA-9013408,RHOG GTPase cycle,M1,1,0
1,-5,GO:1902106,negative regulation of leukocyte differentiation,M1,1,0
1,-2.9,GO:0043922,negative regulation by host of viral transcription,M1,1,0
1,-2.5,WP4396,Nonalcoholic fatty liver disease,M1,1,0
1,-6,WP5095,Overview of proinflammatory and profibrotic mediators,M1,1,0
1,-2.8,GO:0010874,regulation of cholesterol efflux,M1,1,0
1,-3.4,GO:0032570,response to progesterone,M1,1,0
1,-6.7,M5883,NABA SECRETED FACTORS,M1,1,0
1,-3.1,GO:0071825,protein-lipid complex subunit organization,M1,1,0
1,-3.4,hsa05415,Diabetic cardiomyopathy,M1,1,0
1,-2.8,M290,PID IL12 STAT4 PATHWAY,M1,1,0
1,-2.1,M20,PID P38 MKK3 6PATHWAY,M1,1,0
1,-2.4,GO:1901224,positive regulation of NIK/NF-kappaB signaling,M1,1,0
1,-2.6,GO:0048589,developmental growth,M1,1,0
1,-5.1,hsa04928,"Parathyroid hormone synthesis, secretion and action",M1,1,0
1,-3.7,GO:0042063,gliogenesis,M1,1,0
1,-5.7,GO:0019935,cyclic-nucleotide-mediated signaling,M1,1,0
1,-2.1,GO:0097300,programmed necrotic cell death,M1,1,0
1,-2.2,GO:0043473,pigmentation,M1,1,0
1,-3.1,WP4685,Melanoma,M1,1,0
1,-6.1,GO:0030217,T cell differentiation,M1,1,0
1,-5.8,WP176,Folate metabolism,M1,1,0
1,-9.7,GO:1903706,regulation of hemopoiesis,M1,1,0
1,-6.3,GO:0099024,plasma membrane invagination,M1,1,0
1,-2.7,GO:0045579,positive regulation of B cell differentiation,M1,1,0
1,-2.4,GO:1903978,regulation of microglial cell activation,M1,1,0
1,-6.7,GO:2001236,regulation of extrinsic apoptotic signaling pathway,M1,1,0
1,-2.6,GO:0002532,production of molecular mediator involved in inflammatory response,M1,1,0
1,-15,GO:0040017,positive regulation of locomotion,M1,1,0
1,-2.3,GO:0051153,regulation of striated muscle cell differentiation,M1,1,0
1,-3.1,GO:0051347,positive regulation of transferase activity,M1,1,0
1,-3.5,GO:0070302,regulation of stress-activated protein kinase signaling cascade,M1,1,0
1,-4,GO:0007178,transmembrane receptor protein serine/threonine kinase signaling pathway,M1,1,0
1,-7.1,GO:0015850,organic hydroxy compound transport,M1,1,0
1,-6.1,GO:0006956,complement activation,M1,1,0
1,-6.3,GO:0070665,positive regulation of leukocyte proliferation,M1,1,0
1,-2.6,R-HSA-390522,Striated Muscle Contraction,M1,1,0
1,-2.8,R-HSA-2162123,Synthesis of Prostaglandins (PG) and Thromboxanes (TX),M1,1,0
1,-7.7,GO:0019886,antigen processing and presentation of exogenous peptide antigen via MHC class II,M1,1,0
1,-5.5,GO:0150077,regulation of neuroinflammatory response,M1,1,0
1,-5.4,GO:2001237,negative regulation of extrinsic apoptotic signaling pathway,M1,1,0
1,-3.1,GO:0002758,innate immune response-activating signaling pathway,M1,1,0
1,-12,GO:0010035,response to inorganic substance,M1,1,0
1,-2,GO:0061564,axon development,M1,1,0
1,-2.8,GO:0050708,regulation of protein secretion,M1,1,0
1,-2.2,GO:0031343,positive regulation of cell killing,M1,1,0
1,-7.1,GO:1901342,regulation of vasculature development,M1,1,0
1,-6.4,GO:0044057,regulation of system process,M1,1,0
1,-14,WP3937,Microglia pathogen phagocytosis pathway,M1,1,0
1,-5.3,GO:0036293,response to decreased oxygen levels,M1,1,0
1,-2.4,hsa04216,Ferroptosis,M1,1,0
1,-9.3,GO:0008285,negative regulation of cell population proliferation,M1,1,0
1,-2.9,GO:0045786,negative regulation of cell cycle,M1,1,0
1,-3.1,WP3942,PPAR signaling pathway,M1,1,0
1,-2.1,R-HSA-977225,Amyloid fiber formation,M1,1,0
1,-3.8,GO:0045912,negative regulation of carbohydrate metabolic process,M1,1,0
1,-2.6,GO:0010755,regulation of plasminogen activation,M1,1,0
1,-4.5,R-HSA-1474244,Extracellular matrix organization,M1,1,0
1,-4.8,GO:0002443,leukocyte mediated immunity,M1,1,0
1,-4.2,GO:0010875,positive regulation of cholesterol efflux,M1,1,0
1,-3,GO:0050777,negative regulation of immune response,M1,1,0
1,-2.4,hsa00770,Pantothenate and CoA biosynthesis,M1,1,0
1,-9.2,GO:0006909,phagocytosis,M1,1,0
1,-2.1,GO:0010882,regulation of cardiac muscle contraction by calcium ion signaling,M1,1,0
1,-2.7,GO:0033135,regulation of peptidyl-serine phosphorylation,M1,1,0
1,-4.5,hsa04014,Ras signaling pathway,M1,1,0
1,-7.4,hsa04670,Leukocyte transendothelial migration,M1,1,0
1,-2.5,GO:0045428,regulation of nitric oxide biosynthetic process,M1,1,0
1,-2.2,GO:1901796,regulation of signal transduction by p53 class mediator,M1,1,0
1,-4.4,GO:0050731,positive regulation of peptidyl-tyrosine phosphorylation,M1,1,0
1,-2.6,GO:0030728,ovulation,M1,1,0
1,-2.9,hsa04913,Ovarian steroidogenesis,M1,1,0
1,-4.8,GO:0090322,regulation of superoxide metabolic process,M1,1,0
1,-2.4,GO:2001259,positive regulation of cation channel activity,M1,1,0
1,-5.7,GO:1905954,positive regulation of lipid localization,M1,1,0
1,-7.9,GO:0010632,regulation of epithelial cell migration,M1,1,0
1,-3.7,GO:0032368,regulation of lipid transport,M1,1,0
1,-5.9,WP289,Myometrial relaxation and contraction pathways,M1,1,0
1,-3.8,GO:0036230,granulocyte activation,M1,1,0
1,-2.6,WP4331,Neovascularisation processes,M1,1,0
1,-2.1,hsa04672,Intestinal immune network for IgA production,M1,1,0
1,-2.1,GO:0043154,negative regulation of cysteine-type endopeptidase activity involved in apoptotic process,M1,1,0
1,-9.8,GO:0002697,regulation of immune effector process,M1,1,0
1,-2,R-HSA-416482,G alpha (12/13) signalling events,M1,1,0
1,-2.2,R-HSA-2187338,Visual phototransduction,M1,1,0
1,-13,GO:0071621,granulocyte chemotaxis,M1,1,0
1,-3.7,GO:1903169,regulation of calcium ion transmembrane transport,M1,1,0
1,-2.6,GO:0045780,positive regulation of bone resorption,M1,1,0
1,-3.1,GO:0062149,detection of stimulus involved in sensory perception of pain,M1,1,0
1,-2,GO:0031032,actomyosin structure organization,M1,1,0
1,-2.3,hsa04920,Adipocytokine signaling pathway,M1,1,0
1,-2.4,M295,SIG PIP3 SIGNALING IN CARDIAC MYOCTES,M1,1,0
1,-3,GO:0097306,cellular response to alcohol,M1,1,0
1,-2.6,GO:0002705,positive regulation of leukocyte mediated immunity,M1,1,0
1,-4.1,R-HSA-166058,MyD88:MAL(TIRAP) cascade initiated on plasma membrane,M1,1,0
1,-2.6,GO:0060192,negative regulation of lipase activity,M1,1,0
1,-2.1,GO:0043114,regulation of vascular permeability,M1,1,0
1,-8,GO:0098609,cell-cell adhesion,M1,1,0
1,-2.2,GO:0007622,rhythmic behavior,M1,1,0
1,-4.9,GO:0055094,response to lipoprotein particle,M1,1,0
1,-2.4,GO:0045429,positive regulation of nitric oxide biosynthetic process,M1,1,0
1,-7.5,GO:0097435,supramolecular fiber organization,M1,1,0
1,-2,GO:0032692,negative regulation of interleukin-1 production,M1,1,0
1,-7.5,hsa04668,TNF signaling pathway,M1,1,0
1,-2.9,hsa05220,Chronic myeloid leukemia,M1,1,0
1,-13,GO:0006935,chemotaxis,M1,1,0
1,-2.1,WP2034,Leptin signaling pathway,M1,1,0
1,-2.1,GO:0016048,detection of temperature stimulus,M1,1,0
1,-2.4,GO:1903428,positive regulation of reactive oxygen species biosynthetic process,M1,1,0
1,-2.6,WP4522,"Metabolic pathway of LDL, HDL and TG, including diseases",M1,1,0
1,-4.5,M17200,SA B CELL RECEPTOR COMPLEXES,M1,1,0
1,-3.7,GO:2000501,regulation of natural killer cell chemotaxis,M1,1,0
1,-10,GO:0008015,blood circulation,M1,1,0
1,-3.4,WP127,IL-5 signaling pathway,M1,1,0
1,-2.9,GO:0048662,negative regulation of smooth muscle cell proliferation,M1,1,0
1,-2.3,hsa05215,Prostate cancer,M1,1,0
1,-3.7,WP4223,Ras signaling,M1,1,0
1,-2.2,R-HSA-975138,TRAF6 mediated induction of NFkB and MAP kinases upon TLR7/8 or 9 activation,M1,1,0
1,-3.5,GO:0050853,B cell receptor signaling pathway,M1,1,0
1,-6.4,GO:0002690,positive regulation of leukocyte chemotaxis,M1,1,0
1,-5.5,GO:0031669,cellular response to nutrient levels,M1,1,0
1,-3.5,hsa04960,Aldosterone-regulated sodium reabsorption,M1,1,0
