_MEMBER_MyList,_LogP_MyList,GO,Description,_PATTERN_,_RANK_,GiniIndex
1,-3.3,M5882,NABA PROTEOGLYCANS,M1,1,0
1,-2.8,GO:0010712,regulation of collagen metabolic process,M1,1,0
1,-3.6,GO:0048146,positive regulation of fibroblast proliferation,M1,1,0
1,-2.4,GO:0002040,sprouting angiogenesis,M1,1,0
1,-13,GO:0001568,blood vessel development,M1,1,0
1,-2.3,GO:0042044,fluid transport,M1,1,0
1,-3.6,GO:1901184,regulation of ERBB signaling pathway,M1,1,0
1,-2.6,GO:0003148,outflow tract septum morphogenesis,M1,1,0
1,-2.2,GO:0043535,regulation of blood vessel endothelial cell migration,M1,1,0
1,-2,R-HSA-2219530,Constitutive Signaling by Aberrant PI3K in Cancer,M1,1,0
1,-2.1,GO:0044264,cellular polysaccharide metabolic process,M1,1,0
1,-3.7,GO:0045598,regulation of fat cell differentiation,M1,1,0
1,-3.9,GO:2001239,regulation of extrinsic apoptotic signaling pathway in absence of ligand,M1,1,0
1,-4.1,GO:0003205,cardiac chamber development,M1,1,0
1,-3,GO:0032026,response to magnesium ion,M1,1,0
1,-4,GO:1902905,positive regulation of supramolecular fiber organization,M1,1,0
1,-5.4,GO:0010942,positive regulation of cell death,M1,1,0
1,-4.1,hsa04350,TGF-beta signaling pathway,M1,1,0
1,-2.9,GO:0046660,female sex differentiation,M1,1,0
1,-2.4,GO:2001056,positive regulation of cysteine-type endopeptidase activity,M1,1,0
1,-6.2,GO:0048667,cell morphogenesis involved in neuron differentiation,M1,1,0
1,-2.7,GO:0045932,negative regulation of muscle contraction,M1,1,0
1,-5.6,GO:0043068,positive regulation of programmed cell death,M1,1,0
1,-4.9,GO:0061035,regulation of cartilage development,M1,1,0
1,-2.6,GO:0055082,cellular chemical homeostasis,M1,1,0
1,-2.5,GO:0032412,regulation of monoatomic ion transmembrane transporter activity,M1,1,0
1,-6,M5883,NABA SECRETED FACTORS,M1,1,0
1,-2.1,GO:0044270,cellular nitrogen compound catabolic process,M1,1,0
1,-2.3,R-HSA-71387,Metabolism of carbohydrates,M1,1,0
1,-2.2,R-HSA-6811558,"PI5P, PP2A and IER3 Regulate PI3K/AKT Signaling",M1,1,0
1,-7.6,WP4808,Endochondral ossification with skeletal dysplasias,M1,1,0
1,-5.7,GO:0044057,regulation of system process,M1,1,0
1,-3.6,R-HSA-2404192,Signaling by Type 1 Insulin-like Growth Factor 1 Receptor (IGF1R),M1,1,0
1,-2.1,M65,PID FRA PATHWAY,M1,1,0
1,-6.7,GO:0048871,multicellular organismal homeostasis,M1,1,0
1,-3.2,GO:0010469,regulation of signaling receptor activity,M1,1,0
1,-3.3,GO:0045986,negative regulation of smooth muscle contraction,M1,1,0
1,-5,GO:0031344,regulation of cell projection organization,M1,1,0
1,-4.8,R-HSA-9006934,Signaling by Receptor Tyrosine Kinases,M1,1,0
1,-2.4,GO:1903670,regulation of sprouting angiogenesis,M1,1,0
1,-2.2,GO:0070873,regulation of glycogen metabolic process,M1,1,0
1,-3.6,GO:0043010,camera-type eye development,M1,1,0
1,-7.5,R-HSA-5173105,O-linked glycosylation,M1,1,0
1,-3,WP4148,Splicing factor NOVA regulated synaptic proteins,M1,1,0
1,-2.8,GO:0007264,small GTPase mediated signal transduction,M1,1,0
1,-2,GO:0032965,regulation of collagen biosynthetic process,M1,1,0
1,-3.2,GO:0032103,positive regulation of response to external stimulus,M1,1,0
1,-2.1,GO:0061900,glial cell activation,M1,1,0
1,-2.4,GO:0046545,development of primary female sexual characteristics,M1,1,0
1,-2.6,GO:0030516,regulation of axon extension,M1,1,0
1,-2.4,GO:0002690,positive regulation of leukocyte chemotaxis,M1,1,0
1,-9.3,GO:0070848,response to growth factor,M1,1,0
1,-5.3,GO:0030278,regulation of ossification,M1,1,0
1,-2.1,GO:0050863,regulation of T cell activation,M1,1,0
1,-3.8,GO:0001942,hair follicle development,M1,1,0
1,-3.1,GO:0048569,post-embryonic animal organ development,M1,1,0
1,-3.5,GO:0051897,positive regulation of protein kinase B signaling,M1,1,0
1,-3.9,GO:0003007,heart morphogenesis,M1,1,0
1,-7.8,GO:0032990,cell part morphogenesis,M1,1,0
1,-2.8,GO:0051090,regulation of DNA-binding transcription factor activity,M1,1,0
1,-2.1,GO:0033500,carbohydrate homeostasis,M1,1,0
1,-2.3,GO:0031334,positive regulation of protein-containing complex assembly,M1,1,0
1,-5,GO:0071560,cellular response to transforming growth factor beta stimulus,M1,1,0
1,-2.8,GO:2001044,regulation of integrin-mediated signaling pathway,M1,1,0
1,-2.7,GO:0061484,hematopoietic stem cell homeostasis,M1,1,0
1,-3.7,GO:0014745,negative regulation of muscle adaptation,M1,1,0
1,-2.1,WP4659,Gastrin signaling pathway,M1,1,0
1,-4.3,WP289,Myometrial relaxation and contraction pathways,M1,1,0
1,-2.4,GO:0035296,regulation of tube diameter,M1,1,0
1,-4.7,GO:0045926,negative regulation of growth,M1,1,0
1,-2.7,R-HSA-9006936,Signaling by TGFB family members,M1,1,0
1,-3.1,hsa04360,Axon guidance,M1,1,0
1,-4.6,GO:0030324,lung development,M1,1,0
1,-2.3,R-HSA-2219528,PI3K/AKT Signaling in Cancer,M1,1,0
1,-3.9,GO:1902532,negative regulation of intracellular signal transduction,M1,1,0
1,-2,GO:1903039,positive regulation of leukocyte cell-cell adhesion,M1,1,0
1,-4.2,GO:0061517,macrophage proliferation,M1,1,0
1,-2.2,R-HSA-6785807,Interleukin-4 and Interleukin-13 signaling,M1,1,0
1,-2.7,GO:0060562,epithelial tube morphogenesis,M1,1,0
1,-2.4,GO:0003012,muscle system process,M1,1,0
1,-3.4,GO:0071407,cellular response to organic cyclic compound,M1,1,0
1,-4.8,GO:0072009,nephron epithelium development,M1,1,0
1,-6.6,GO:0045765,regulation of angiogenesis,M1,1,0
1,-4.5,GO:0001936,regulation of endothelial cell proliferation,M1,1,0
1,-3.1,GO:0043255,regulation of carbohydrate biosynthetic process,M1,1,0
1,-2.3,WP2849,Hematopoietic stem cell differentiation,M1,1,0
1,-4.4,R-HSA-2129379,Molecules associated with elastic fibres,M1,1,0
1,-2.7,WP3612,Photodynamic therapy-induced NFE2L2 (NRF2) survival signaling,M1,1,0
1,-3.1,GO:0030858,positive regulation of epithelial cell differentiation,M1,1,0
1,-3,GO:0070085,glycosylation,M1,1,0
1,-3.7,GO:0002062,chondrocyte differentiation,M1,1,0
1,-2.1,GO:0014741,negative regulation of muscle hypertrophy,M1,1,0
1,-2.4,GO:0045428,regulation of nitric oxide biosynthetic process,M1,1,0
1,-6.6,GO:0007409,axonogenesis,M1,1,0
1,-2.6,GO:0003013,circulatory system process,M1,1,0
1,-2,GO:0010827,regulation of glucose transmembrane transport,M1,1,0
1,-4,GO:0060070,canonical Wnt signaling pathway,M1,1,0
1,-3.1,M5887,NABA BASEMENT MEMBRANES,M1,1,0
1,-2.7,GO:0002689,negative regulation of leukocyte chemotaxis,M1,1,0
1,-5.3,GO:2000146,negative regulation of cell motility,M1,1,0
1,-3.2,GO:0007158,neuron cell-cell adhesion,M1,1,0
1,-4,GO:0043627,response to estrogen,M1,1,0
1,-2.6,R-HSA-418346,Platelet homeostasis,M1,1,0
1,-3.4,GO:0043281,regulation of cysteine-type endopeptidase activity involved in apoptotic process,M1,1,0
1,-3.7,GO:0050708,regulation of protein secretion,M1,1,0
1,-2.2,GO:0090263,positive regulation of canonical Wnt signaling pathway,M1,1,0
1,-4.3,hsa04213,Longevity regulating pathway - multiple species,M1,1,0
1,-3.1,GO:0048771,tissue remodeling,M1,1,0
1,-2.4,R-HSA-4090294,SUMOylation of intracellular receptors,M1,1,0
1,-4.4,GO:1901343,negative regulation of vasculature development,M1,1,0
1,-2.1,GO:1901186,positive regulation of ERBB signaling pathway,M1,1,0
1,-2.3,GO:0002067,glandular epithelial cell differentiation,M1,1,0
1,-2.9,GO:0001502,cartilage condensation,M1,1,0
1,-2.3,GO:0050858,negative regulation of antigen receptor-mediated signaling pathway,M1,1,0
1,-2.5,GO:1904019,epithelial cell apoptotic process,M1,1,0
1,-3.1,GO:0034329,cell junction assembly,M1,1,0
1,-2.1,GO:0032350,regulation of hormone metabolic process,M1,1,0
1,-2.1,GO:0055001,muscle cell development,M1,1,0
1,-3.6,GO:0007176,regulation of epidermal growth factor-activated receptor activity,M1,1,0
1,-3.4,GO:0050878,regulation of body fluid levels,M1,1,0
1,-3.4,GO:0090257,regulation of muscle system process,M1,1,0
1,-2.1,GO:0003180,aortic valve morphogenesis,M1,1,0
1,-3.9,GO:0071260,cellular response to mechanical stimulus,M1,1,0
1,-3.9,WP3668,Hypothesized pathways in pathogenesis of cardiovascular disease,M1,1,0
1,-5.3,GO:0017015,regulation of transforming growth factor beta receptor signaling pathway,M1,1,0
1,-2.3,GO:0045667,regulation of osteoblast differentiation,M1,1,0
1,-4.8,GO:0050772,positive regulation of axonogenesis,M1,1,0
1,-2.9,WP716,Vitamin A and carotenoid metabolism,M1,1,0
1,-2.8,R-HSA-112316,Neuronal System,M1,1,0
1,-5.3,GO:0045766,positive regulation of angiogenesis,M1,1,0
1,-3.5,GO:0009214,cyclic nucleotide catabolic process,M1,1,0
1,-4.2,GO:0010721,negative regulation of cell development,M1,1,0
1,-2.6,GO:0030178,negative regulation of Wnt signaling pathway,M1,1,0
1,-2.4,GO:0045599,negative regulation of fat cell differentiation,M1,1,0
1,-3.6,GO:0035988,chondrocyte proliferation,M1,1,0
1,-3.2,GO:0000271,polysaccharide biosynthetic process,M1,1,0
1,-2,GO:0035113,embryonic appendage morphogenesis,M1,1,0
1,-3.8,GO:0097190,apoptotic signaling pathway,M1,1,0
1,-2.4,GO:0048009,insulin-like growth factor receptor signaling pathway,M1,1,0
1,-2.4,GO:0036075,replacement ossification,M1,1,0
1,-3.6,GO:0099177,regulation of trans-synaptic signaling,M1,1,0
1,-2.1,GO:0045742,positive regulation of epidermal growth factor receptor signaling pathway,M1,1,0
1,-2.3,WP465,Tryptophan metabolism,M1,1,0
1,-2.7,R-HSA-9006925,Intracellular signaling by second messengers,M1,1,0
1,-2.4,GO:1904062,regulation of monoatomic cation transmembrane transport,M1,1,0
1,-2.7,GO:0070372,regulation of ERK1 and ERK2 cascade,M1,1,0
1,-2.6,GO:0098771,inorganic ion homeostasis,M1,1,0
1,-2.1,M13,PID ERBB4 PATHWAY,M1,1,0
1,-4.1,hsa00230,Purine metabolism,M1,1,0
1,-2.4,GO:0060350,endochondral bone morphogenesis,M1,1,0
1,-2.2,R-HSA-397014,Muscle contraction,M1,1,0
1,-3.2,GO:0033692,cellular polysaccharide biosynthetic process,M1,1,0
1,-2.6,GO:0050829,defense response to Gram-negative bacterium,M1,1,0
1,-13,GO:0001822,kidney development,M1,1,0
1,-3.6,GO:0034605,cellular response to heat,M1,1,0
1,-2.2,GO:0009410,response to xenobiotic stimulus,M1,1,0
1,-2,GO:0050810,regulation of steroid biosynthetic process,M1,1,0
1,-3.7,R-HSA-373752,Netrin-1 signaling,M1,1,0
1,-3.5,GO:0030510,regulation of BMP signaling pathway,M1,1,0
1,-3.5,GO:0046883,regulation of hormone secretion,M1,1,0
1,-5.8,GO:0060560,developmental growth involved in morphogenesis,M1,1,0
1,-3.9,GO:0061061,muscle structure development,M1,1,0
1,-3.1,GO:0042481,regulation of odontogenesis,M1,1,0
1,-2.8,GO:0042445,hormone metabolic process,M1,1,0
1,-2.4,GO:0015012,heparan sulfate proteoglycan biosynthetic process,M1,1,0
1,-2.7,hsa04913,Ovarian steroidogenesis,M1,1,0
1,-2.3,GO:0048010,vascular endothelial growth factor receptor signaling pathway,M1,1,0
1,-4.9,GO:0048661,positive regulation of smooth muscle cell proliferation,M1,1,0
1,-4.4,GO:0030855,epithelial cell differentiation,M1,1,0
1,-4.3,GO:0050770,regulation of axonogenesis,M1,1,0
1,-2,GO:0060537,muscle tissue development,M1,1,0
1,-3.9,GO:0048251,elastic fiber assembly,M1,1,0
1,-3.6,GO:0016525,negative regulation of angiogenesis,M1,1,0
1,-4.7,GO:0048260,positive regulation of receptor-mediated endocytosis,M1,1,0
1,-2.2,GO:0031112,positive regulation of microtubule polymerization or depolymerization,M1,1,0
1,-3.8,GO:1903530,regulation of secretion by cell,M1,1,0
1,-5.6,GO:0198738,cell-cell signaling by wnt,M1,1,0
1,-2.3,GO:0120161,regulation of cold-induced thermogenesis,M1,1,0
1,-2.5,GO:0002063,chondrocyte development,M1,1,0
1,-5,GO:0061005,cell differentiation involved in kidney development,M1,1,0
1,-2.9,GO:0044089,positive regulation of cellular component biogenesis,M1,1,0
1,-2.1,GO:0001570,vasculogenesis,M1,1,0
1,-2.2,GO:0030104,water homeostasis,M1,1,0
1,-2.7,R-HSA-76002,"Platelet activation, signaling and aggregation",M1,1,0
1,-5,GO:0001934,positive regulation of protein phosphorylation,M1,1,0
1,-4.1,GO:0045807,positive regulation of endocytosis,M1,1,0
1,-2,GO:0005976,polysaccharide metabolic process,M1,1,0
1,-3.3,GO:0006753,nucleoside phosphate metabolic process,M1,1,0
1,-14,GO:0030198,extracellular matrix organization,M1,1,0
1,-4.1,GO:0007156,homophilic cell adhesion via plasma membrane adhesion molecules,M1,1,0
1,-2.9,R-HSA-199418,Negative regulation of the PI3K/AKT network,M1,1,0
1,-26,M3008,NABA ECM GLYCOPROTEINS,M1,1,0
1,-3.3,GO:0045927,positive regulation of growth,M1,1,0
1,-3.2,GO:0021537,telencephalon development,M1,1,0
1,-3,GO:1900046,regulation of hemostasis,M1,1,0
1,-4.6,WP5087,Malignant pleural mesothelioma,M1,1,0
1,-2.7,GO:0034284,response to monosaccharide,M1,1,0
1,-2.3,GO:0032946,positive regulation of mononuclear cell proliferation,M1,1,0
1,-2.3,GO:0007626,locomotory behavior,M1,1,0
1,-8.2,GO:0006935,chemotaxis,M1,1,0
1,-5.3,GO:1904018,positive regulation of vasculature development,M1,1,0
1,-3.1,GO:0009150,purine ribonucleotide metabolic process,M1,1,0
1,-6,GO:0040008,regulation of growth,M1,1,0
1,-3.9,GO:0048660,regulation of smooth muscle cell proliferation,M1,1,0
1,-4.2,R-HSA-1630316,Glycosaminoglycan metabolism,M1,1,0
1,-2.8,GO:1900047,negative regulation of hemostasis,M1,1,0
1,-2.7,WP2882,Nuclear receptors meta-pathway,M1,1,0
1,-2.3,GO:0060627,regulation of vesicle-mediated transport,M1,1,0
1,-3.7,R-HSA-388396,GPCR downstream signalling,M1,1,0
1,-5,GO:0050922,negative regulation of chemotaxis,M1,1,0
1,-8.3,R-HSA-1474244,Extracellular matrix organization,M1,1,0
1,-3.1,GO:0031290,retinal ganglion cell axon guidance,M1,1,0
1,-3.4,WP35,G protein signaling pathways,M1,1,0
1,-2.6,GO:0046683,response to organophosphorus,M1,1,0
1,-2.2,GO:1902742,apoptotic process involved in development,M1,1,0
1,-2,GO:0007568,aging,M1,1,0
1,-2.8,GO:0097305,response to alcohol,M1,1,0
1,-2.6,GO:0050927,positive regulation of positive chemotaxis,M1,1,0
1,-3.5,hsa04610,Complement and coagulation cascades,M1,1,0
1,-2.4,GO:0003179,heart valve morphogenesis,M1,1,0
1,-2,R-HSA-373760,L1CAM interactions,M1,1,0
1,-2.4,GO:0010594,regulation of endothelial cell migration,M1,1,0
1,-4.7,R-HSA-8957275,Post-translational protein phosphorylation,M1,1,0
1,-2,GO:0033574,response to testosterone,M1,1,0
1,-7.2,GO:1901342,regulation of vasculature development,M1,1,0
1,-4.1,R-HSA-392154,Nitric oxide stimulates guanylate cyclase,M1,1,0
1,-2.3,GO:0043254,regulation of protein-containing complex assembly,M1,1,0
1,-2.6,GO:2000027,regulation of animal organ morphogenesis,M1,1,0
1,-2.5,WP236,Adipogenesis,M1,1,0
1,-2.1,GO:0097237,cellular response to toxic substance,M1,1,0
1,-6,WP3932,Focal adhesion: PI3K-Akt-mTOR-signaling pathway,M1,1,0
1,-5.8,GO:0043065,positive regulation of apoptotic process,M1,1,0
1,-10,GO:0000902,cell morphogenesis,M1,1,0
1,-2.5,GO:0046890,regulation of lipid biosynthetic process,M1,1,0
1,-3.8,hsa00514,Other types of O-glycan biosynthesis,M1,1,0
1,-4.2,GO:0072112,podocyte differentiation,M1,1,0
1,-7.6,WP474,Endochondral ossification,M1,1,0
1,-2.1,M41,PID ER NONGENOMIC PATHWAY,M1,1,0
1,-2.2,GO:0045600,positive regulation of fat cell differentiation,M1,1,0
1,-2,GO:0030856,regulation of epithelial cell differentiation,M1,1,0
1,-2.2,GO:1901222,regulation of NIK/NF-kappaB signaling,M1,1,0
1,-2.6,GO:0002762,negative regulation of myeloid leukocyte differentiation,M1,1,0
1,-2,GO:1990138,neuron projection extension,M1,1,0
1,-5.6,GO:0016055,Wnt signaling pathway,M1,1,0
1,-9.9,GO:0071363,cellular response to growth factor stimulus,M1,1,0
1,-3.6,GO:0001666,response to hypoxia,M1,1,0
1,-4.1,WP3888,VEGFA-VEGFR2 signaling pathway,M1,1,0
1,-4.9,GO:0042698,ovulation cycle,M1,1,0
1,-3.7,GO:0048598,embryonic morphogenesis,M1,1,0
1,-4.8,GO:2001233,regulation of apoptotic signaling pathway,M1,1,0
1,-2.8,GO:0048259,regulation of receptor-mediated endocytosis,M1,1,0
1,-2.4,R-HSA-2022928,HS-GAG biosynthesis,M1,1,0
1,-5.7,GO:0051216,cartilage development,M1,1,0
1,-8.2,GO:0042330,taxis,M1,1,0
1,-5.4,GO:0048880,sensory system development,M1,1,0
1,-3.1,GO:0099173,postsynapse organization,M1,1,0
1,-2.2,GO:0045670,regulation of osteoclast differentiation,M1,1,0
1,-3.1,GO:0002694,regulation of leukocyte activation,M1,1,0
1,-2.7,hsa04022,cGMP-PKG signaling pathway,M1,1,0
1,-6.7,GO:0009187,cyclic nucleotide metabolic process,M1,1,0
1,-4,GO:0050865,regulation of cell activation,M1,1,0
1,-2.7,R-HSA-216083,Integrin cell surface interactions,M1,1,0
1,-4.6,GO:0032330,regulation of chondrocyte differentiation,M1,1,0
1,-4.2,GO:0061518,microglial cell proliferation,M1,1,0
1,-4.4,GO:0009743,response to carbohydrate,M1,1,0
1,-2.2,GO:1901099,negative regulation of signal transduction in absence of ligand,M1,1,0
1,-3.1,GO:0062197,cellular response to chemical stress,M1,1,0
1,-2.4,GO:0050807,regulation of synapse organization,M1,1,0
1,-4.3,GO:0050678,regulation of epithelial cell proliferation,M1,1,0
1,-4.1,GO:0048639,positive regulation of developmental growth,M1,1,0
1,-2.1,GO:0021761,limbic system development,M1,1,0
1,-3.3,GO:0042633,hair cycle,M1,1,0
1,-3.6,GO:0019933,cAMP-mediated signaling,M1,1,0
1,-4.1,GO:0051051,negative regulation of transport,M1,1,0
1,-3.2,GO:0045860,positive regulation of protein kinase activity,M1,1,0
1,-2.6,GO:0009266,response to temperature stimulus,M1,1,0
1,-3.7,GO:0030500,regulation of bone mineralization,M1,1,0
1,-2.8,GO:0048806,genitalia development,M1,1,0
1,-3.6,GO:0030308,negative regulation of cell growth,M1,1,0
1,-3.8,GO:0022602,ovulation cycle process,M1,1,0
1,-2.1,GO:0016486,peptide hormone processing,M1,1,0
1,-2.3,GO:0071773,cellular response to BMP stimulus,M1,1,0
1,-2.1,GO:0061138,morphogenesis of a branching epithelium,M1,1,0
1,-2.4,GO:0050728,negative regulation of inflammatory response,M1,1,0
1,-4.1,GO:0002683,negative regulation of immune system process,M1,1,0
1,-2.9,GO:0045834,positive regulation of lipid metabolic process,M1,1,0
1,-3.2,GO:0006486,protein glycosylation,M1,1,0
1,-2,GO:0043200,response to amino acid,M1,1,0
1,-4.7,GO:0007157,heterophilic cell-cell adhesion via plasma membrane cell adhesion molecules,M1,1,0
1,-2.7,GO:0034612,response to tumor necrosis factor,M1,1,0
1,-4.9,GO:0071559,response to transforming growth factor beta,M1,1,0
1,-2.2,WP536,Calcium regulation in cardiac cells,M1,1,0
1,-2.6,GO:0071320,cellular response to cAMP,M1,1,0
1,-2.2,WP3594,Circadian rhythm genes,M1,1,0
1,-4.4,GO:0007423,sensory organ development,M1,1,0
1,-2.7,GO:0060828,regulation of canonical Wnt signaling pathway,M1,1,0
1,-6.7,GO:0090287,regulation of cellular response to growth factor stimulus,M1,1,0
1,-3.3,GO:0051347,positive regulation of transferase activity,M1,1,0
1,-4.9,GO:2001237,negative regulation of extrinsic apoptotic signaling pathway,M1,1,0
1,-3.5,hsa04510,Focal adhesion,M1,1,0
1,-3.7,GO:0035107,appendage morphogenesis,M1,1,0
1,-3.4,GO:0014910,regulation of smooth muscle cell migration,M1,1,0
1,-2.3,GO:0070661,leukocyte proliferation,M1,1,0
1,-3.4,M108,PID NETRIN PATHWAY,M1,1,0
1,-3.2,GO:0090596,sensory organ morphogenesis,M1,1,0
1,-2.1,GO:0051092,positive regulation of NF-kappaB transcription factor activity,M1,1,0
1,-4,M53,PID INTEGRIN3 PATHWAY,M1,1,0
1,-3.9,GO:0008361,regulation of cell size,M1,1,0
1,-3.4,R-HSA-109582,Hemostasis,M1,1,0
1,-2.4,WP4816,TGF-beta receptor signaling in skeletal dysplasias,M1,1,0
1,-2,GO:0031960,response to corticosteroid,M1,1,0
1,-2,GO:0009636,response to toxic substance,M1,1,0
1,-8.8,GO:0001501,skeletal system development,M1,1,0
1,-8.1,GO:0032835,glomerulus development,M1,1,0
1,-3.4,GO:0019932,second-messenger-mediated signaling,M1,1,0
1,-2.2,GO:0051222,positive regulation of protein transport,M1,1,0
1,-3.6,GO:0006954,inflammatory response,M1,1,0
1,-3.4,GO:0010632,regulation of epithelial cell migration,M1,1,0
1,-2.5,GO:0045940,positive regulation of steroid metabolic process,M1,1,0
1,-2.6,R-HSA-2428928,IRS-related events triggered by IGF1R,M1,1,0
1,-2.7,GO:0050727,regulation of inflammatory response,M1,1,0
1,-2.6,GO:0051591,response to cAMP,M1,1,0
1,-3.2,GO:0097306,cellular response to alcohol,M1,1,0
1,-3.9,GO:0060411,cardiac septum morphogenesis,M1,1,0
1,-2.4,hsa04371,Apelin signaling pathway,M1,1,0
1,-2.4,GO:0022898,regulation of transmembrane transporter activity,M1,1,0
1,-2.7,hsa00534,Glycosaminoglycan biosynthesis - heparan sulfate / heparin,M1,1,0
1,-2.7,GO:0051146,striated muscle cell differentiation,M1,1,0
1,-2.3,WP4149,White fat cell differentiation,M1,1,0
1,-3.6,GO:0048545,response to steroid hormone,M1,1,0
1,-2.1,GO:0030866,cortical actin cytoskeleton organization,M1,1,0
1,-2.7,GO:0050819,negative regulation of coagulation,M1,1,0
1,-2.1,R-HSA-8864260,Transcriptional regulation by the AP-2 (TFAP2) family of transcription factors,M1,1,0
1,-3,GO:0072593,reactive oxygen species metabolic process,M1,1,0
1,-11,GO:0009725,response to hormone,M1,1,0
1,-5.5,GO:0001654,eye development,M1,1,0
1,-5.7,GO:0040007,growth,M1,1,0
1,-2,GO:0051091,positive regulation of DNA-binding transcription factor activity,M1,1,0
1,-2.6,R-HSA-6794362,Protein-protein interactions at synapses,M1,1,0
1,-2.1,GO:0045732,positive regulation of protein catabolic process,M1,1,0
1,-2.1,GO:0045669,positive regulation of osteoblast differentiation,M1,1,0
1,-2.8,GO:0034645,cellular macromolecule biosynthetic process,M1,1,0
1,-3.8,GO:0042058,regulation of epidermal growth factor receptor signaling pathway,M1,1,0
1,-5.7,GO:0048589,developmental growth,M1,1,0
1,-2.6,GO:1901361,organic cyclic compound catabolic process,M1,1,0
1,-3.5,WP2840,Hair follicle development: cytodifferentiation - part 3 of 3,M1,1,0
1,-2.4,GO:0046324,regulation of glucose import,M1,1,0
1,-2.6,GO:0043616,keratinocyte proliferation,M1,1,0
1,-2.1,GO:0051249,regulation of lymphocyte activation,M1,1,0
1,-3.5,WP306,Focal adhesion,M1,1,0
1,-2.2,GO:0048144,fibroblast proliferation,M1,1,0
1,-4.7,WP4172,PI3K-Akt signaling pathway,M1,1,0
1,-3.1,GO:0050731,positive regulation of peptidyl-tyrosine phosphorylation,M1,1,0
1,-14,GO:0043062,extracellular structure organization,M1,1,0
1,-2.3,GO:0071375,cellular response to peptide hormone stimulus,M1,1,0
1,-3.8,GO:0048736,appendage development,M1,1,0
1,-3.3,GO:0050730,regulation of peptidyl-tyrosine phosphorylation,M1,1,0
1,-3.2,GO:0030036,actin cytoskeleton organization,M1,1,0
1,-4.1,GO:0010035,response to inorganic substance,M1,1,0
1,-3.1,GO:0010631,epithelial cell migration,M1,1,0
1,-7,GO:0097485,neuron projection guidance,M1,1,0
1,-2.6,GO:0071496,cellular response to external stimulus,M1,1,0
1,-3.2,GO:0009408,response to heat,M1,1,0
1,-2,GO:0048568,embryonic organ development,M1,1,0
1,-13,GO:0040017,positive regulation of locomotion,M1,1,0
1,-8.1,WP4222,Phosphodiesterases in neuronal function,M1,1,0
1,-4,GO:0007610,behavior,M1,1,0
1,-3.2,GO:0007160,cell-matrix adhesion,M1,1,0
1,-2.7,GO:0006022,aminoglycan metabolic process,M1,1,0
1,-3.6,GO:0071622,regulation of granulocyte chemotaxis,M1,1,0
1,-4,R-HSA-1566948,Elastic fibre formation,M1,1,0
1,-2.4,GO:0030534,adult behavior,M1,1,0
1,-2.3,hsa04060,Cytokine-cytokine receptor interaction,M1,1,0
1,-2.6,GO:0070663,regulation of leukocyte proliferation,M1,1,0
1,-4.5,GO:0030282,bone mineralization,M1,1,0
1,-6,GO:0048729,tissue morphogenesis,M1,1,0
1,-5.7,GO:0072073,kidney epithelium development,M1,1,0
1,-2.6,GO:0042476,odontogenesis,M1,1,0
1,-2.7,GO:0030029,actin filament-based process,M1,1,0
1,-2.1,GO:0002696,positive regulation of leukocyte activation,M1,1,0
1,-2,GO:1903036,positive regulation of response to wounding,M1,1,0
1,-4.9,GO:0085029,extracellular matrix assembly,M1,1,0
1,-7.6,GO:0032989,cellular component morphogenesis,M1,1,0
1,-2.6,GO:0048762,mesenchymal cell differentiation,M1,1,0
1,-2.1,GO:0003281,ventricular septum development,M1,1,0
1,-2.5,GO:0010714,positive regulation of collagen metabolic process,M1,1,0
1,-2.4,GO:0030212,hyaluronan metabolic process,M1,1,0
1,-3.1,GO:0022612,gland morphogenesis,M1,1,0
1,-6,GO:0045596,negative regulation of cell differentiation,M1,1,0
1,-2.1,GO:0003018,vascular process in circulatory system,M1,1,0
1,-2.5,R-HSA-1236394,Signaling by ERBB4,M1,1,0
1,-4.1,GO:0060349,bone morphogenesis,M1,1,0
1,-2.5,GO:0030509,BMP signaling pathway,M1,1,0
1,-4,GO:0009991,response to extracellular stimulus,M1,1,0
1,-4.4,GO:0071345,cellular response to cytokine stimulus,M1,1,0
1,-2.9,GO:0030203,glycosaminoglycan metabolic process,M1,1,0
1,-2.6,GO:0050926,regulation of positive chemotaxis,M1,1,0
1,-2.6,R-HSA-2980736,Peptide hormone metabolism,M1,1,0
1,-3.3,GO:1903829,positive regulation of protein localization,M1,1,0
1,-4.4,GO:0050808,synapse organization,M1,1,0
1,-2.1,GO:0001953,negative regulation of cell-matrix adhesion,M1,1,0
1,-5.9,GO:0010817,regulation of hormone levels,M1,1,0
1,-2.8,GO:0006898,receptor-mediated endocytosis,M1,1,0
1,-3.9,GO:0031346,positive regulation of cell projection organization,M1,1,0
1,-3.2,GO:0043588,skin development,M1,1,0
1,-3.1,GO:0030512,negative regulation of transforming growth factor beta receptor signaling pathway,M1,1,0
1,-3,GO:1901655,cellular response to ketone,M1,1,0
1,-3.6,GO:0048638,regulation of developmental growth,M1,1,0
1,-2.3,R-HSA-913709,O-linked glycosylation of mucins,M1,1,0
1,-2.2,GO:0007416,synapse assembly,M1,1,0
1,-3.5,GO:0001656,metanephros development,M1,1,0
1,-2.4,GO:0050867,positive regulation of cell activation,M1,1,0
1,-2.4,GO:0008360,regulation of cell shape,M1,1,0
1,-3.8,GO:0051960,regulation of nervous system development,M1,1,0
1,-9.8,GO:0098609,cell-cell adhesion,M1,1,0
1,-28,M5884,NABA CORE MATRISOME,M1,1,0
1,-2.1,GO:0032409,regulation of transporter activity,M1,1,0
1,-2.7,GO:0048732,gland development,M1,1,0
1,-6,GO:0098742,cell-cell adhesion via plasma-membrane adhesion molecules,M1,1,0
1,-2.4,GO:0010962,regulation of glucan biosynthetic process,M1,1,0
1,-3,R-HSA-3560782,Diseases associated with glycosaminoglycan metabolism,M1,1,0
1,-4.3,GO:2001234,negative regulation of apoptotic signaling pathway,M1,1,0
1,-4.2,GO:0002688,regulation of leukocyte chemotaxis,M1,1,0
1,-5.3,GO:0007584,response to nutrient,M1,1,0
1,-7.5,GO:0050920,regulation of chemotaxis,M1,1,0
1,-2.1,GO:0003014,renal system process,M1,1,0
1,-2.1,GO:0140448,signaling receptor ligand precursor processing,M1,1,0
1,-5.2,WP2877,Vitamin D receptor pathway,M1,1,0
1,-3.7,GO:0033273,response to vitamin,M1,1,0
1,-4.3,GO:0051046,regulation of secretion,M1,1,0
1,-3.3,GO:0016051,carbohydrate biosynthetic process,M1,1,0
1,-4.2,GO:0007178,transmembrane receptor protein serine/threonine kinase signaling pathway,M1,1,0
1,-3.1,hsa04924,Renin secretion,M1,1,0
1,-4.2,GO:0071498,cellular response to fluid shear stress,M1,1,0
1,-9.7,GO:0048514,blood vessel morphogenesis,M1,1,0
1,-2.5,GO:0032967,positive regulation of collagen biosynthetic process,M1,1,0
1,-6.1,GO:0034330,cell junction organization,M1,1,0
1,-4.4,GO:0035850,epithelial cell differentiation involved in kidney development,M1,1,0
1,-2.1,GO:0060612,adipose tissue development,M1,1,0
1,-2.2,GO:1903531,negative regulation of secretion by cell,M1,1,0
1,-2.4,R-HSA-1474228,Degradation of the extracellular matrix,M1,1,0
1,-2.4,R-HSA-5669034,TNFs bind their physiological receptors,M1,1,0
1,-2.1,WP2828,Bladder cancer,M1,1,0
1,-5.5,hsa04015,Rap1 signaling pathway,M1,1,0
1,-2.8,GO:0030865,cortical cytoskeleton organization,M1,1,0
1,-2.6,GO:1903037,regulation of leukocyte cell-cell adhesion,M1,1,0
1,-2,WP4754,IL-18 signaling pathway,M1,1,0
1,-2.2,hsa05205,Proteoglycans in cancer,M1,1,0
1,-2.4,hsa04713,Circadian entrainment,M1,1,0
1,-2.8,GO:0098743,cell aggregation,M1,1,0
1,-2.1,GO:0043242,negative regulation of protein-containing complex disassembly,M1,1,0
1,-4.2,GO:0010811,positive regulation of cell-substrate adhesion,M1,1,0
1,-2,hsa05219,Bladder cancer,M1,1,0
1,-4.8,GO:0006897,endocytosis,M1,1,0
1,-4.3,hsa05032,Morphine addiction,M1,1,0
1,-4.5,GO:0043931,ossification involved in bone maturation,M1,1,0
1,-2.2,GO:0045648,positive regulation of erythrocyte differentiation,M1,1,0
1,-3,GO:0032526,response to retinoic acid,M1,1,0
1,-4,GO:0030900,forebrain development,M1,1,0
1,-6.1,GO:0010810,regulation of cell-substrate adhesion,M1,1,0
1,-2.7,GO:0071711,basement membrane organization,M1,1,0
1,-3.8,GO:0060173,limb development,M1,1,0
1,-2.2,GO:1902106,negative regulation of leukocyte differentiation,M1,1,0
1,-3.2,GO:1901137,carbohydrate derivative biosynthetic process,M1,1,0
1,-2.3,GO:0046888,negative regulation of hormone secretion,M1,1,0
1,-2.4,GO:0071356,cellular response to tumor necrosis factor,M1,1,0
1,-5.5,GO:1903053,regulation of extracellular matrix organization,M1,1,0
1,-3.8,GO:0051047,positive regulation of secretion,M1,1,0
1,-3.7,GO:0097191,extrinsic apoptotic signaling pathway,M1,1,0
1,-3.4,GO:1901652,response to peptide,M1,1,0
1,-5.1,GO:0002009,morphogenesis of an epithelium,M1,1,0
1,-2.2,WP3850,Factors and pathways affecting insulin-like growth factor (IGF1)-Akt signaling,M1,1,0
1,-2.9,GO:0009749,response to glucose,M1,1,0
1,-5,GO:0001667,ameboidal-type cell migration,M1,1,0
1,-2.4,GO:0035150,regulation of tube size,M1,1,0
1,-3.3,GO:0010649,regulation of cell communication by electrical coupling,M1,1,0
1,-4.7,GO:0060348,bone development,M1,1,0
1,-6.3,GO:0050919,negative chemotaxis,M1,1,0
1,-2.3,GO:0010812,negative regulation of cell-substrate adhesion,M1,1,0
1,-12,GO:2000147,positive regulation of cell motility,M1,1,0
1,-3.1,GO:0033194,response to hydroperoxide,M1,1,0
1,-2.5,R-HSA-1638091,Heparan sulfate/heparin (HS-GAG) metabolism,M1,1,0
1,-2.1,GO:0003170,heart valve development,M1,1,0
1,-2.7,GO:0061097,regulation of protein tyrosine kinase activity,M1,1,0
1,-2.1,GO:1904951,positive regulation of establishment of protein localization,M1,1,0
1,-2.3,GO:0019725,cellular homeostasis,M1,1,0
1,-2.9,WP516,Hypertrophy model,M1,1,0
1,-3,GO:0030111,regulation of Wnt signaling pathway,M1,1,0
1,-3.8,GO:0050679,positive regulation of epithelial cell proliferation,M1,1,0
1,-3,GO:0071625,vocalization behavior,M1,1,0
1,-2.7,GO:0045637,regulation of myeloid cell differentiation,M1,1,0
1,-4.5,GO:0032535,regulation of cellular component size,M1,1,0
1,-2.4,GO:0097746,blood vessel diameter maintenance,M1,1,0
1,-2.3,GO:0035966,response to topologically incorrect protein,M1,1,0
1,-4.1,GO:0072311,glomerular epithelial cell differentiation,M1,1,0
1,-2.8,GO:0019693,ribose phosphate metabolic process,M1,1,0
1,-4.2,GO:1905114,cell surface receptor signaling pathway involved in cell-cell signaling,M1,1,0
1,-3.7,GO:0035108,limb morphogenesis,M1,1,0
1,-2.1,GO:0060390,regulation of SMAD protein signal transduction,M1,1,0
1,-4.8,R-HSA-3000178,ECM proteoglycans,M1,1,0
1,-2.4,GO:0060603,mammary gland duct morphogenesis,M1,1,0
1,-11,GO:0008283,cell population proliferation,M1,1,0
1,-2.9,GO:0032881,regulation of polysaccharide metabolic process,M1,1,0
1,-2.1,GO:0042593,glucose homeostasis,M1,1,0
1,-5.1,GO:0120035,regulation of plasma membrane bounded cell projection organization,M1,1,0
1,-2.9,GO:0060443,mammary gland morphogenesis,M1,1,0
1,-2.9,GO:0045859,regulation of protein kinase activity,M1,1,0
1,-2.4,WP2884,NRF2 pathway,M1,1,0
1,-2.2,GO:2001240,negative regulation of extrinsic apoptotic signaling pathway in absence of ligand,M1,1,0
1,-2.5,GO:0060249,anatomical structure homeostasis,M1,1,0
1,-2.5,WP2795,Cardiac hypertrophic response,M1,1,0
1,-2.8,GO:0006956,complement activation,M1,1,0
1,-2.4,GO:0048738,cardiac muscle tissue development,M1,1,0
1,-3.9,GO:0061387,regulation of extent of cell growth,M1,1,0
1,-2.4,GO:0001958,endochondral ossification,M1,1,0
1,-3.2,hsa00512,Mucin type O-glycan biosynthesis,M1,1,0
1,-2.3,GO:0071347,cellular response to interleukin-1,M1,1,0
1,-3.3,GO:0009117,nucleotide metabolic process,M1,1,0
1,-3.2,M18,PID INTEGRIN1 PATHWAY,M1,1,0
1,-2.8,GO:0051131,chaperone-mediated protein complex assembly,M1,1,0
1,-3.7,GO:0048588,developmental cell growth,M1,1,0
1,-4.9,GO:0050673,epithelial cell proliferation,M1,1,0
1,-2.4,GO:0045638,negative regulation of myeloid cell differentiation,M1,1,0
1,-8.5,GO:0001525,angiogenesis,M1,1,0
1,-2.3,R-HSA-421270,Cell-cell junction organization,M1,1,0
1,-2.3,WP5113,Antiviral and anti-inflammatory effects of Nrf2 on SARS-CoV-2 pathway,M1,1,0
1,-3.2,GO:0010634,positive regulation of epithelial cell migration,M1,1,0
1,-4.3,WP2431,Spinal cord injury,M1,1,0
1,-2.1,R-HSA-111997,CaM pathway,M1,1,0
1,-6.9,R-HSA-5173214,O-glycosylation of TSR domain-containing proteins,M1,1,0
1,-3.6,GO:0001938,positive regulation of endothelial cell proliferation,M1,1,0
1,-2,GO:0062012,regulation of small molecule metabolic process,M1,1,0
1,-2.6,R-HSA-2428924,IGF1R signaling cascade,M1,1,0
1,-2.4,GO:0050803,regulation of synapse structure or activity,M1,1,0
1,-2.8,GO:0014911,positive regulation of smooth muscle cell migration,M1,1,0
1,-7.9,GO:0040011,locomotion,M1,1,0
1,-2.1,GO:0014743,regulation of muscle hypertrophy,M1,1,0
1,-6.8,GO:0052652,cyclic purine nucleotide metabolic process,M1,1,0
1,-2.4,hsa01522,Endocrine resistance,M1,1,0
1,-4.1,GO:1901654,response to ketone,M1,1,0
1,-3.4,GO:0001952,regulation of cell-matrix adhesion,M1,1,0
1,-6.5,GO:0000904,cell morphogenesis involved in differentiation,M1,1,0
1,-3.4,GO:0034762,regulation of transmembrane transport,M1,1,0
1,-2.1,GO:0010876,lipid localization,M1,1,0
1,-2.2,GO:0048048,embryonic eye morphogenesis,M1,1,0
1,-4.3,GO:0009101,glycoprotein biosynthetic process,M1,1,0
1,-3.5,GO:0002686,negative regulation of leukocyte migration,M1,1,0
1,-2.6,GO:0070201,regulation of establishment of protein localization,M1,1,0
1,-4.2,GO:0032332,positive regulation of chondrocyte differentiation,M1,1,0
1,-2.3,GO:0062013,positive regulation of small molecule metabolic process,M1,1,0
1,-9.9,GO:0030335,positive regulation of cell migration,M1,1,0
1,-4,GO:0007420,brain development,M1,1,0
1,-4,GO:0070167,regulation of biomineral tissue development,M1,1,0
1,-5.8,GO:0072006,nephron development,M1,1,0
1,-3.7,GO:0042487,regulation of odontogenesis of dentin-containing tooth,M1,1,0
1,-3.8,GO:0034599,cellular response to oxidative stress,M1,1,0
1,-2.6,GO:0048593,camera-type eye morphogenesis,M1,1,0
1,-2.1,GO:0031623,receptor internalization,M1,1,0
1,-3.2,GO:0090030,regulation of steroid hormone biosynthetic process,M1,1,0
1,-7,GO:0007411,axon guidance,M1,1,0
1,-2.5,GO:0014033,neural crest cell differentiation,M1,1,0
1,-3.5,GO:0060485,mesenchyme development,M1,1,0
1,-2.6,GO:0046885,regulation of hormone biosynthetic process,M1,1,0
1,-2.4,hsa04933,AGE-RAGE signaling pathway in diabetic complications,M1,1,0
1,-2.4,GO:0051495,positive regulation of cytoskeleton organization,M1,1,0
1,-3.6,GO:0050804,modulation of chemical synaptic transmission,M1,1,0
1,-2.4,GO:0002064,epithelial cell development,M1,1,0
1,-2.4,GO:0036294,cellular response to decreased oxygen levels,M1,1,0
1,-2.6,GO:0046889,positive regulation of lipid biosynthetic process,M1,1,0
1,-3.3,GO:1901888,regulation of cell junction assembly,M1,1,0
1,-4.3,R-HSA-418555,G alpha (s) signalling events,M1,1,0
1,-2.1,GO:1902229,regulation of intrinsic apoptotic signaling pathway in response to DNA damage,M1,1,0
1,-4.3,GO:0031667,response to nutrient levels,M1,1,0
1,-2.5,GO:0008585,female gonad development,M1,1,0
1,-2.7,GO:0070665,positive regulation of leukocyte proliferation,M1,1,0
1,-2.7,GO:0048872,homeostasis of number of cells,M1,1,0
1,-3.7,GO:0032836,glomerular basement membrane development,M1,1,0
1,-2.8,GO:1901699,cellular response to nitrogen compound,M1,1,0
1,-2.4,GO:0019439,aromatic compound catabolic process,M1,1,0
1,-3.9,GO:0006163,purine nucleotide metabolic process,M1,1,0
1,-2.9,GO:0007389,pattern specification process,M1,1,0
1,-3.3,GO:0042303,molting cycle,M1,1,0
1,-2.5,GO:0042060,wound healing,M1,1,0
1,-2.8,hsa04514,Cell adhesion molecules,M1,1,0
1,-2.7,GO:0034637,cellular carbohydrate biosynthetic process,M1,1,0
1,-3.1,GO:0090132,epithelium migration,M1,1,0
1,-2.7,GO:0045444,fat cell differentiation,M1,1,0
1,-3.7,GO:0051896,regulation of protein kinase B signaling,M1,1,0
1,-3.9,GO:0043567,regulation of insulin-like growth factor receptor signaling pathway,M1,1,0
1,-2.7,hsa05200,Pathways in cancer,M1,1,0
1,-5.3,GO:1903844,regulation of cellular response to transforming growth factor beta stimulus,M1,1,0
1,-2.8,GO:0043408,regulation of MAPK cascade,M1,1,0
1,-3.4,hsa04512,ECM-receptor interaction,M1,1,0
1,-3.5,GO:1903532,positive regulation of secretion by cell,M1,1,0
1,-5,GO:0097435,supramolecular fiber organization,M1,1,0
1,-2.6,GO:0001819,positive regulation of cytokine production,M1,1,0
1,-3.1,WP2858,Ectoderm differentiation,M1,1,0
1,-5.1,GO:0010975,regulation of neuron projection development,M1,1,0
1,-3.2,GO:0043413,macromolecule glycosylation,M1,1,0
1,-13,GO:0072001,renal system development,M1,1,0
1,-2.4,GO:1904705,regulation of vascular associated smooth muscle cell proliferation,M1,1,0
1,-3.2,GO:0071396,cellular response to lipid,M1,1,0
1,-3.4,GO:0003206,cardiac chamber morphogenesis,M1,1,0
1,-5.4,GO:0010762,regulation of fibroblast migration,M1,1,0
1,-4.1,GO:1904037,positive regulation of epithelial cell apoptotic process,M1,1,0
1,-2.7,GO:0030307,positive regulation of cell growth,M1,1,0
1,-2.2,GO:0009952,anterior/posterior pattern specification,M1,1,0
1,-6.9,GO:0046058,cAMP metabolic process,M1,1,0
1,-5.2,GO:0014009,glial cell proliferation,M1,1,0
1,-5.2,GO:0048705,skeletal system morphogenesis,M1,1,0
1,-2.6,GO:1903034,regulation of response to wounding,M1,1,0
1,-4,GO:0009611,response to wounding,M1,1,0
1,-3.7,GO:0016049,cell growth,M1,1,0
1,-3.1,GO:0031214,biomineral tissue development,M1,1,0
1,-4.2,GO:0070977,bone maturation,M1,1,0
1,-2.4,GO:0050769,positive regulation of neurogenesis,M1,1,0
1,-3.2,R-HSA-418457,cGMP effects,M1,1,0
1,-3.7,GO:0008544,epidermis development,M1,1,0
1,-3.3,GO:1904036,negative regulation of epithelial cell apoptotic process,M1,1,0
1,-10,M5885,NABA MATRISOME ASSOCIATED,M1,1,0
1,-2.6,R-HSA-422475,Axon guidance,M1,1,0
1,-4.1,GO:0022407,regulation of cell-cell adhesion,M1,1,0
1,-2.3,GO:0060393,regulation of pathway-restricted SMAD protein phosphorylation,M1,1,0
1,-7.6,GO:0048812,neuron projection morphogenesis,M1,1,0
1,-3,GO:0043542,endothelial cell migration,M1,1,0
1,-2.2,GO:0045862,positive regulation of proteolysis,M1,1,0
1,-2.3,GO:0061458,reproductive system development,M1,1,0
1,-12,GO:0035239,tube morphogenesis,M1,1,0
1,-2.4,GO:0050891,multicellular organismal water homeostasis,M1,1,0
1,-5,GO:0070482,response to oxygen levels,M1,1,0
1,-2.3,GO:0080164,regulation of nitric oxide metabolic process,M1,1,0
1,-2.4,GO:0046887,positive regulation of hormone secretion,M1,1,0
1,-3.1,GO:0043549,regulation of kinase activity,M1,1,0
1,-2.9,GO:0034763,negative regulation of transmembrane transport,M1,1,0
1,-5.3,GO:0030323,respiratory tube development,M1,1,0
1,-3.6,R-HSA-372790,Signaling by GPCR,M1,1,0
1,-3.6,GO:0022405,hair cycle process,M1,1,0
1,-6.9,R-HSA-5083635,Defective B3GALTL causes PpS,M1,1,0
1,-2.8,GO:0051223,regulation of protein transport,M1,1,0
1,-3.2,GO:0032885,regulation of polysaccharide biosynthetic process,M1,1,0
1,-2.9,GO:0009746,response to hexose,M1,1,0
1,-4,GO:0030100,regulation of endocytosis,M1,1,0
1,-8,GO:0001503,ossification,M1,1,0
1,-4,R-HSA-76005,Response to elevated platelet cytosolic Ca2+,M1,1,0
1,-4.6,GO:0051129,negative regulation of cellular component organization,M1,1,0
1,-3.8,GO:0021700,developmental maturation,M1,1,0
1,-2.8,GO:0071417,cellular response to organonitrogen compound,M1,1,0
1,-3.6,GO:0072521,purine-containing compound metabolic process,M1,1,0
1,-3.1,GO:0071634,regulation of transforming growth factor beta production,M1,1,0
1,-2.2,GO:0048730,epidermis morphogenesis,M1,1,0
1,-2.8,GO:0071453,cellular response to oxygen levels,M1,1,0
1,-2.8,GO:0008015,blood circulation,M1,1,0
1,-4.8,GO:0042327,positive regulation of phosphorylation,M1,1,0
1,-3,GO:0051962,positive regulation of nervous system development,M1,1,0
1,-2.3,GO:0071383,cellular response to steroid hormone stimulus,M1,1,0
1,-6.7,GO:0040013,negative regulation of locomotion,M1,1,0
1,-4.3,M3468,NABA ECM REGULATORS,M1,1,0
1,-2.5,GO:0019934,cGMP-mediated signaling,M1,1,0
1,-3.8,GO:0003279,cardiac septum development,M1,1,0
1,-6,R-HSA-381426,Regulation of Insulin-like Growth Factor (IGF) transport and uptake by Insulin-like Growth Factor Binding Proteins (IGFBPs),M1,1,0
1,-5.1,hsa04151,PI3K-Akt signaling pathway,M1,1,0
1,-4.6,GO:0050921,positive regulation of chemotaxis,M1,1,0
1,-2.1,GO:1903707,negative regulation of hemopoiesis,M1,1,0
1,-2.6,GO:0048145,regulation of fibroblast proliferation,M1,1,0
1,-2.8,GO:0051147,regulation of muscle cell differentiation,M1,1,0
1,-3.7,GO:0048511,rhythmic process,M1,1,0
1,-2.2,GO:0030193,regulation of blood coagulation,M1,1,0
1,-5.1,GO:2001236,regulation of extrinsic apoptotic signaling pathway,M1,1,0
1,-2.4,GO:0030166,proteoglycan biosynthetic process,M1,1,0
1,-3.1,GO:0050767,regulation of neurogenesis,M1,1,0
1,-2.5,GO:0007548,sex differentiation,M1,1,0
1,-5.8,GO:0019935,cyclic-nucleotide-mediated signaling,M1,1,0
1,-2.4,GO:0001649,osteoblast differentiation,M1,1,0
1,-4.7,GO:0098773,skin epidermis development,M1,1,0
1,-3,GO:0010761,fibroblast migration,M1,1,0
1,-2.1,GO:0050796,regulation of insulin secretion,M1,1,0
1,-12,GO:0001944,vasculature development,M1,1,0
1,-4.8,GO:0030336,negative regulation of cell migration,M1,1,0
1,-2.1,GO:0002456,T cell mediated immunity,M1,1,0
1,-4.9,GO:0001558,regulation of cell growth,M1,1,0
1,-2.1,WP5218,Extrafollicular and follicular B cell activation by SARS-CoV-2,M1,1,0
1,-4.2,GO:0061318,renal filtration cell differentiation,M1,1,0
1,-4.1,R-HSA-114608,Platelet degranulation,M1,1,0
1,-2.4,hsa05414,Dilated cardiomyopathy,M1,1,0
1,-3.2,GO:0006024,glycosaminoglycan biosynthetic process,M1,1,0
1,-2.6,GO:0050860,negative regulation of T cell receptor signaling pathway,M1,1,0
1,-2.2,GO:0070301,cellular response to hydrogen peroxide,M1,1,0
1,-3.6,GO:0033674,positive regulation of kinase activity,M1,1,0
1,-2.8,GO:2000241,regulation of reproductive process,M1,1,0
1,-2.8,R-HSA-9675108,Nervous system development,M1,1,0
1,-2.5,GO:0071456,cellular response to hypoxia,M1,1,0
1,-7.3,WP408,Oxidative stress response,M1,1,0
1,-2.5,GO:0001101,response to acid chemical,M1,1,0
1,-6.9,GO:0061448,connective tissue development,M1,1,0
1,-7.3,GO:0007507,heart development,M1,1,0
1,-3.2,GO:0043434,response to peptide hormone,M1,1,0
1,-2.9,GO:0009259,ribonucleotide metabolic process,M1,1,0
1,-2.1,GO:1902105,regulation of leukocyte differentiation,M1,1,0
1,-5.2,GO:0048799,animal organ maturation,M1,1,0
1,-2.8,GO:0051963,regulation of synapse assembly,M1,1,0
1,-5.5,GO:0150063,visual system development,M1,1,0
1,-3.2,GO:0006493,protein O-linked glycosylation,M1,1,0
1,-2.7,GO:2000353,positive regulation of endothelial cell apoptotic process,M1,1,0
1,-3,GO:2000116,regulation of cysteine-type endopeptidase activity,M1,1,0
1,-3.1,GO:0042692,muscle cell differentiation,M1,1,0
1,-2.9,hsa04010,MAPK signaling pathway,M1,1,0
1,-9.3,GO:0008285,negative regulation of cell population proliferation,M1,1,0
1,-2,GO:0030326,embryonic limb morphogenesis,M1,1,0
1,-4.3,GO:0006979,response to oxidative stress,M1,1,0
1,-2.8,GO:0042063,gliogenesis,M1,1,0
1,-3.3,GO:0071695,anatomical structure maturation,M1,1,0
1,-2.5,R-HSA-6794361,Neurexins and neuroligins,M1,1,0
1,-2.2,GO:0045773,positive regulation of axon extension,M1,1,0
1,-3.6,GO:0048592,eye morphogenesis,M1,1,0
1,-2,R-HSA-9009391,Extra-nuclear estrogen signaling,M1,1,0
1,-2.1,WP481,Insulin signaling,M1,1,0
1,-2.1,GO:0035136,forelimb morphogenesis,M1,1,0
1,-3.9,GO:0072010,glomerular epithelium development,M1,1,0
1,-2.7,GO:0045778,positive regulation of ossification,M1,1,0
1,-2.1,R-HSA-111933,Calmodulin induced events,M1,1,0
1,-3.1,GO:1990823,response to leukemia inhibitory factor,M1,1,0
1,-3.4,GO:2000351,regulation of endothelial cell apoptotic process,M1,1,0
1,-2.1,GO:0043406,positive regulation of MAP kinase activity,M1,1,0
1,-4.6,GO:0010763,positive regulation of fibroblast migration,M1,1,0
1,-2.7,GO:0043280,positive regulation of cysteine-type endopeptidase activity involved in apoptotic process,M1,1,0
1,-2.1,GO:0046700,heterocycle catabolic process,M1,1,0
1,-3.4,R-HSA-1251985,Nuclear signaling by ERBB4,M1,1,0
1,-2.4,GO:0031589,cell-substrate adhesion,M1,1,0
1,-3.4,GO:0030199,collagen fibril organization,M1,1,0
1,-8,GO:0031175,neuron projection development,M1,1,0
1,-2.9,GO:0050818,regulation of coagulation,M1,1,0
1,-7.5,GO:0120039,plasma membrane bounded cell projection morphogenesis,M1,1,0
1,-2.2,GO:0002065,columnar/cuboidal epithelial cell differentiation,M1,1,0
1,-3,GO:0042542,response to hydrogen peroxide,M1,1,0
1,-14,GO:0045229,external encapsulating structure organization,M1,1,0
1,-2,GO:0046903,secretion,M1,1,0
1,-2.1,GO:0031347,regulation of defense response,M1,1,0
1,-2.2,GO:0051961,negative regulation of nervous system development,M1,1,0
1,-3.8,GO:0002685,regulation of leukocyte migration,M1,1,0
1,-2.1,GO:0043410,positive regulation of MAPK cascade,M1,1,0
1,-2.6,GO:0010720,positive regulation of cell development,M1,1,0
1,-2.1,GO:0043536,positive regulation of blood vessel endothelial cell migration,M1,1,0
1,-2,GO:1901223,negative regulation of NIK/NF-kappaB signaling,M1,1,0
1,-4.8,R-HSA-5668914,Diseases of metabolism,M1,1,0
1,-3.9,R-HSA-428542,Regulation of commissural axon pathfinding by SLIT and ROBO,M1,1,0
1,-2.1,R-HSA-111996,Ca-dependent events,M1,1,0
1,-9,GO:0007167,enzyme-linked receptor protein signaling pathway,M1,1,0
1,-2.4,GO:0048608,reproductive structure development,M1,1,0
1,-2.7,GO:2001026,regulation of endothelial cell chemotaxis,M1,1,0
1,-3.6,GO:0055086,nucleobase-containing small molecule metabolic process,M1,1,0
1,-3.1,GO:0090083,regulation of inclusion body assembly,M1,1,0
1,-4,GO:0006198,cAMP catabolic process,M1,1,0
1,-3,GO:0050714,positive regulation of protein secretion,M1,1,0
1,-2.3,GO:0071772,response to BMP,M1,1,0
1,-2.1,GO:0051345,positive regulation of hydrolase activity,M1,1,0
1,-3.3,GO:0034405,response to fluid shear stress,M1,1,0
1,-6.6,GO:1904035,regulation of epithelial cell apoptotic process,M1,1,0
1,-6.6,GO:0061564,axon development,M1,1,0
1,-7.4,GO:0048858,cell projection morphogenesis,M1,1,0
1,-5.1,R-HSA-3906995,Diseases associated with O-glycosylation of proteins,M1,1,0
1,-3.6,GO:0022404,molting cycle process,M1,1,0
1,-2.3,hsa05202,Transcriptional misregulation in cancer,M1,1,0
1,-6.4,R-HSA-3781865,Diseases of glycosylation,M1,1,0
1,-2.4,GO:0005979,regulation of glycogen biosynthetic process,M1,1,0
1,-2.9,GO:0090130,tissue migration,M1,1,0
1,-2.5,GO:0001894,tissue homeostasis,M1,1,0
1,-2.4,GO:0014074,response to purine-containing compound,M1,1,0
1,-10,GO:0090092,regulation of transmembrane receptor protein serine/threonine kinase signaling pathway,M1,1,0
1,-3.1,GO:0006023,aminoglycan biosynthetic process,M1,1,0
1,-4.5,WP5055,Burn wound healing,M1,1,0
1,-3.3,hsa04730,Long-term depression,M1,1,0
1,-3.1,GO:0033627,cell adhesion mediated by integrin,M1,1,0
1,-4.6,M212,PID INTEGRIN5 PATHWAY,M1,1,0
1,-3,GO:0014706,striated muscle tissue development,M1,1,0
1,-2,GO:0002252,immune effector process,M1,1,0
1,-5.1,GO:0007162,negative regulation of cell adhesion,M1,1,0
1,-3.4,WP558,Complement and coagulation cascades,M1,1,0
1,-2.3,GO:0031116,positive regulation of microtubule polymerization,M1,1,0
1,-3.5,GO:2000243,positive regulation of reproductive process,M1,1,0
1,-2.4,GO:0003002,regionalization,M1,1,0
1,-6.9,GO:0032870,cellular response to hormone stimulus,M1,1,0
1,-2.2,GO:0090022,regulation of neutrophil chemotaxis,M1,1,0
1,-2.7,GO:0032355,response to estradiol,M1,1,0
1,-2.3,GO:0045671,negative regulation of osteoclast differentiation,M1,1,0
1,-4.9,GO:0001818,negative regulation of cytokine production,M1,1,0
1,-4.7,GO:0009612,response to mechanical stimulus,M1,1,0
1,-4.6,GO:0061036,positive regulation of cartilage development,M1,1,0
1,-6.4,GO:0090066,regulation of anatomical structure size,M1,1,0
1,-2.1,GO:0014066,regulation of phosphatidylinositol 3-kinase signaling,M1,1,0
1,-4.8,GO:0090101,negative regulation of transmembrane receptor protein serine/threonine kinase signaling pathway,M1,1,0
1,-2.7,GO:1901653,cellular response to peptide,M1,1,0
1,-5.5,GO:0007169,transmembrane receptor protein tyrosine kinase signaling pathway,M1,1,0
1,-4.7,GO:0045785,positive regulation of cell adhesion,M1,1,0
1,-3.1,GO:1902903,regulation of supramolecular fiber organization,M1,1,0
1,-2.6,R-HSA-1500931,Cell-Cell communication,M1,1,0
1,-2.4,GO:1902230,negative regulation of intrinsic apoptotic signaling pathway in response to DNA damage,M1,1,0
1,-2.2,GO:0022408,negative regulation of cell-cell adhesion,M1,1,0
1,-2.3,GO:1903706,regulation of hemopoiesis,M1,1,0
1,-2.6,GO:1903510,mucopolysaccharide metabolic process,M1,1,0
1,-4.1,GO:0036293,response to decreased oxygen levels,M1,1,0
1,-4.6,GO:0032102,negative regulation of response to external stimulus,M1,1,0
1,-5.6,GO:0060541,respiratory system development,M1,1,0
1,-3.9,GO:0008038,neuron recognition,M1,1,0
1,-4,GO:0009100,glycoprotein metabolic process,M1,1,0
1,-2.5,GO:0052548,regulation of endopeptidase activity,M1,1,0
1,-2.9,M160,PID AVB3 INTEGRIN PATHWAY,M1,1,0
1,-2,GO:0035051,cardiocyte differentiation,M1,1,0
1,-2.3,GO:1990830,cellular response to leukemia inhibitory factor,M1,1,0
1,-3.6,GO:2000181,negative regulation of blood vessel morphogenesis,M1,1,0
