_MEMBER_MyList,_LogP_MyList,GO,Description,_PATTERN_,_RANK_,CHILD_GO_MyList
1,-13.739026332068594,GO:0009987,cellular process,M1,1,GO:0030198 extracellular matrix organization
1,-13.441792421364433,GO:0032502,developmental process,M1,1,GO:0072001 renal system development
1,-12.821300918753751,GO:0040011,locomotion,M1,1,GO:0040017 positive regulation of locomotion
1,-10.600121131509324,GO:0050896,response to stimulus,M1,1,GO:0009725 response to hormone
1,-9.962339302205102,GO:0023052,signaling,M1,1,GO:0090092 regulation of transmembrane receptor protein serine/threonine kinase signaling pathway
1,-9.279031262849731,GO:0048519,negative regulation of biological process,M1,1,GO:0008285 negative regulation of cell population proliferation
1,-8.01338854688484,GO:0032501,multicellular organismal process,M1,1,GO:0001503 ossification
1,-6.913872921115293,GO:0008152,metabolic process,M1,1,GO:0046058 cAMP metabolic process
1,-6.7223767472073535,GO:0042592,homeostatic process,M1,1,GO:0048871 multicellular organismal homeostasis
1,-6.554856888885748,GO:0050789,regulation of biological process,M1,1,GO:1904035 regulation of epithelial cell apoptotic process
1,-6.38047116707379,GO:0065007,biological regulation,M1,1,GO:0090066 regulation of anatomical structure size
1,-5.957672800398742,GO:0040007,growth,M1,1,GO:0040008 regulation of growth
1,-5.80578396873332,GO:0048518,positive regulation of biological process,M1,1,GO:0043065 positive regulation of apoptotic process
1,-4.921240863927369,GO:0048511,rhythmic process,M1,1,GO:0042698 ovulation cycle
1,-4.80483166681752,GO:0051179,localization,M1,1,GO:0006897 endocytosis
1,-4.099546822396542,GO:0002376,immune system process,M1,1,GO:0002683 negative regulation of immune system process
1,-3.463232898438033,GO:0022414,reproductive process,M1,1,GO:2000243 positive regulation of reproductive process
1,-2.5936887824830417,GO:0044419,biological process involved in interspecies interaction between organisms,M1,1,GO:0050829 defense response to Gram-negative bacterium
