_MEMBER_MyList,_LogP_MyList,GO,Description,_PATTERN_,_RANK_,CHILD_GO_MyList
1,-31.10801707045099,GO:0032502,developmental process,M1,1,GO:0035239 tube morphogenesis
1,-23.125028326660555,GO:0040011,locomotion,M1,1,GO:0030335 positive regulation of cell migration
1,-21.18512149318872,GO:0008152,metabolic process,M1,1,GO:0006468 protein phosphorylation
1,-20.51163268484519,GO:0009987,cellular process,M1,1,GO:0030198 extracellular matrix organization
1,-20.175194099204965,GO:0023052,signaling,M1,1,GO:0007167 enzyme-linked receptor protein signaling pathway
1,-19.60314850162871,GO:0050789,regulation of biological process,M1,1,GO:0120035 regulation of plasma membrane bounded cell projection organization
1,-17.630257939185633,GO:0050896,response to stimulus,M1,1,GO:0009725 response to hormone
1,-17.53947071175991,GO:0048518,positive regulation of biological process,M1,1,GO:0042327 positive regulation of phosphorylation
1,-15.131599602123227,GO:0032501,multicellular organismal process,M1,1,GO:0001503 ossification
1,-12.675755559890625,GO:0065007,biological regulation,M1,1,GO:0051347 positive regulation of transferase activity
1,-11.180128516638048,GO:0040007,growth,M1,1,GO:0048589 developmental growth
1,-10.974760224995908,GO:0048519,negative regulation of biological process,M1,1,GO:0008285 negative regulation of cell population proliferation
1,-10.396544392854741,GO:0002376,immune system process,M1,1,GO:1903706 regulation of hemopoiesis
1,-10.39606794643811,GO:0048511,rhythmic process,M1,1,GO:0048511 rhythmic process
1,-9.84910466060915,GO:0044419,biological process involved in interspecies interaction between organisms,M1,1,GO:0009615 response to virus
1,-7.720233130697359,GO:0051179,localization,M1,1,GO:0006892 post-Golgi vesicle-mediated transport
1,-6.751263547590513,GO:0042592,homeostatic process,M1,1,GO:0048871 multicellular organismal homeostasis
1,-6.072704751925841,GO:0016032,viral process,M1,1,GO:0045071 negative regulation of viral genome replication
1,-5.979304113067777,GO:0022414,reproductive process,M1,1,GO:0048608 reproductive structure development
1,-3.4285112251689616,GO:0043473,pigmentation,M1,1,GO:0043473 pigmentation
