Category,CategoryID,GO,Description,PARENT_GO,LogP,Enrichment,Z-score,#TotalGeneInLibrary,#GeneInGO,#GeneInHitList,#GeneInGOAndHitList,%InGO,STDV %InGO,GeneID,Hits,Log(q-value),GeneList
GO Biological Processes,19,GO:0098916,anterograde trans-synaptic signaling,19_GO:0023052 signaling,-9.7,5.1,8.8,30182,411,330,23,7,1.4,785|1837|2561|2893|2898|2899|3269|3355|3357|4885|5071|5582|6857|8224|9228|9501|9873|9899|27115|27345|56853|79608|93664,CACNB4|DTNA|GABRB2|GRIA4|GRIK2|GRIK3|HRH1|HTR1F|HTR2B|NPTX2|PRKN|PRKCG|SYT1|SYN3|DLGAP2|RPH3AL|FCHSD2|SV2B|PDE7B|KCNMB4|CELF4|RIC3|CADPS2,-5.6,MyList
GO Biological Processes,19,GO:0007268,chemical synaptic transmission,19_GO:0023052 signaling,-9.7,5.1,8.8,30182,411,330,23,7,1.4,785|1837|2561|2893|2898|2899|3269|3355|3357|4885|5071|5582|6857|8224|9228|9501|9873|9899|27115|27345|56853|79608|93664,CACNB4|DTNA|GABRB2|GRIA4|GRIK2|GRIK3|HRH1|HTR1F|HTR2B|NPTX2|PRKN|PRKCG|SYT1|SYN3|DLGAP2|RPH3AL|FCHSD2|SV2B|PDE7B|KCNMB4|CELF4|RIC3|CADPS2,-5.6,MyList
GO Biological Processes,19,GO:0099536,synaptic signaling,19_GO:0023052 signaling,-9.5,4.8,8.6,30182,457,330,24,7.3,1.4,785|1756|1837|2561|2893|2898|2899|3269|3355|3357|4885|5071|5582|6857|8224|9228|9501|9873|9899|27115|27345|56853|79608|93664,CACNB4|DMD|DTNA|GABRB2|GRIA4|GRIK2|GRIK3|HRH1|HTR1F|HTR2B|NPTX2|PRKN|PRKCG|SYT1|SYN3|DLGAP2|RPH3AL|FCHSD2|SV2B|PDE7B|KCNMB4|CELF4|RIC3|CADPS2,-5.6,MyList
GO Biological Processes,19,GO:0099537,trans-synaptic signaling,19_GO:0023052 signaling,-9.3,4.9,8.6,30182,428,330,23,7,1.4,785|1837|2561|2893|2898|2899|3269|3355|3357|4885|5071|5582|6857|8224|9228|9501|9873|9899|27115|27345|56853|79608|93664,CACNB4|DTNA|GABRB2|GRIA4|GRIK2|GRIK3|HRH1|HTR1F|HTR2B|NPTX2|PRKN|PRKCG|SYT1|SYN3|DLGAP2|RPH3AL|FCHSD2|SV2B|PDE7B|KCNMB4|CELF4|RIC3|CADPS2,-5.6,MyList
GO Biological Processes,19,GO:0006897,endocytosis,19_GO:0051179 localization,-7.2,4.3,7.2,30182,425,330,20,6.1,1.3,433|948|3092|3357|4041|4360|5168|6453|6857|7037|8685|9873|10203|10216|10462|30835|54874|85439|283316|286046,ASGR2|CD36|HIP1|HTR2B|LRP5|MRC1|ENPP2|ITSN1|SYT1|TFRC|MARCO|FCHSD2|CALCRL|PRG4|CLEC10A|CD209|FNBP1L|STON2|CD163L1|XKR6,-3.6,MyList
GO Biological Processes,19,GO:0050804,modulation of chemical synaptic transmission,19_GO:0023052 signaling,-6.9,3.9,6.9,30182,487,330,21,6.4,1.3,785|2893|2898|2899|3092|3269|4885|5071|5334|5582|6347|6857|8224|9228|9627|9899|27345|55784|56729|56853|57689,CACNB4|GRIA4|GRIK2|GRIK3|HIP1|HRH1|NPTX2|PRKN|PLCL1|PRKCG|CCL2|SYT1|SYN3|DLGAP2|SNCAIP|SV2B|KCNMB4|MCTP2|RETN|CELF4|LRRC4C,-3.4,MyList
GO Biological Processes,19,GO:0099177,regulation of trans-synaptic signaling,19_GO:0023052 signaling,-6.9,3.9,6.9,30182,488,330,21,6.4,1.3,785|2893|2898|2899|3092|3269|4885|5071|5334|5582|6347|6857|8224|9228|9627|9899|27345|55784|56729|56853|57689,CACNB4|GRIA4|GRIK2|GRIK3|HIP1|HRH1|NPTX2|PRKN|PLCL1|PRKCG|CCL2|SYT1|SYN3|DLGAP2|SNCAIP|SV2B|KCNMB4|MCTP2|RETN|CELF4|LRRC4C,-3.4,MyList
GO Biological Processes,19,GO:0022407,regulation of cell-cell adhesion,19_GO:0050789 regulation of biological process,-6.9,3.9,6.8,30182,491,330,21,6.4,1.3,1378|2309|2650|3479|3559|3574|5588|6347|6387|7037|7525|8613|8876|9223|9314|30835|57162|57669|80380|339390|340533,CR1|FOXO3|GCNT1|IGF1|IL2RA|IL7|PRKCQ|CCL2|CXCL12|TFRC|YES1|PLPP3|VNN1|MAGI1|KLF4|CD209|PELI1|EPB41L5|PDCD1LG2|CLEC4G|NEXMIF,-3.4,MyList
GO Biological Processes,19,GO:0055080,monoatomic cation homeostasis,19_GO:0042592 homeostatic process,-6.8,3.9,6.8,30182,495,330,21,6.4,1.3,785|2835|2898|3357|4756|5071|5166|6261|6355|6357|6358|6387|6546|7037|8326|9365|9899|30061|54757|55647|285195,CACNB4|GPR12|GRIK2|HTR2B|NEO1|PRKN|PDK4|RYR1|CCL8|CCL13|CCL14|CXCL12|SLC8A1|TFRC|FZD9|KL|SV2B|SLC40A1|FAM20A|RAB20|SLC9A9,-3.4,MyList
GO Biological Processes,19,GO:0055074,calcium ion homeostasis,19_GO:0042592 homeostatic process,-6.7,5.7,7.4,30182,225,330,14,4.2,1.1,785|2835|2898|3357|6261|6355|6357|6358|6387|6546|8326|9365|9899|54757,CACNB4|GPR12|GRIK2|HTR2B|RYR1|CCL8|CCL13|CCL14|CXCL12|SLC8A1|FZD9|KL|SV2B|FAM20A,-3.3,MyList
GO Biological Processes,19,GO:0050801,monoatomic ion homeostasis,19_GO:0042592 homeostatic process,-6.6,3.8,6.7,30182,507,330,21,6.4,1.3,785|2835|2898|3357|4756|5071|5166|6261|6355|6357|6358|6387|6546|7037|8326|9365|9899|30061|54757|55647|285195,CACNB4|GPR12|GRIK2|HTR2B|NEO1|PRKN|PDK4|RYR1|CCL8|CCL13|CCL14|CXCL12|SLC8A1|TFRC|FZD9|KL|SV2B|SLC40A1|FAM20A|RAB20|SLC9A9,-3.3,MyList
Canonical Pathways,11,M5885,NABA MATRISOME ASSOCIATED,,-6.5,3.2,6.3,30182,751,330,26,7.9,1.5,710|1075|1509|1896|2162|2258|3479|3574|4325|5276|5362|5654|6347|6355|6357|6358|6362|6387|10462|27151|30835|51162|54757|56034|57556|339390,SERPING1|CTSC|CTSD|EDA|F13A1|FGF13|IGF1|IL7|MMP16|SERPINI2|PLXNA2|HTRA1|CCL2|CCL8|CCL13|CCL14|CCL18|CXCL12|CLEC10A|CPAMD8|CD209|EGFL7|FAM20A|PDGFC|SEMA6A|CLEC4G,-3.3,MyList
GO Biological Processes,19,GO:0048245,eosinophil chemotaxis,19_GO:0040011 locomotion,-6.4,20,11,30182,27,330,6,1.8,0.74,3269|6347|6355|6357|6358|6362,HRH1|CCL2|CCL8|CCL13|CCL14|CCL18,-3.2,MyList
GO Biological Processes,19,GO:0045785,positive regulation of cell adhesion,19_GO:0048518 positive regulation of biological process,-6.4,3.8,6.5,30182,482,330,20,6.1,1.3,948|1378|2309|2650|3479|3559|3574|5588|6347|6387|7037|7168|7525|8613|8876|9223|30835|57669|80380|342184,CD36|CR1|FOXO3|GCNT1|IGF1|IL2RA|IL7|PRKCQ|CCL2|CXCL12|TFRC|TPM1|YES1|PLPP3|VNN1|MAGI1|CD209|EPB41L5|PDCD1LG2|FMN1,-3.1,MyList
GO Biological Processes,19,GO:0072677,eosinophil migration,19_GO:0002376 immune system process,-6.3,20,10,30182,28,330,6,1.8,0.74,3269|6347|6355|6357|6358|6362,HRH1|CCL2|CCL8|CCL13|CCL14|CCL18,-3.1,MyList
GO Biological Processes,19,GO:0055065,metal ion homeostasis,19_GO:0042592 homeostatic process,-6.1,4,6.5,30182,410,330,18,5.5,1.3,785|2835|2898|3357|4756|5071|6261|6355|6357|6358|6387|6546|7037|8326|9365|9899|30061|54757,CACNB4|GPR12|GRIK2|HTR2B|NEO1|PRKN|RYR1|CCL8|CCL13|CCL14|CXCL12|SLC8A1|TFRC|FZD9|KL|SV2B|SLC40A1|FAM20A,-3,MyList
GO Biological Processes,19,GO:1903037,regulation of leukocyte cell-cell adhesion,19_GO:0050789 regulation of biological process,-6,4.1,6.4,30182,378,330,17,5.2,1.2,1378|2309|2650|3479|3559|3574|5588|6347|6387|7037|7525|8876|9314|30835|57162|80380|339390,CR1|FOXO3|GCNT1|IGF1|IL2RA|IL7|PRKCQ|CCL2|CXCL12|TFRC|YES1|VNN1|KLF4|CD209|PELI1|PDCD1LG2|CLEC4G,-2.8,MyList
GO Biological Processes,19,GO:0098771,inorganic ion homeostasis,19_GO:0042592 homeostatic process,-5.8,3.8,6.2,30182,433,330,18,5.5,1.3,785|2835|2898|3357|4756|5071|6261|6355|6357|6358|6387|6546|7037|8326|9365|9899|30061|54757,CACNB4|GPR12|GRIK2|HTR2B|NEO1|PRKN|RYR1|CCL8|CCL13|CCL14|CXCL12|SLC8A1|TFRC|FZD9|KL|SV2B|SLC40A1|FAM20A,-2.7,MyList
GO Biological Processes,19,GO:0006874,cellular calcium ion homeostasis,19_GO:0042592 homeostatic process,-5.7,5.5,6.7,30182,199,330,12,3.6,1,785|2835|2898|3357|6261|6355|6357|6358|6387|6546|8326|9899,CACNB4|GPR12|GRIK2|HTR2B|RYR1|CCL8|CCL13|CCL14|CXCL12|SLC8A1|FZD9|SV2B,-2.6,MyList
GO Biological Processes,19,GO:0022409,positive regulation of cell-cell adhesion,19_GO:0048518 positive regulation of biological process,-5.5,4.3,6.2,30182,321,330,15,4.5,1.1,1378|2309|2650|3479|3559|3574|5588|6347|7037|7525|8613|8876|9223|30835|80380,CR1|FOXO3|GCNT1|IGF1|IL2RA|IL7|PRKCQ|CCL2|TFRC|YES1|PLPP3|VNN1|MAGI1|CD209|PDCD1LG2,-2.5,MyList
GO Biological Processes,19,GO:0046928,regulation of neurotransmitter secretion,19_GO:0051179 localization,-5.5,8.9,7.6,30182,82,330,8,2.4,0.85,785|5071|5582|6857|9627|9899|27345|55784,CACNB4|PRKN|PRKCG|SYT1|SNCAIP|SV2B|KCNMB4|MCTP2,-2.5,MyList
GO Biological Processes,19,GO:0019725,cellular homeostasis,19_GO:0042592 homeostatic process,-5.4,3.1,5.7,30182,652,330,22,6.7,1.4,785|1756|2835|2898|3357|3480|5071|6261|6347|6355|6357|6358|6387|6434|6546|7037|8326|9215|9899|30061|55647|285195,CACNB4|DMD|GPR12|GRIK2|HTR2B|IGF1R|PRKN|RYR1|CCL2|CCL8|CCL13|CCL14|CXCL12|TRA2B|SLC8A1|TFRC|FZD9|LARGE1|SV2B|SLC40A1|RAB20|SLC9A9,-2.4,MyList
GO Biological Processes,19,GO:0001505,regulation of neurotransmitter levels,19_GO:0065007 biological regulation,-5.4,5.3,6.5,30182,209,330,12,3.6,1,785|5071|5582|6857|8224|9501|9627|9899|27345|55784|93664|116843,CACNB4|PRKN|PRKCG|SYT1|SYN3|RPH3AL|SNCAIP|SV2B|KCNMB4|MCTP2|CADPS2|SLC18B1,-2.4,MyList
GO Biological Processes,19,GO:0050863,regulation of T cell activation,19_GO:0002376 immune system process,-5.3,3.9,5.9,30182,377,330,16,4.8,1.2,1378|2309|3479|3559|3574|3662|4004|5588|6347|7037|7525|8876|30835|57162|80380|339390,CR1|FOXO3|IGF1|IL2RA|IL7|IRF4|LMO1|PRKCQ|CCL2|TFRC|YES1|VNN1|CD209|PELI1|PDCD1LG2|CLEC4G,-2.3,MyList
GO Biological Processes,19,GO:0042391,regulation of membrane potential,19_GO:0065007 biological regulation,-5.2,3.6,5.7,30182,433,330,17,5.2,1.2,88|785|948|1756|2258|2561|2893|2898|2899|5071|6335|6546|8326|9472|9630|27345|56853,ACTN2|CACNB4|CD36|DMD|FGF13|GABRB2|GRIA4|GRIK2|GRIK3|PRKN|SCN9A|SLC8A1|FZD9|AKAP6|GNA14|KCNMB4|CELF4,-2.2,MyList
GO Biological Processes,19,GO:0070374,positive regulation of ERK1 and ERK2 cascade,19_GO:0023052 signaling,-5.2,4.9,6.2,30182,222,330,12,3.6,1,799|948|3357|3479|6347|6355|6357|6358|6362|8685|23779|56034,CALCR|CD36|HTR2B|IGF1|CCL2|CCL8|CCL13|CCL14|CCL18|MARCO|ARHGAP8|PDGFC,-2.2,MyList
GO Biological Processes,19,GO:0007409,axonogenesis,19_GO:0032502 developmental process,-5.1,4,5.8,30182,347,330,15,4.5,1.1,2115|3480|3925|4756|5362|5588|6387|9638|26053|27255|57453|57556|57731|139065|494470,ETV1|IGF1R|STMN1|NEO1|PLXNA2|PRKCQ|CXCL12|FEZ1|AUTS2|CNTN6|DSCAML1|SEMA6A|SPTBN4|SLITRK4|RNF165,-2.2,MyList
GO Biological Processes,19,GO:0071417,cellular response to organonitrogen compound,19_GO:0050896 response to stimulus,-5.1,3.1,5.5,30182,586,330,20,6.1,1.3,88|948|1545|2561|3269|3355|3357|3479|3480|5071|5166|6261|6470|6546|8412|8503|9472|9630|9734|56034,ACTN2|CD36|CYP1B1|GABRB2|HRH1|HTR1F|HTR2B|IGF1|IGF1R|PRKN|PDK4|RYR1|SHMT1|SLC8A1|BCAR3|PIK3R3|AKAP6|GNA14|HDAC9|PDGFC,-2.2,MyList
GO Biological Processes,19,GO:0030003,cellular monoatomic cation homeostasis,19_GO:0042592 homeostatic process,-5,3.6,5.6,30182,403,330,16,4.8,1.2,785|2835|2898|3357|6261|6355|6357|6358|6387|6546|7037|8326|9899|30061|55647|285195,CACNB4|GPR12|GRIK2|HTR2B|RYR1|CCL8|CCL13|CCL14|CXCL12|SLC8A1|TFRC|FZD9|SV2B|SLC40A1|RAB20|SLC9A9,-2.1,MyList
GO Biological Processes,19,GO:1903039,positive regulation of leukocyte cell-cell adhesion,19_GO:0048518 positive regulation of biological process,-5,4.4,5.9,30182,273,330,13,3.9,1.1,1378|2309|2650|3479|3559|3574|5588|6347|7037|7525|8876|30835|80380,CR1|FOXO3|GCNT1|IGF1|IL2RA|IL7|PRKCQ|CCL2|TFRC|YES1|VNN1|CD209|PDCD1LG2,-2.1,MyList
GO Biological Processes,19,GO:0070372,regulation of ERK1 and ERK2 cascade,19_GO:0023052 signaling,-4.9,4.1,5.7,30182,315,330,14,4.2,1.1,799|948|3357|3479|6347|6355|6357|6358|6362|8685|23779|56034|57556|161742,CALCR|CD36|HTR2B|IGF1|CCL2|CCL8|CCL13|CCL14|CCL18|MARCO|ARHGAP8|PDGFC|SEMA6A|SPRED1,-2.1,MyList
GO Biological Processes,19,GO:0006935,chemotaxis,19_GO:0040011 locomotion,-4.9,3.3,5.4,30182,500,330,18,5.5,1.3,2115|3269|4756|5168|5362|5588|6347|6355|6357|6358|6362|6387|9638|27255|57449|57453|57556|494470,ETV1|HRH1|NEO1|ENPP2|PLXNA2|PRKCQ|CCL2|CCL8|CCL13|CCL14|CCL18|CXCL12|FEZ1|CNTN6|PLEKHG5|DSCAML1|SEMA6A|RNF165,-2.1,MyList
GO Biological Processes,19,GO:0006898,receptor-mediated endocytosis,19_GO:0051179 localization,-4.9,5.7,6.3,30182,161,330,10,3,0.94,948|3357|4360|6453|7037|8685|9873|10203|54874|85439,CD36|HTR2B|MRC1|ITSN1|TFRC|MARCO|FCHSD2|CALCRL|FNBP1L|STON2,-2.1,MyList
GO Biological Processes,19,GO:0042330,taxis,19_GO:0040011 locomotion,-4.9,3.3,5.4,30182,502,330,18,5.5,1.3,2115|3269|4756|5168|5362|5588|6347|6355|6357|6358|6362|6387|9638|27255|57449|57453|57556|494470,ETV1|HRH1|NEO1|ENPP2|PLXNA2|PRKCQ|CCL2|CCL8|CCL13|CCL14|CCL18|CXCL12|FEZ1|CNTN6|PLEKHG5|DSCAML1|SEMA6A|RNF165,-2.1,MyList
GO Biological Processes,19,GO:0051588,regulation of neurotransmitter transport,19_GO:0051179 localization,-4.9,7.4,6.7,30182,99,330,8,2.4,0.85,785|5071|5582|6857|9627|9899|27345|55784,CACNB4|PRKN|PRKCG|SYT1|SNCAIP|SV2B|KCNMB4|MCTP2,-2.1,MyList
GO Biological Processes,19,GO:0006875,cellular metal ion homeostasis,19_GO:0042592 homeostatic process,-4.8,4,5.6,30182,322,330,14,4.2,1.1,785|2835|2898|3357|6261|6355|6357|6358|6387|6546|7037|8326|9899|30061,CACNB4|GPR12|GRIK2|HTR2B|RYR1|CCL8|CCL13|CCL14|CXCL12|SLC8A1|TFRC|FZD9|SV2B|SLC40A1,-2.1,MyList
GO Biological Processes,19,GO:0006873,cellular monoatomic ion homeostasis,19_GO:0042592 homeostatic process,-4.8,3.6,5.5,30182,412,330,16,4.8,1.2,785|2835|2898|3357|6261|6355|6357|6358|6387|6546|7037|8326|9899|30061|55647|285195,CACNB4|GPR12|GRIK2|HTR2B|RYR1|CCL8|CCL13|CCL14|CXCL12|SLC8A1|TFRC|FZD9|SV2B|SLC40A1|RAB20|SLC9A9,-2.1,MyList
GO Biological Processes,19,GO:0099505,regulation of presynaptic membrane potential,19_GO:0065007 biological regulation,-4.8,15,8.2,30182,30,330,5,1.5,0.67,2561|2893|2898|2899|27345,GABRB2|GRIA4|GRIK2|GRIK3|KCNMB4,-2,MyList
GO Biological Processes,19,GO:0040011,locomotion,19_GO:0040011 locomotion,-4.7,3.2,5.2,30182,520,330,18,5.5,1.3,2115|3269|4756|5168|5362|5588|6347|6355|6357|6358|6362|6387|9638|27255|57449|57453|57556|494470,ETV1|HRH1|NEO1|ENPP2|PLXNA2|PRKCQ|CCL2|CCL8|CCL13|CCL14|CCL18|CXCL12|FEZ1|CNTN6|PLEKHG5|DSCAML1|SEMA6A|RNF165,-1.9,MyList
GO Biological Processes,19,GO:0002696,positive regulation of leukocyte activation,19_GO:0002376 immune system process,-4.7,3.6,5.4,30182,377,330,15,4.5,1.1,1075|1378|2309|3479|3559|3574|5588|6347|7037|7525|8876|30835|57162|80380|85480,CTSC|CR1|FOXO3|IGF1|IL2RA|IL7|PRKCQ|CCL2|TFRC|YES1|VNN1|CD209|PELI1|PDCD1LG2|TSLP,-1.9,MyList
GO Biological Processes,19,GO:0050870,positive regulation of T cell activation,19_GO:0002376 immune system process,-4.7,4.4,5.7,30182,249,330,12,3.6,1,1378|2309|3479|3559|3574|5588|6347|7037|7525|8876|30835|80380,CR1|FOXO3|IGF1|IL2RA|IL7|PRKCQ|CCL2|TFRC|YES1|VNN1|CD209|PDCD1LG2,-1.9,MyList
GO Biological Processes,19,GO:0019935,cyclic-nucleotide-mediated signaling,19_GO:0023052 signaling,-4.6,10,7.1,30182,54,330,6,1.8,0.74,948|3357|5152|9472|27115|57211,CD36|HTR2B|PDE9A|AKAP6|PDE7B|ADGRG6,-1.8,MyList
GO Biological Processes,19,GO:0061564,axon development,19_GO:0032502 developmental process,-4.5,3.5,5.3,30182,388,330,15,4.5,1.1,2115|3480|3925|4756|5362|5588|6387|9638|26053|27255|57453|57556|57731|139065|494470,ETV1|IGF1R|STMN1|NEO1|PLXNA2|PRKCQ|CXCL12|FEZ1|AUTS2|CNTN6|DSCAML1|SEMA6A|SPTBN4|SLITRK4|RNF165,-1.8,MyList
GO Biological Processes,19,GO:0043408,regulation of MAPK cascade,19_GO:0023052 signaling,-4.5,2.8,4.9,30182,695,330,21,6.4,1.3,799|948|3357|3479|3480|3487|5071|6347|6355|6357|6358|6362|8412|8685|9365|23779|56034|57161|57556|92235|161742,CALCR|CD36|HTR2B|IGF1|IGF1R|IGFBP4|PRKN|CCL2|CCL8|CCL13|CCL14|CCL18|BCAR3|MARCO|KL|ARHGAP8|PDGFC|PELI2|SEMA6A|STYXL2|SPRED1,-1.8,MyList
GO Biological Processes,19,GO:1901699,cellular response to nitrogen compound,19_GO:0050896 response to stimulus,-4.5,2.8,5,30182,643,330,20,6.1,1.3,88|948|1545|2561|3269|3355|3357|3479|3480|5071|5166|6261|6470|6546|8412|8503|9472|9630|9734|56034,ACTN2|CD36|CYP1B1|GABRB2|HRH1|HTR1F|HTR2B|IGF1|IGF1R|PRKN|PDK4|RYR1|SHMT1|SLC8A1|BCAR3|PIK3R3|AKAP6|GNA14|HDAC9|PDGFC,-1.8,MyList
GO Biological Processes,19,GO:0050867,positive regulation of cell activation,19_GO:0048518 positive regulation of biological process,-4.5,3.5,5.2,30182,394,330,15,4.5,1.1,1075|1378|2309|3479|3559|3574|5588|6347|7037|7525|8876|30835|57162|80380|85480,CTSC|CR1|FOXO3|IGF1|IL2RA|IL7|PRKCQ|CCL2|TFRC|YES1|VNN1|CD209|PELI1|PDCD1LG2|TSLP,-1.8,MyList
GO Biological Processes,19,GO:0042129,regulation of T cell proliferation,19_GO:0002376 immune system process,-4.4,5,5.7,30182,183,330,10,3,0.94,1378|3479|3559|4004|5588|7037|30835|57162|80380|339390,CR1|IGF1|IL2RA|LMO1|PRKCQ|TFRC|CD209|PELI1|PDCD1LG2|CLEC4G,-1.8,MyList
GO Biological Processes,19,GO:0003013,circulatory system process,19_GO:0032501 multicellular organismal process,-4.4,3.1,5,30182,495,330,17,5.2,1.2,710|948|1756|3269|3357|4041|6387|6546|7037|7168|7273|7525|9365|10396|27345|83943|89797,SERPING1|CD36|DMD|HRH1|HTR2B|LRP5|CXCL12|SLC8A1|TFRC|TPM1|TTN|YES1|KL|ATP8A1|KCNMB4|IMMP2L|NAV2,-1.8,MyList
GO Biological Processes,19,GO:0043410,positive regulation of MAPK cascade,19_GO:0023052 signaling,-4.4,3.1,5,30182,495,330,17,5.2,1.2,799|948|3357|3479|3480|3487|6347|6355|6357|6358|6362|8412|8685|9365|23779|56034|57161,CALCR|CD36|HTR2B|IGF1|IGF1R|IGFBP4|CCL2|CCL8|CCL13|CCL14|CCL18|BCAR3|MARCO|KL|ARHGAP8|PDGFC|PELI2,-1.8,MyList
GO Biological Processes,19,GO:0055082,cellular chemical homeostasis,19_GO:0042592 homeostatic process,-4.4,3,5,30182,546,330,18,5.5,1.3,785|2835|2898|3357|3480|6261|6355|6357|6358|6387|6434|6546|7037|8326|9899|30061|55647|285195,CACNB4|GPR12|GRIK2|HTR2B|IGF1R|RYR1|CCL8|CCL13|CCL14|CXCL12|TRA2B|SLC8A1|TFRC|FZD9|SV2B|SLC40A1|RAB20|SLC9A9,-1.8,MyList
WikiPathways,27,WP4806,EGFR tyrosine kinase inhibitor resistance,,-4.4,7.6,6.4,30182,84,330,7,2.1,0.79,2309|3479|3480|5582|8503|22800|56034,FOXO3|IGF1|IGF1R|PRKCG|PIK3R3|RRAS2|PDGFC,-1.8,MyList
GO Biological Processes,19,GO:0007610,behavior,19_GO:0032501 multicellular organismal process,-4.3,2.9,4.9,30182,607,330,19,5.8,1.3,785|2115|2258|2898|3269|3357|4885|5071|5582|6335|6387|7832|8326|10396|55074|55450|57731|89797|285382,CACNB4|ETV1|FGF13|GRIK2|HRH1|HTR2B|NPTX2|PRKN|PRKCG|SCN9A|CXCL12|BTG2|FZD9|ATP8A1|OXR1|CAMK2N1|SPTBN4|NAV2|C3orf70,-1.7,MyList
GO Biological Processes,19,GO:0043123,positive regulation of I-kappaB kinase/NF-kappaB signaling,19_GO:0023052 signaling,-4.3,4.8,5.5,30182,192,330,10,3,0.94,948|1896|3357|4919|5071|7037|51704|57161|57162|57449,CD36|EDA|HTR2B|ROR1|PRKN|TFRC|GPRC5B|PELI2|PELI1|PLEKHG5,-1.6,MyList
GO Biological Processes,19,GO:0043087,regulation of GTPase activity,19_GO:0065007 biological regulation,-4.3,3.5,5.1,30182,364,330,14,4.2,1.1,3925|5362|6004|6347|6355|6357|6358|6362|8412|23179|55103|84253|129049|259173,STMN1|PLXNA2|RGS16|CCL2|CCL8|CCL13|CCL14|CCL18|BCAR3|RGL1|RALGPS2|GARNL3|SGSM1|ALS2CL,-1.6,MyList
GO Biological Processes,19,GO:0048667,cell morphogenesis involved in neuron differentiation,19_GO:0032502 developmental process,-4.2,3.3,4.9,30182,418,330,15,4.5,1.1,2115|3480|3925|4756|5362|5588|6387|9638|26053|27255|57453|57556|57731|139065|494470,ETV1|IGF1R|STMN1|NEO1|PLXNA2|PRKCQ|CXCL12|FEZ1|AUTS2|CNTN6|DSCAML1|SEMA6A|SPTBN4|SLITRK4|RNF165,-1.6,MyList
GO Biological Processes,19,GO:0050670,regulation of lymphocyte proliferation,19_GO:0002376 immune system process,-4.1,4.2,5.2,30182,239,330,11,3.3,0.99,1378|3479|3559|3574|4004|5588|7037|30835|57162|80380|339390,CR1|IGF1|IL2RA|IL7|LMO1|PRKCQ|TFRC|CD209|PELI1|PDCD1LG2|CLEC4G,-1.5,MyList
GO Biological Processes,19,GO:0051251,positive regulation of lymphocyte activation,19_GO:0002376 immune system process,-4.1,3.6,5,30182,327,330,13,3.9,1.1,1378|2309|3479|3559|3574|5588|6347|7037|7525|8876|30835|57162|80380,CR1|FOXO3|IGF1|IL2RA|IL7|PRKCQ|CCL2|TFRC|YES1|VNN1|CD209|PELI1|PDCD1LG2,-1.5,MyList
GO Biological Processes,19,GO:0034341,response to type II interferon,19_GO:0044419 biological process involved in interspecies interaction between organisms,-4.1,5.8,5.7,30182,126,330,8,2.4,0.85,4360|6347|6355|6357|6358|6362|10410|55647,MRC1|CCL2|CCL8|CCL13|CCL14|CCL18|IFITM3|RAB20,-1.5,MyList
GO Biological Processes,19,GO:0001508,action potential,19_GO:0065007 biological regulation,-4.1,6.8,5.9,30182,94,330,7,2.1,0.79,785|1756|2898|6546|9472|9630|27345,CACNB4|DMD|GRIK2|SLC8A1|AKAP6|GNA14|KCNMB4,-1.5,MyList
GO Biological Processes,19,GO:0032944,regulation of mononuclear cell proliferation,19_GO:0050789 regulation of biological process,-4.1,4.1,5.2,30182,243,330,11,3.3,0.99,1378|3479|3559|3574|4004|5588|7037|30835|57162|80380|339390,CR1|IGF1|IL2RA|IL7|LMO1|PRKCQ|TFRC|CD209|PELI1|PDCD1LG2|CLEC4G,-1.5,MyList
WikiPathways,27,WP5095,Overview of proinflammatory and profibrotic mediators,,-4,5.7,5.6,30182,129,330,8,2.4,0.85,3574|6347|6355|6357|6358|6362|6387|85480,IL7|CCL2|CCL8|CCL13|CCL14|CCL18|CXCL12|TSLP,-1.5,MyList
GO Biological Processes,19,GO:0032989,cellular component morphogenesis,19_GO:0032502 developmental process,-4,2.8,4.6,30182,590,330,18,5.5,1.3,88|2115|3480|3925|4756|5362|5588|6387|7168|7273|9638|26053|27255|57453|57556|57731|139065|494470,ACTN2|ETV1|IGF1R|STMN1|NEO1|PLXNA2|PRKCQ|CXCL12|TPM1|TTN|FEZ1|AUTS2|CNTN6|DSCAML1|SEMA6A|SPTBN4|SLITRK4|RNF165,-1.4,MyList
GO Biological Processes,19,GO:0000904,cell morphogenesis involved in differentiation,19_GO:0032502 developmental process,-4,3,4.7,30182,487,330,16,4.8,1.2,2115|3480|3925|4756|5362|5588|6387|9638|26053|27255|57453|57556|57669|57731|139065|494470,ETV1|IGF1R|STMN1|NEO1|PLXNA2|PRKCQ|CXCL12|FEZ1|AUTS2|CNTN6|DSCAML1|SEMA6A|EPB41L5|SPTBN4|SLITRK4|RNF165,-1.4,MyList
GO Biological Processes,19,GO:0019932,second-messenger-mediated signaling,19_GO:0023052 signaling,-4,4.4,5.2,30182,208,330,10,3,0.94,948|1756|3269|3357|5152|6546|9472|27115|55784|57211,CD36|DMD|HRH1|HTR2B|PDE9A|SLC8A1|AKAP6|PDE7B|MCTP2|ADGRG6,-1.4,MyList
KEGG Pathway,24,hsa04060,Cytokine-cytokine receptor interaction,,-4,3.7,4.9,30182,295,330,12,3.6,1,1896|3559|3574|3595|6347|6355|6357|6358|6362|6387|8718|85480,EDA|IL2RA|IL7|IL12RB2|CCL2|CCL8|CCL13|CCL14|CCL18|CXCL12|TNFRSF25|TSLP,-1.4,MyList
GO Biological Processes,19,GO:0002548,monocyte chemotaxis,19_GO:0040011 locomotion,-3.9,10,6.6,30182,44,330,5,1.5,0.67,6347|6355|6357|6358|6362,CCL2|CCL8|CCL13|CCL14|CCL18,-1.4,MyList
KEGG Pathway,24,hsa04061,Viral protein interaction with cytokine and cytokine receptor,,-3.9,6.4,5.7,30182,100,330,7,2.1,0.79,3559|6347|6355|6357|6358|6362|6387,IL2RA|CCL2|CCL8|CCL13|CCL14|CCL18|CXCL12,-1.4,MyList
Reactome Gene Sets,6,R-HSA-76005,Response to elevated platelet cytosolic Ca2+,,-3.9,5.5,5.4,30182,134,330,8,2.4,0.85,88|710|948|1675|2162|3479|5582|7273,ACTN2|SERPING1|CD36|CFD|F13A1|IGF1|PRKCG|TTN,-1.4,MyList
GO Biological Processes,19,GO:0002694,regulation of leukocyte activation,19_GO:0002376 immune system process,-3.9,2.8,4.6,30182,598,330,18,5.5,1.3,1075|1378|2309|3479|3559|3574|3662|4004|5588|6347|7037|7525|8876|30835|57162|80380|85480|339390,CTSC|CR1|FOXO3|IGF1|IL2RA|IL7|IRF4|LMO1|PRKCQ|CCL2|TFRC|YES1|VNN1|CD209|PELI1|PDCD1LG2|TSLP|CLEC4G,-1.4,MyList
GO Biological Processes,19,GO:0035249,"synaptic transmission, glutamatergic",19_GO:0023052 signaling,-3.9,10,6.5,30182,45,330,5,1.5,0.67,785|2893|2898|2899|5071,CACNB4|GRIA4|GRIK2|GRIK3|PRKN,-1.4,MyList
GO Biological Processes,19,GO:0009612,response to mechanical stimulus,19_GO:0050896 response to stimulus,-3.9,4.3,5,30182,215,330,10,3,0.94,1756|2115|2354|3480|6335|6387|6546|7273|7832|56729,DMD|ETV1|FOSB|IGF1R|SCN9A|CXCL12|SLC8A1|TTN|BTG2|RETN,-1.4,MyList
GO Biological Processes,19,GO:0071346,cellular response to type II interferon,19_GO:0044419 biological process involved in interspecies interaction between organisms,-3.8,6.2,5.6,30182,103,330,7,2.1,0.79,4360|6347|6355|6357|6358|6362|55647,MRC1|CCL2|CCL8|CCL13|CCL14|CCL18|RAB20,-1.4,MyList
GO Biological Processes,19,GO:0097485,neuron projection guidance,19_GO:0040011 locomotion,-3.8,4.2,5,30182,216,330,10,3,0.94,2115|4756|5362|5588|6387|9638|27255|57453|57556|494470,ETV1|NEO1|PLXNA2|PRKCQ|CXCL12|FEZ1|CNTN6|DSCAML1|SEMA6A|RNF165,-1.4,MyList
GO Biological Processes,19,GO:0007411,axon guidance,19_GO:0040011 locomotion,-3.8,4.2,5,30182,216,330,10,3,0.94,2115|4756|5362|5588|6387|9638|27255|57453|57556|494470,ETV1|NEO1|PLXNA2|PRKCQ|CXCL12|FEZ1|CNTN6|DSCAML1|SEMA6A|RNF165,-1.4,MyList
GO Biological Processes,19,GO:0071345,cellular response to cytokine stimulus,19_GO:0050896 response to stimulus,-3.8,2.5,4.4,30182,719,330,20,6.1,1.3,785|1545|2309|3559|3574|3595|4360|6347|6355|6357|6358|6362|6387|6470|7037|8718|9314|9472|10410|55647,CACNB4|CYP1B1|FOXO3|IL2RA|IL7|IL12RB2|MRC1|CCL2|CCL8|CCL13|CCL14|CCL18|CXCL12|SHMT1|TFRC|TNFRSF25|KLF4|AKAP6|IFITM3|RAB20,-1.4,MyList
GO Biological Processes,19,GO:0051249,regulation of lymphocyte activation,19_GO:0002376 immune system process,-3.8,2.9,4.5,30182,503,330,16,4.8,1.2,1378|2309|3479|3559|3574|3662|4004|5588|6347|7037|7525|8876|30835|57162|80380|339390,CR1|FOXO3|IGF1|IL2RA|IL7|IRF4|LMO1|PRKCQ|CCL2|TFRC|YES1|VNN1|CD209|PELI1|PDCD1LG2|CLEC4G,-1.3,MyList
GO Biological Processes,19,GO:0008015,blood circulation,19_GO:0032501 multicellular organismal process,-3.8,3.2,4.6,30182,403,330,14,4.2,1.1,710|1756|3269|3357|4041|6387|6546|7168|7273|7525|9365|27345|83943|89797,SERPING1|DMD|HRH1|HTR2B|LRP5|CXCL12|SLC8A1|TPM1|TTN|YES1|KL|KCNMB4|IMMP2L|NAV2,-1.3,MyList
Reactome Gene Sets,6,R-HSA-76002,"Platelet activation, signaling and aggregation",,-3.8,3.8,4.8,30182,263,330,11,3.3,0.99,88|710|948|1675|2162|3479|5582|5588|7273|8503|9630,ACTN2|SERPING1|CD36|CFD|F13A1|IGF1|PRKCG|PRKCQ|TTN|PIK3R3|GNA14,-1.3,MyList
GO Biological Processes,19,GO:1901652,response to peptide,19_GO:0050896 response to stimulus,-3.8,3,4.5,30182,456,330,15,4.5,1.1,88|799|948|1545|2650|3479|3480|5166|6387|7832|8412|8503|9365|9734|56729,ACTN2|CALCR|CD36|CYP1B1|GCNT1|IGF1|IGF1R|PDK4|CXCL12|BTG2|BCAR3|PIK3R3|KL|HDAC9|RETN,-1.3,MyList
GO Biological Processes,19,GO:0048812,neuron projection morphogenesis,19_GO:0032502 developmental process,-3.8,3,4.5,30182,457,330,15,4.5,1.1,2115|3480|3925|4756|5362|5588|6387|9638|26053|27255|57453|57556|57731|139065|494470,ETV1|IGF1R|STMN1|NEO1|PLXNA2|PRKCQ|CXCL12|FEZ1|AUTS2|CNTN6|DSCAML1|SEMA6A|SPTBN4|SLITRK4|RNF165,-1.3,MyList
GO Biological Processes,19,GO:0006956,complement activation,19_GO:0002376 immune system process,-3.8,9.5,6.2,30182,48,330,5,1.5,0.67,710|725|1378|1675|5199,SERPING1|C4BPB|CR1|CFD|CFP,-1.3,MyList
GO Biological Processes,19,GO:0007162,negative regulation of cell adhesion,19_GO:0048519 negative regulation of biological process,-3.7,3.5,4.7,30182,312,330,12,3.6,1,1378|1545|3559|5362|6387|9314|57162|57556|57669|80380|339390|340533,CR1|CYP1B1|IL2RA|PLXNA2|CXCL12|KLF4|PELI1|SEMA6A|EPB41L5|PDCD1LG2|CLEC4G|NEXMIF,-1.3,MyList
Reactome Gene Sets,6,R-HSA-6785807,Interleukin-4 and Interleukin-13 signaling,,-3.7,5.9,5.4,30182,108,330,7,2.1,0.79,948|1052|2162|2208|2309|3662|6347,CD36|CEBPD|F13A1|FCER2|FOXO3|IRF4|CCL2,-1.3,MyList
GO Biological Processes,19,GO:0070663,regulation of leukocyte proliferation,19_GO:0050789 regulation of biological process,-3.7,3.8,4.8,30182,268,330,11,3.3,0.99,1378|3479|3559|3574|4004|5588|7037|30835|57162|80380|339390,CR1|IGF1|IL2RA|IL7|LMO1|PRKCQ|TFRC|CD209|PELI1|PDCD1LG2|CLEC4G,-1.3,MyList
GO Biological Processes,19,GO:0120039,plasma membrane bounded cell projection morphogenesis,19_GO:0032502 developmental process,-3.7,3,4.5,30182,462,330,15,4.5,1.1,2115|3480|3925|4756|5362|5588|6387|9638|26053|27255|57453|57556|57731|139065|494470,ETV1|IGF1R|STMN1|NEO1|PLXNA2|PRKCQ|CXCL12|FEZ1|AUTS2|CNTN6|DSCAML1|SEMA6A|SPTBN4|SLITRK4|RNF165,-1.3,MyList
GO Biological Processes,19,GO:0030335,positive regulation of cell migration,19_GO:0040011 locomotion,-3.7,2.7,4.4,30182,569,330,17,5.2,1.2,1364|1545|3479|3480|3642|5168|6387|6546|8503|8613|9734|10396|22800|23500|56034|57556|57669,CLDN4|CYP1B1|IGF1|IGF1R|INSM1|ENPP2|CXCL12|SLC8A1|PIK3R3|PLPP3|HDAC9|ATP8A1|RRAS2|DAAM2|PDGFC|SEMA6A|EPB41L5,-1.3,MyList
GO Biological Processes,19,GO:0050671,positive regulation of lymphocyte proliferation,19_GO:0002376 immune system process,-3.7,5,5.1,30182,145,330,8,2.4,0.85,3479|3559|3574|5588|7037|30835|57162|80380,IGF1|IL2RA|IL7|PRKCQ|TFRC|CD209|PELI1|PDCD1LG2,-1.3,MyList
GO Biological Processes,19,GO:0048247,lymphocyte chemotaxis,19_GO:0040011 locomotion,-3.7,9.1,6.1,30182,50,330,5,1.5,0.67,6347|6355|6357|6358|6362,CCL2|CCL8|CCL13|CCL14|CCL18,-1.3,MyList
GO Biological Processes,19,GO:0048858,cell projection morphogenesis,19_GO:0032502 developmental process,-3.7,2.9,4.4,30182,467,330,15,4.5,1.1,2115|3480|3925|4756|5362|5588|6387|9638|26053|27255|57453|57556|57731|139065|494470,ETV1|IGF1R|STMN1|NEO1|PLXNA2|PRKCQ|CXCL12|FEZ1|AUTS2|CNTN6|DSCAML1|SEMA6A|SPTBN4|SLITRK4|RNF165,-1.3,MyList
GO Biological Processes,19,GO:0043547,positive regulation of GTPase activity,19_GO:0065007 biological regulation,-3.7,3.7,4.7,30182,272,330,11,3.3,0.99,6004|6347|6355|6357|6358|6362|8412|23179|55103|84253|129049,RGS16|CCL2|CCL8|CCL13|CCL14|CCL18|BCAR3|RGL1|RALGPS2|GARNL3|SGSM1,-1.3,MyList
KEGG Pathway,24,hsa01521,EGFR tyrosine kinase inhibitor resistance,,-3.6,6.9,5.6,30182,79,330,6,1.8,0.74,2309|3479|3480|5582|8503|56034,FOXO3|IGF1|IGF1R|PRKCG|PIK3R3|PDGFC,-1.2,MyList
GO Biological Processes,19,GO:0045087,innate immune response,19_GO:0044419 biological process involved in interspecies interaction between organisms,-3.6,2.5,4.2,30182,745,330,20,6.1,1.3,710|725|1378|1675|2444|4360|5199|6347|6355|6357|6358|6362|6502|7525|8685|8876|10410|10462|30835|55647,SERPING1|C4BPB|CR1|CFD|FRK|MRC1|CFP|CCL2|CCL8|CCL13|CCL14|CCL18|SKP2|YES1|MARCO|VNN1|IFITM3|CLEC10A|CD209|RAB20,-1.2,MyList
GO Biological Processes,19,GO:0032946,positive regulation of mononuclear cell proliferation,19_GO:0048518 positive regulation of biological process,-3.6,4.9,5.1,30182,148,330,8,2.4,0.85,3479|3559|3574|5588|7037|30835|57162|80380,IGF1|IL2RA|IL7|PRKCQ|TFRC|CD209|PELI1|PDCD1LG2,-1.2,MyList
Reactome Gene Sets,6,R-HSA-9675108,Nervous system development,,-3.6,2.7,4.3,30182,578,330,17,5.2,1.2,785|2675|4756|5362|5588|6335|6387|6453|7525|8503|22885|27255|57211|57453|57522|57556|57731,CACNB4|GFRA2|NEO1|PLXNA2|PRKCQ|SCN9A|CXCL12|ITSN1|YES1|PIK3R3|ABLIM3|CNTN6|ADGRG6|DSCAML1|SRGAP1|SEMA6A|SPTBN4,-1.2,MyList
Reactome Gene Sets,6,R-HSA-449147,Signaling by Interleukins,,-3.6,2.9,4.4,30182,473,330,15,4.5,1.1,948|1052|2162|2208|2309|3559|3574|3595|3662|6347|7525|8503|57161|57162|85480,CD36|CEBPD|F13A1|FCER2|FOXO3|IL2RA|IL7|IL12RB2|IRF4|CCL2|YES1|PIK3R3|PELI2|PELI1|TSLP,-1.2,MyList
Reactome Gene Sets,6,R-HSA-2197563,NOTCH2 intracellular domain regulates transcription,,-3.6,23,8,30182,12,330,3,0.91,0.52,2208|3516|55534,FCER2|RBPJ|MAML3,-1.2,MyList
GO Biological Processes,19,GO:0009617,response to bacterium,19_GO:0044419 biological process involved in interspecies interaction between organisms,-3.6,2.5,4.2,30182,696,330,19,5.8,1.3,225|725|948|1675|2289|3248|3516|3595|4360|5199|6035|6347|54757|55603|57162|80380|140733|254827|285195,ABCD2|C4BPB|CD36|CFD|FKBP5|HPGD|RBPJ|IL12RB2|MRC1|CFP|RNASE1|CCL2|FAM20A|TENT5A|PELI1|PDCD1LG2|MACROD2|NAALADL2|SLC9A9,-1.2,MyList
GO Biological Processes,19,GO:0072583,clathrin-dependent endocytosis,19_GO:0051179 localization,-3.5,12,6.4,30182,30,330,4,1.2,0.6,6453|9873|54874|85439,ITSN1|FCHSD2|FNBP1L|STON2,-1.2,MyList
GO Biological Processes,19,GO:0044057,regulation of system process,19_GO:0032501 multicellular organismal process,-3.5,2.6,4.2,30182,591,330,17,5.2,1.2,1075|1756|2258|2309|3269|3479|4885|5152|6546|7168|9228|9472|10203|27345|56729|56853|57731,CTSC|DMD|FGF13|FOXO3|HRH1|IGF1|NPTX2|PDE9A|SLC8A1|TPM1|DLGAP2|AKAP6|CALCRL|KCNMB4|RETN|CELF4|SPTBN4,-1.2,MyList
GO Biological Processes,19,GO:0043524,negative regulation of neuron apoptotic process,19_GO:0048519 negative regulation of biological process,-3.5,4.7,4.9,30182,155,330,8,2.4,0.85,2561|2898|5071|5582|6347|7832|8326|55074,GABRB2|GRIK2|PRKN|PRKCG|CCL2|BTG2|FZD9|OXR1,-1.1,MyList
GO Biological Processes,19,GO:0070098,chemokine-mediated signaling pathway,19_GO:0023052 signaling,-3.5,6.5,5.3,30182,84,330,6,1.8,0.74,6347|6355|6357|6358|6362|6387,CCL2|CCL8|CCL13|CCL14|CCL18|CXCL12,-1.1,MyList
GO Biological Processes,19,GO:2000147,positive regulation of cell motility,19_GO:0040011 locomotion,-3.5,2.6,4.2,30182,594,330,17,5.2,1.2,1364|1545|3479|3480|3642|5168|6387|6546|8503|8613|9734|10396|22800|23500|56034|57556|57669,CLDN4|CYP1B1|IGF1|IGF1R|INSM1|ENPP2|CXCL12|SLC8A1|PIK3R3|PLPP3|HDAC9|ATP8A1|RRAS2|DAAM2|PDGFC|SEMA6A|EPB41L5,-1.1,MyList
GO Biological Processes,19,GO:0001667,ameboidal-type cell migration,19_GO:0009987 cellular process,-3.5,4.2,4.7,30182,197,330,9,2.7,0.9,1545|3357|4041|8503|23500|57449|57556|57669|90627,CYP1B1|HTR2B|LRP5|PIK3R3|DAAM2|PLEKHG5|SEMA6A|EPB41L5|STARD13,-1.1,MyList
GO Biological Processes,19,GO:0042415,norepinephrine metabolic process,19_GO:0008152 metabolic process,-3.5,21,7.6,30182,13,330,3,0.91,0.52,3642|5071|9365,INSM1|PRKN|KL,-1.1,MyList
GO Biological Processes,19,GO:0045916,negative regulation of complement activation,19_GO:0002376 immune system process,-3.5,21,7.6,30182,13,330,3,0.91,0.52,710|725|1378,SERPING1|C4BPB|CR1,-1.1,MyList
GO Biological Processes,19,GO:0032990,cell part morphogenesis,19_GO:0032502 developmental process,-3.5,2.8,4.3,30182,487,330,15,4.5,1.1,2115|3480|3925|4756|5362|5588|6387|9638|26053|27255|57453|57556|57731|139065|494470,ETV1|IGF1R|STMN1|NEO1|PLXNA2|PRKCQ|CXCL12|FEZ1|AUTS2|CNTN6|DSCAML1|SEMA6A|SPTBN4|SLITRK4|RNF165,-1.1,MyList
GO Biological Processes,19,GO:0006954,inflammatory response,19_GO:0050896 response to stimulus,-3.5,2.7,4.2,30182,541,330,16,4.8,1.2,948|3269|3487|3516|3559|5588|6335|6347|6355|6357|6358|6362|7037|8876|9365|9734,CD36|HRH1|IGFBP4|RBPJ|IL2RA|PRKCQ|SCN9A|CCL2|CCL8|CCL13|CCL14|CCL18|TFRC|VNN1|KL|HDAC9,-1.1,MyList
Reactome Gene Sets,6,R-HSA-372790,Signaling by GPCR,,-3.5,2.4,4.1,30182,710,330,19,5.8,1.3,799|3269|3355|3357|5582|5588|6004|6347|6357|6387|6453|8326|8503|9630|9934|10203|26960|27115|57449,CALCR|HRH1|HTR1F|HTR2B|PRKCG|PRKCQ|RGS16|CCL2|CCL13|CXCL12|ITSN1|FZD9|PIK3R3|GNA14|P2RY14|CALCRL|NBEA|PDE7B|PLEKHG5,-1.1,MyList
GO Biological Processes,19,GO:0050865,regulation of cell activation,19_GO:0032501 multicellular organismal process,-3.4,2.5,4.1,30182,655,330,18,5.5,1.3,1075|1378|2309|3479|3559|3574|3662|4004|5588|6347|7037|7525|8876|30835|57162|80380|85480|339390,CTSC|CR1|FOXO3|IGF1|IL2RA|IL7|IRF4|LMO1|PRKCQ|CCL2|TFRC|YES1|VNN1|CD209|PELI1|PDCD1LG2|TSLP|CLEC4G,-1.1,MyList
GO Biological Processes,19,GO:0007187,"G protein-coupled receptor signaling pathway, coupled to cyclic nucleotide second messenger",19_GO:0023052 signaling,-3.4,8.2,5.6,30182,56,330,5,1.5,0.67,3269|3355|3357|6347|10203,HRH1|HTR1F|HTR2B|CCL2|CALCRL,-1.1,MyList
GO Biological Processes,19,GO:0071621,granulocyte chemotaxis,19_GO:0040011 locomotion,-3.4,6.3,5.2,30182,87,330,6,1.8,0.74,3269|6347|6355|6357|6358|6362,HRH1|CCL2|CCL8|CCL13|CCL14|CCL18,-1.1,MyList
GO Biological Processes,19,GO:0060326,cell chemotaxis,19_GO:0040011 locomotion,-3.4,4.1,4.6,30182,202,330,9,2.7,0.9,3269|5588|6347|6355|6357|6358|6362|6387|57449,HRH1|PRKCQ|CCL2|CCL8|CCL13|CCL14|CCL18|CXCL12|PLEKHG5,-1.1,MyList
Reactome Gene Sets,6,R-HSA-1236394,Signaling by ERBB4,,-3.4,7.9,5.5,30182,58,330,5,1.5,0.67,2561|3925|6387|11059|51741,GABRB2|STMN1|CXCL12|WWP1|WWOX,-1.1,MyList
Reactome Gene Sets,6,R-HSA-166658,Complement cascade,,-3.4,7.9,5.5,30182,58,330,5,1.5,0.67,710|725|1378|1675|5199,SERPING1|C4BPB|CR1|CFD|CFP,-1.1,MyList
Canonical Pathways,11,M5883,NABA SECRETED FACTORS,,-3.4,3.2,4.3,30182,343,330,12,3.6,1,1896|2258|3479|3574|6347|6355|6357|6358|6362|6387|51162|56034,EDA|FGF13|IGF1|IL7|CCL2|CCL8|CCL13|CCL14|CCL18|CXCL12|EGFL7|PDGFC,-1.1,MyList
Reactome Gene Sets,6,R-HSA-422475,Axon guidance,,-3.4,2.6,4.1,30182,553,330,16,4.8,1.2,785|2675|4756|5362|5588|6335|6387|6453|7525|8503|22885|27255|57453|57522|57556|57731,CACNB4|GFRA2|NEO1|PLXNA2|PRKCQ|SCN9A|CXCL12|ITSN1|YES1|PIK3R3|ABLIM3|CNTN6|DSCAML1|SRGAP1|SEMA6A|SPTBN4,-1.1,MyList
GO Biological Processes,19,GO:0040017,positive regulation of locomotion,19_GO:0040011 locomotion,-3.4,2.6,4.1,30182,609,330,17,5.2,1.2,1364|1545|3479|3480|3642|5168|6387|6546|8503|8613|9734|10396|22800|23500|56034|57556|57669,CLDN4|CYP1B1|IGF1|IGF1R|INSM1|ENPP2|CXCL12|SLC8A1|PIK3R3|PLPP3|HDAC9|ATP8A1|RRAS2|DAAM2|PDGFC|SEMA6A|EPB41L5,-1.1,MyList
GO Biological Processes,19,GO:0022408,negative regulation of cell-cell adhesion,19_GO:0048519 negative regulation of biological process,-3.3,4,4.6,30182,205,330,9,2.7,0.9,1378|3559|6387|9314|57162|57669|80380|339390|340533,CR1|IL2RA|CXCL12|KLF4|PELI1|EPB41L5|PDCD1LG2|CLEC4G|NEXMIF,-1.1,MyList
GO Biological Processes,19,GO:0042327,positive regulation of phosphorylation,19_GO:0048518 positive regulation of biological process,-3.3,2.3,4,30182,786,330,20,6.1,1.3,799|896|948|1062|3357|3479|3480|4919|5168|7037|7525|8412|8503|8613|8685|51704|54757|56034|57161|85480,CALCR|CCND3|CD36|CENPE|HTR2B|IGF1|IGF1R|ROR1|ENPP2|TFRC|YES1|BCAR3|PIK3R3|PLPP3|MARCO|GPRC5B|FAM20A|PDGFC|PELI2|TSLP,-1.1,MyList
KEGG Pathway,24,hsa05410,Hypertrophic cardiomyopathy,,-3.3,6.1,5.1,30182,90,330,6,1.8,0.74,785|1756|3479|6546|7168|7273,CACNB4|DMD|IGF1|SLC8A1|TPM1|TTN,-1.1,MyList
GO Biological Processes,19,GO:0048639,positive regulation of developmental growth,19_GO:0040007 growth,-3.3,4.4,4.7,30182,165,330,8,2.4,0.85,3479|3516|3574|5071|6387|6857|9472|57731,IGF1|RBPJ|IL7|PRKN|CXCL12|SYT1|AKAP6|SPTBN4,-1,MyList
GO Biological Processes,19,GO:0055001,muscle cell development,19_GO:0032502 developmental process,-3.3,4.4,4.7,30182,165,330,8,2.4,0.85,88|785|1756|3479|6261|6546|7168|7273,ACTN2|CACNB4|DMD|IGF1|RYR1|SLC8A1|TPM1|TTN,-1,MyList
GO Biological Processes,19,GO:0051480,regulation of cytosolic calcium ion concentration,19_GO:0042592 homeostatic process,-3.3,7.6,5.4,30182,60,330,5,1.5,0.67,785|6261|6546|8326|9899,CACNB4|RYR1|SLC8A1|FZD9|SV2B,-1,MyList
GO Biological Processes,19,GO:0070665,positive regulation of leukocyte proliferation,19_GO:0048518 positive regulation of biological process,-3.3,4.4,4.6,30182,166,330,8,2.4,0.85,3479|3559|3574|5588|7037|30835|57162|80380,IGF1|IL2RA|IL7|PRKCQ|TFRC|CD209|PELI1|PDCD1LG2,-1,MyList
GO Biological Processes,19,GO:1990868,response to chemokine,19_GO:0050896 response to stimulus,-3.3,6,5,30182,92,330,6,1.8,0.74,6347|6355|6357|6358|6362|6387,CCL2|CCL8|CCL13|CCL14|CCL18|CXCL12,-1,MyList
KEGG Pathway,24,hsa04658,Th1 and Th2 cell differentiation,,-3.3,6,5,30182,92,330,6,1.8,0.74,919|3516|3559|3595|5588|55534,CD247|RBPJ|IL2RA|IL12RB2|PRKCQ|MAML3,-1,MyList
GO Biological Processes,19,GO:1990869,cellular response to chemokine,19_GO:0050896 response to stimulus,-3.3,6,5,30182,92,330,6,1.8,0.74,6347|6355|6357|6358|6362|6387,CCL2|CCL8|CCL13|CCL14|CCL18|CXCL12,-1,MyList
WikiPathways,27,WP4891,COVID-19 adverse outcome pathway,,-3.3,18,7,30182,15,330,3,0.91,0.52,3559|3574|6347,IL2RA|IL7|CCL2,-1,MyList
GO Biological Processes,19,GO:0006957,"complement activation, alternative pathway",19_GO:0044419 biological process involved in interspecies interaction between organisms,-3.3,18,7,30182,15,330,3,0.91,0.52,1378|1675|5199,CR1|CFD|CFP,-1,MyList
GO Biological Processes,19,GO:0034612,response to tumor necrosis factor,19_GO:0050896 response to stimulus,-3.3,3.9,4.4,30182,211,330,9,2.7,0.9,1545|2309|3899|6347|6355|6357|6358|6362|8718,CYP1B1|FOXO3|AFF3|CCL2|CCL8|CCL13|CCL14|CCL18|TNFRSF25,-1,MyList
Reactome Gene Sets,6,R-HSA-114608,Platelet degranulation,,-3.3,5,4.7,30182,129,330,7,2.1,0.79,88|710|948|1675|2162|3479|7273,ACTN2|SERPING1|CD36|CFD|F13A1|IGF1|TTN,-1,MyList
GO Biological Processes,19,GO:0043122,regulation of I-kappaB kinase/NF-kappaB signaling,19_GO:0023052 signaling,-3.2,3.5,4.3,30182,258,330,10,3,0.94,948|1896|3357|4919|5071|7037|51704|57161|57162|57449,CD36|EDA|HTR2B|ROR1|PRKN|TFRC|GPRC5B|PELI2|PELI1|PLEKHG5,-1,MyList
GO Biological Processes,19,GO:0051345,positive regulation of hydrolase activity,19_GO:0065007 biological regulation,-3.2,2.6,4,30182,569,330,16,4.8,1.2,1364|1378|1509|3092|3357|6004|6347|6355|6357|6358|6362|8412|23179|55103|84253|129049,CLDN4|CR1|CTSD|HIP1|HTR2B|RGS16|CCL2|CCL8|CCL13|CCL14|CCL18|BCAR3|RGL1|RALGPS2|GARNL3|SGSM1,-1,MyList
Reactome Gene Sets,6,R-HSA-390522,Striated Muscle Contraction,,-3.2,10,5.8,30182,36,330,4,1.2,0.6,88|1756|7168|7273,ACTN2|DMD|TPM1|TTN,-0.98,MyList
GO Biological Processes,19,GO:1903530,regulation of secretion by cell,19_GO:0051179 localization,-3.2,2.6,4,30182,572,330,16,4.8,1.2,785|3479|4041|5071|5582|5991|6387|6857|7273|9501|9627|9899|27345|55784|56729|93664,CACNB4|IGF1|LRP5|PRKN|PRKCG|RFX3|CXCL12|SYT1|TTN|RPH3AL|SNCAIP|SV2B|KCNMB4|MCTP2|RETN|CADPS2,-0.98,MyList
Reactome Gene Sets,6,R-HSA-112316,Neuronal System,,-3.2,2.9,4.1,30182,410,330,13,3.9,1.1,88|785|2561|2893|2898|2899|5582|6857|8224|26960|27345|57669|139065,ACTN2|CACNB4|GABRB2|GRIA4|GRIK2|GRIK3|PRKCG|SYT1|SYN3|NBEA|KCNMB4|EPB41L5|SLITRK4,-0.98,MyList
KEGG Pathway,24,hsa05414,Dilated cardiomyopathy,,-3.2,5.7,4.9,30182,96,330,6,1.8,0.74,785|1756|3479|6546|7168|7273,CACNB4|DMD|IGF1|SLC8A1|TPM1|TTN,-0.97,MyList
Reactome Gene Sets,6,R-HSA-388396,GPCR downstream signalling,,-3.2,2.4,3.9,30182,635,330,17,5.2,1.2,799|3269|3355|3357|5582|5588|6004|6357|6387|6453|8503|9630|9934|10203|26960|27115|57449,CALCR|HRH1|HTR1F|HTR2B|PRKCG|PRKCQ|RGS16|CCL13|CXCL12|ITSN1|PIK3R3|GNA14|P2RY14|CALCRL|NBEA|PDE7B|PLEKHG5,-0.95,MyList
WikiPathways,27,WP2806,Complement system,,-3.2,5.7,4.8,30182,97,330,6,1.8,0.74,710|1378|1675|2162|2208|5199,SERPING1|CR1|CFD|F13A1|FCER2|CFP,-0.95,MyList
WikiPathways,27,WP5115,Network map of SARS-CoV-2 signaling pathway,,-3.2,3.8,4.3,30182,218,330,9,2.7,0.9,919|1509|3574|5199|5588|6347|6355|6387|10410,CD247|CTSD|IL7|CFP|PRKCQ|CCL2|CCL8|CXCL12|IFITM3,-0.95,MyList
GO Biological Processes,19,GO:0019221,cytokine-mediated signaling pathway,19_GO:0023052 signaling,-3.1,3,4.1,30182,363,330,12,3.6,1,2309|3559|3574|3595|6347|6355|6357|6358|6362|6387|8718|10410,FOXO3|IL2RA|IL7|IL12RB2|CCL2|CCL8|CCL13|CCL14|CCL18|CXCL12|TNFRSF25|IFITM3,-0.94,MyList
GO Biological Processes,19,GO:0043523,regulation of neuron apoptotic process,19_GO:0050789 regulation of biological process,-3.1,3.8,4.3,30182,219,330,9,2.7,0.9,2309|2561|2898|5071|5582|6347|7832|8326|55074,FOXO3|GABRB2|GRIK2|PRKN|PRKCG|CCL2|BTG2|FZD9|OXR1,-0.94,MyList
KEGG Pathway,24,hsa04750,Inflammatory mediator regulation of TRP channels,,-3.1,5.6,4.8,30182,98,330,6,1.8,0.74,3269|3357|3479|5582|5588|8503,HRH1|HTR2B|IGF1|PRKCG|PRKCQ|PIK3R3,-0.94,MyList
GO Biological Processes,19,GO:0008283,cell population proliferation,19_GO:0009987 cellular process,-3.1,2.4,3.8,30182,699,330,18,5.5,1.3,896|2258|3479|3487|3516|3559|3574|3642|4041|4325|5588|6660|7832|8326|10203|56034|57162|339390,CCND3|FGF13|IGF1|IGFBP4|RBPJ|IL2RA|IL7|INSM1|LRP5|MMP16|PRKCQ|SOX5|BTG2|FZD9|CALCRL|PDGFC|PELI1|CLEC4G,-0.93,MyList
WikiPathways,27,WP383,Striated muscle contraction pathway,,-3.1,9.6,5.6,30182,38,330,4,1.2,0.6,88|1756|7168|7273,ACTN2|DMD|TPM1|TTN,-0.93,MyList
GO Biological Processes,19,GO:0002456,T cell mediated immunity,19_GO:0002376 immune system process,-3.1,9.6,5.6,30182,38,330,4,1.2,0.6,1075|1378|8284|339390,CTSC|CR1|KDM5D|CLEC4G,-0.93,MyList
KEGG Pathway,24,hsa04640,Hematopoietic cell lineage,,-3.1,5.5,4.8,30182,99,330,6,1.8,0.74,948|1378|2208|3559|3574|7037,CD36|CR1|FCER2|IL2RA|IL7|TFRC,-0.93,MyList
Reactome Gene Sets,6,R-HSA-199220,Vitamin B5 (pantothenate) metabolism,,-3.1,16,6.6,30182,17,330,3,0.91,0.52,5168|8875|8876,ENPP2|VNN2|VNN1,-0.93,MyList
GO Biological Processes,19,GO:0002921,negative regulation of humoral immune response,19_GO:0002376 immune system process,-3.1,16,6.6,30182,17,330,3,0.91,0.52,710|725|1378,SERPING1|C4BPB|CR1,-0.93,MyList
GO Biological Processes,19,GO:0000902,cell morphogenesis,19_GO:0032502 developmental process,-3.1,2.4,3.8,30182,643,330,17,5.2,1.2,2115|3480|3925|4756|5362|5588|6387|9638|10129|26053|27255|57453|57556|57669|57731|139065|494470,ETV1|IGF1R|STMN1|NEO1|PLXNA2|PRKCQ|CXCL12|FEZ1|FRY|AUTS2|CNTN6|DSCAML1|SEMA6A|EPB41L5|SPTBN4|SLITRK4|RNF165,-0.93,MyList
GO Biological Processes,19,GO:0006836,neurotransmitter transport,19_GO:0051179 localization,-3.1,4.7,4.5,30182,137,330,7,2.1,0.79,5071|6857|8224|9501|9899|93664|116843,PRKN|SYT1|SYN3|RPH3AL|SV2B|CADPS2|SLC18B1,-0.93,MyList
GO Biological Processes,19,GO:0006959,humoral immune response,19_GO:0002376 immune system process,-3.1,3.7,4.3,30182,222,330,9,2.7,0.9,710|725|1378|1675|3516|3574|5199|6347|6357,SERPING1|C4BPB|CR1|CFD|RBPJ|IL7|CFP|CCL2|CCL13,-0.93,MyList
GO Biological Processes,19,GO:0043434,response to peptide hormone,19_GO:0050896 response to stimulus,-3.1,3,4,30182,369,330,12,3.6,1,88|1545|2650|3480|5166|6387|7832|8412|8503|9365|9734|56729,ACTN2|CYP1B1|GCNT1|IGF1R|PDK4|CXCL12|BTG2|BCAR3|PIK3R3|KL|HDAC9|RETN,-0.92,MyList
GO Biological Processes,19,GO:0050954,sensory perception of mechanical stimulus,19_GO:0032501 multicellular organismal process,-3.1,4.1,4.4,30182,179,330,8,2.4,0.85,1690|2561|4919|6335|6387|8556|57731|89797,COCH|GABRB2|ROR1|SCN9A|CXCL12|CDC14A|SPTBN4|NAV2,-0.92,MyList
Reactome Gene Sets,6,R-HSA-112315,Transmission across Chemical Synapses,,-3.1,3.4,4.1,30182,270,330,10,3,0.94,88|785|2561|2893|2898|2899|5582|6857|8224|26960,ACTN2|CACNB4|GABRB2|GRIA4|GRIK2|GRIK3|PRKCG|SYT1|SYN3|NBEA,-0.92,MyList
GO Biological Processes,19,GO:0031175,neuron projection development,19_GO:0032502 developmental process,-3.1,2.4,3.8,30182,647,330,17,5.2,1.2,2115|3480|3925|4756|5362|5588|6387|7832|9638|10129|26053|27255|57453|57556|57731|139065|494470,ETV1|IGF1R|STMN1|NEO1|PLXNA2|PRKCQ|CXCL12|BTG2|FEZ1|FRY|AUTS2|CNTN6|DSCAML1|SEMA6A|SPTBN4|SLITRK4|RNF165,-0.91,MyList
GO Biological Processes,19,GO:0097530,granulocyte migration,19_GO:0002376 immune system process,-3.1,5.4,4.7,30182,101,330,6,1.8,0.74,3269|6347|6355|6357|6358|6362,HRH1|CCL2|CCL8|CCL13|CCL14|CCL18,-0.91,MyList
WikiPathways,27,WP5287,17q12 copy number variation syndrome,,-3.1,5.4,4.7,30182,101,330,6,1.8,0.74,6347|6355|6357|6358|6362|390790,CCL2|CCL8|CCL13|CCL14|CCL18|ARL5C,-0.91,MyList
KEGG Pathway,24,hsa04360,Axon guidance,,-3,4,4.3,30182,182,330,8,2.4,0.85,4756|5362|6387|8503|22885|57522|57556|57689,NEO1|PLXNA2|CXCL12|PIK3R3|ABLIM3|SRGAP1|SEMA6A|LRRC4C,-0.89,MyList
GO Biological Processes,19,GO:0002923,regulation of humoral immune response mediated by circulating immunoglobulin,19_GO:0002376 immune system process,-3,15,6.4,30182,18,330,3,0.91,0.52,725|1378|2208,C4BPB|CR1|FCER2,-0.89,MyList
Reactome Gene Sets,6,R-HSA-1369062,ABC transporters in lipid homeostasis,,-3,15,6.4,30182,18,330,3,0.91,0.52,225|10350|23460,ABCD2|ABCA9|ABCA6,-0.89,MyList
GO Biological Processes,19,GO:0032570,response to progesterone,19_GO:0050896 response to stimulus,-3,9.1,5.4,30182,40,330,4,1.2,0.6,1364|1545|2354|3480,CLDN4|CYP1B1|FOSB|IGF1R,-0.89,MyList
GO Biological Processes,19,GO:0042098,T cell proliferation,19_GO:0002376 immune system process,-3,6.6,4.9,30182,69,330,5,1.5,0.67,896|3559|5588|57162|339390,CCND3|IL2RA|PRKCQ|PELI1|CLEC4G,-0.88,MyList
Reactome Gene Sets,6,R-HSA-5683057,MAPK family signaling cascades,,-3,3.1,4,30182,325,330,11,3.3,0.99,88|896|2309|2675|3559|5588|8556|9365|23179|57731|161742,ACTN2|CCND3|FOXO3|GFRA2|IL2RA|PRKCQ|CDC14A|KL|RGL1|SPTBN4|SPRED1,-0.87,MyList
GO Biological Processes,19,GO:0071356,cellular response to tumor necrosis factor,19_GO:0050896 response to stimulus,-3,4,4.2,30182,185,330,8,2.4,0.85,1545|2309|6347|6355|6357|6358|6362|8718,CYP1B1|FOXO3|CCL2|CCL8|CCL13|CCL14|CCL18|TNFRSF25,-0.86,MyList
GO Biological Processes,19,GO:0001934,positive regulation of protein phosphorylation,19_GO:0048518 positive regulation of biological process,-3,2.3,3.7,30182,718,330,18,5.5,1.3,799|896|948|1062|3357|3479|5168|7037|7525|8412|8503|8613|8685|51704|54757|56034|57161|85480,CALCR|CCND3|CD36|CENPE|HTR2B|IGF1|ENPP2|TFRC|YES1|BCAR3|PIK3R3|PLPP3|MARCO|GPRC5B|FAM20A|PDGFC|PELI2|TSLP,-0.85,MyList
GO Biological Processes,19,GO:0048638,regulation of developmental growth,19_GO:0040007 growth,-3,3.1,4,30182,328,330,11,3.3,0.99,2258|3479|3516|3574|5071|6387|6857|9472|57556|57609|57731,FGF13|IGF1|RBPJ|IL7|PRKN|CXCL12|SYT1|AKAP6|SEMA6A|DIP2B|SPTBN4,-0.85,MyList
GO Biological Processes,19,GO:0042102,positive regulation of T cell proliferation,19_GO:0002376 immune system process,-3,5.2,4.6,30182,105,330,6,1.8,0.74,3479|3559|5588|7037|30835|80380,IGF1|IL2RA|PRKCQ|TFRC|CD209|PDCD1LG2,-0.85,MyList
GO Biological Processes,19,GO:2000008,regulation of protein localization to cell surface,19_GO:0051179 localization,-2.9,8.7,5.3,30182,42,330,4,1.2,0.6,88|919|23245|79608,ACTN2|CD247|ASTN2|RIC3,-0.82,MyList
GO Biological Processes,19,GO:0042130,negative regulation of T cell proliferation,19_GO:0002376 immune system process,-2.9,6.4,4.8,30182,72,330,5,1.5,0.67,1378|3559|57162|80380|339390,CR1|IL2RA|PELI1|PDCD1LG2|CLEC4G,-0.81,MyList
GO Biological Processes,19,GO:0046718,viral entry into host cell,19_GO:0016032 viral process,-2.9,5.1,4.5,30182,108,330,6,1.8,0.74,1378|4360|7037|11059|30835|339390,CR1|MRC1|TFRC|WWP1|CD209|CLEC4G,-0.8,MyList
GO Biological Processes,19,GO:0030501,positive regulation of bone mineralization,19_GO:0032502 developmental process,-2.9,8.5,5.2,30182,43,330,4,1.2,0.6,6546|8326|9365|55603,SLC8A1|FZD9|KL|TENT5A,-0.8,MyList
GO Biological Processes,19,GO:0009712,catechol-containing compound metabolic process,19_GO:0008152 metabolic process,-2.9,8.5,5.2,30182,43,330,4,1.2,0.6,3642|5071|9365|9627,INSM1|PRKN|KL|SNCAIP,-0.8,MyList
GO Biological Processes,19,GO:0006584,catecholamine metabolic process,19_GO:0008152 metabolic process,-2.9,8.5,5.2,30182,43,330,4,1.2,0.6,3642|5071|9365|9627,INSM1|PRKN|KL|SNCAIP,-0.8,MyList
WikiPathways,27,WP3584,MECP2 and associated Rett syndrome,,-2.9,6.3,4.7,30182,73,330,5,1.5,0.67,1052|2289|2893|3479|3480,CEBPD|FKBP5|GRIA4|IGF1|IGF1R,-0.8,MyList
Reactome Gene Sets,6,R-HSA-1280215,Cytokine Signaling in Immune system,,-2.9,2.3,3.6,30182,730,330,18,5.5,1.3,948|1052|1896|2162|2208|2309|3559|3574|3595|3662|6347|7525|8503|8718|10410|57161|57162|85480,CD36|CEBPD|EDA|F13A1|FCER2|FOXO3|IL2RA|IL7|IL12RB2|IRF4|CCL2|YES1|PIK3R3|TNFRSF25|IFITM3|PELI2|PELI1|TSLP,-0.8,MyList
GO Biological Processes,19,GO:0090130,tissue migration,19_GO:0032501 multicellular organismal process,-2.9,5,4.4,30182,109,330,6,1.8,0.74,1545|8503|23500|57449|57669|90627,CYP1B1|PIK3R3|DAAM2|PLEKHG5|EPB41L5|STARD13,-0.79,MyList
KEGG Pathway,24,hsa04062,Chemokine signaling pathway,,-2.9,3.8,4.1,30182,192,330,8,2.4,0.85,2309|6347|6355|6357|6358|6362|6387|8503,FOXO3|CCL2|CCL8|CCL13|CCL14|CCL18|CXCL12|PIK3R3,-0.79,MyList
Canonical Pathways,11,M3468,NABA ECM REGULATORS,,-2.9,3.5,4,30182,238,330,9,2.7,0.9,710|1075|1509|2162|4325|5276|5654|27151|54757,SERPING1|CTSC|CTSD|F13A1|MMP16|SERPINI2|HTRA1|CPAMD8|FAM20A,-0.79,MyList
GO Biological Processes,19,GO:0044409,entry into host,19_GO:0044419 biological process involved in interspecies interaction between organisms,-2.9,5,4.4,30182,110,330,6,1.8,0.74,1378|4360|7037|11059|30835|339390,CR1|MRC1|TFRC|WWP1|CD209|CLEC4G,-0.78,MyList
GO Biological Processes,19,GO:1903038,negative regulation of leukocyte cell-cell adhesion,19_GO:0048519 negative regulation of biological process,-2.9,4.3,4.2,30182,150,330,7,2.1,0.79,1378|3559|6387|9314|57162|80380|339390,CR1|IL2RA|CXCL12|KLF4|PELI1|PDCD1LG2|CLEC4G,-0.77,MyList
GO Biological Processes,19,GO:0061061,muscle structure development,19_GO:0032502 developmental process,-2.8,2.5,3.7,30182,504,330,14,4.2,1.1,88|785|1756|2115|3479|3516|6261|6546|7168|7273|7832|9215|84976|494470,ACTN2|CACNB4|DMD|ETV1|IGF1|RBPJ|RYR1|SLC8A1|TPM1|TTN|BTG2|LARGE1|DISP1|RNF165,-0.75,MyList
WikiPathways,27,WP5283,Chronic hyperglycemia impairment of neuron function,,-2.8,8.1,5,30182,45,330,4,1.2,0.6,4325|5582|5588|6335,MMP16|PRKCG|PRKCQ|SCN9A,-0.75,MyList
Reactome Gene Sets,6,R-HSA-109582,Hemostasis,,-2.8,2.4,3.6,30182,621,330,16,4.8,1.2,88|710|948|1062|1675|2162|3479|5152|5582|5588|6546|7273|7525|8503|9630|27345,ACTN2|SERPING1|CD36|CENPE|CFD|F13A1|IGF1|PDE9A|PRKCG|PRKCQ|SLC8A1|TTN|YES1|PIK3R3|GNA14|KCNMB4,-0.75,MyList
KEGG Pathway,24,hsa00770,Pantothenate and CoA biosynthesis,,-2.8,13,5.8,30182,21,330,3,0.91,0.52,8875|8876|339896,VNN2|VNN1|GADL1,-0.74,MyList
GO Biological Processes,19,GO:2000300,regulation of synaptic vesicle exocytosis,19_GO:0051179 localization,-2.8,8,5,30182,46,330,4,1.2,0.6,785|5582|6857|9899,CACNB4|PRKCG|SYT1|SV2B,-0.72,MyList
GO Biological Processes,19,GO:0022604,regulation of cell morphogenesis,19_GO:0032502 developmental process,-2.8,3.4,3.9,30182,245,330,9,2.7,0.9,1364|1690|5071|5168|5362|6347|6357|6857|7168,CLDN4|COCH|PRKN|ENPP2|PLXNA2|CCL2|CCL13|SYT1|TPM1,-0.72,MyList
GO Biological Processes,19,GO:0072676,lymphocyte migration,19_GO:0002376 immune system process,-2.8,5.9,4.5,30182,78,330,5,1.5,0.67,6347|6355|6357|6358|6362,CCL2|CCL8|CCL13|CCL14|CCL18,-0.7,MyList
WikiPathways,27,WP428,Wnt signaling,,-2.8,4.8,4.3,30182,115,330,6,1.8,0.74,896|4041|4919|5582|8326|23500,CCND3|LRP5|ROR1|PRKCG|FZD9|DAAM2,-0.7,MyList
KEGG Pathway,24,hsa04150,mTOR signaling pathway,,-2.8,4.1,4.1,30182,156,330,7,2.1,0.79,3479|3480|4041|5582|6502|8326|8503,IGF1|IGF1R|LRP5|PRKCG|SKP2|FZD9|PIK3R3,-0.7,MyList
GO Biological Processes,19,GO:0050961,detection of temperature stimulus involved in sensory perception,19_GO:0032501 multicellular organismal process,-2.8,12,5.7,30182,22,330,3,0.91,0.52,2898|6335|6387,GRIK2|SCN9A|CXCL12,-0.7,MyList
GO Biological Processes,19,GO:0030449,regulation of complement activation,19_GO:0002376 immune system process,-2.8,12,5.7,30182,22,330,3,0.91,0.52,710|725|1378,SERPING1|C4BPB|CR1,-0.7,MyList
WikiPathways,27,WP4760,PKC-gamma calcium signaling pathway in ataxia,,-2.8,12,5.7,30182,22,330,3,0.91,0.52,2893|5582|9630,GRIA4|PRKCG|GNA14,-0.7,MyList
Reactome Gene Sets,6,R-HSA-977606,Regulation of Complement cascade,,-2.8,7.8,4.9,30182,47,330,4,1.2,0.6,710|725|1378|5199,SERPING1|C4BPB|CR1|CFP,-0.7,MyList
GO Biological Processes,19,GO:0002920,regulation of humoral immune response,19_GO:0002376 immune system process,-2.8,7.8,4.9,30182,47,330,4,1.2,0.6,710|725|1378|2208,SERPING1|C4BPB|CR1|FCER2,-0.7,MyList
GO Biological Processes,19,GO:0051046,regulation of secretion,19_GO:0051179 localization,-2.8,2.3,3.5,30182,631,330,16,4.8,1.2,785|3479|4041|5071|5582|5991|6387|6857|7273|9501|9627|9899|27345|55784|56729|93664,CACNB4|IGF1|LRP5|PRKN|PRKCG|RFX3|CXCL12|SYT1|TTN|RPH3AL|SNCAIP|SV2B|KCNMB4|MCTP2|RETN|CADPS2,-0.7,MyList
GO Biological Processes,19,GO:0051056,regulation of small GTPase mediated signal transduction,19_GO:0023052 signaling,-2.8,3.1,3.8,30182,298,330,10,3,0.94,3479|3925|6453|10144|23362|23779|26053|57449|84253|90627,IGF1|STMN1|ITSN1|FAM13A|PSD3|ARHGAP8|AUTS2|PLEKHG5|GARNL3|STARD13,-0.7,MyList
Reactome Gene Sets,6,R-HSA-2122947,NOTCH1 Intracellular Domain Regulates Transcription,,-2.7,7.6,4.8,30182,48,330,4,1.2,0.6,3516|9734|26960|55534,RBPJ|HDAC9|NBEA|MAML3,-0.68,MyList
GO Biological Processes,19,GO:0097242,amyloid-beta clearance,19_GO:0032501 multicellular organismal process,-2.7,12,5.5,30182,23,330,3,0.91,0.52,948|3480|8685,CD36|IGF1R|MARCO,-0.66,MyList
GO Biological Processes,19,GO:0030593,neutrophil chemotaxis,19_GO:0040011 locomotion,-2.7,5.6,4.4,30182,81,330,5,1.5,0.67,6347|6355|6357|6358|6362,CCL2|CCL8|CCL13|CCL14|CCL18,-0.66,MyList
GO Biological Processes,19,GO:0008344,adult locomotory behavior,19_GO:0032501 multicellular organismal process,-2.7,5.6,4.4,30182,81,330,5,1.5,0.67,785|5071|6387|55074|57731,CACNB4|PRKN|CXCL12|OXR1|SPTBN4,-0.66,MyList
Reactome Gene Sets,6,R-HSA-397014,Muscle contraction,,-2.7,3.6,3.9,30182,205,330,8,2.4,0.85,88|1756|2258|6261|6335|6546|7168|7273,ACTN2|DMD|FGF13|RYR1|SCN9A|SLC8A1|TPM1|TTN,-0.66,MyList
WikiPathways,27,WP4787,Osteoblast differentiation and related diseases,,-2.7,4.6,4.2,30182,119,330,6,1.8,0.74,3516|4041|5582|5588|8326|8503,RBPJ|LRP5|PRKCG|PRKCQ|FZD9|PIK3R3,-0.65,MyList
GO Biological Processes,19,GO:0071560,cellular response to transforming growth factor beta stimulus,19_GO:0050896 response to stimulus,-2.7,4,4,30182,161,330,7,2.1,0.79,3248|3480|6660|7525|8287|51741|57669,HPGD|IGF1R|SOX5|YES1|USP9Y|WWOX|EPB41L5,-0.65,MyList
GO Biological Processes,19,GO:0090257,regulation of muscle system process,19_GO:0032501 multicellular organismal process,-2.7,3.2,3.8,30182,254,330,9,2.7,0.9,1756|2258|2309|3479|5152|6546|7168|9472|10203,DMD|FGF13|FOXO3|IGF1|PDE9A|SLC8A1|TPM1|AKAP6|CALCRL,-0.65,MyList
Reactome Gene Sets,6,R-HSA-9006934,Signaling by Receptor Tyrosine Kinases,,-2.7,2.4,3.5,30182,524,330,14,4.2,1.1,1509|2354|2561|3479|3480|3925|6387|7525|8503|9365|11059|51741|56034|161742,CTSD|FOSB|GABRB2|IGF1|IGF1R|STMN1|CXCL12|YES1|PIK3R3|KL|WWP1|WWOX|PDGFC|SPRED1,-0.65,MyList
GO Biological Processes,19,GO:1903351,cellular response to dopamine,19_GO:0050896 response to stimulus,-2.7,5.6,4.4,30182,82,330,5,1.5,0.67,3269|3355|3357|5071|9630,HRH1|HTR1F|HTR2B|PRKN|GNA14,-0.65,MyList
GO Biological Processes,19,GO:0050730,regulation of peptidyl-tyrosine phosphorylation,19_GO:0008152 metabolic process,-2.7,3.2,3.8,30182,255,330,9,2.7,0.9,948|3479|3574|5168|7525|8613|51704|56034|85480,CD36|IGF1|IL7|ENPP2|YES1|PLPP3|GPRC5B|PDGFC|TSLP,-0.65,MyList
Reactome Gene Sets,6,R-HSA-373752,Netrin-1 signaling,,-2.7,7.3,4.7,30182,50,330,4,1.2,0.6,4756|5588|22885|57453,NEO1|PRKCQ|ABLIM3|DSCAML1,-0.64,MyList
GO Biological Processes,19,GO:0019226,transmission of nerve impulse,19_GO:0032501 multicellular organismal process,-2.7,7.3,4.7,30182,50,330,4,1.2,0.6,785|2898|27345|57731,CACNB4|GRIK2|KCNMB4|SPTBN4,-0.64,MyList
GO Biological Processes,19,GO:0007517,muscle organ development,19_GO:0032502 developmental process,-2.7,3,3.7,30182,307,330,10,3,0.94,1756|2115|3479|3516|6261|7168|7273|7832|9215|84976,DMD|ETV1|IGF1|RBPJ|RYR1|TPM1|TTN|BTG2|LARGE1|DISP1,-0.64,MyList
GO Biological Processes,19,GO:1903350,response to dopamine,19_GO:0050896 response to stimulus,-2.7,5.5,4.3,30182,83,330,5,1.5,0.67,3269|3355|3357|5071|9630,HRH1|HTR1F|HTR2B|PRKN|GNA14,-0.64,MyList
Reactome Gene Sets,6,R-HSA-1280218,Adaptive Immune System,,-2.7,2.1,3.4,30182,769,330,18,5.5,1.3,919|948|1062|1075|1509|4360|5071|5588|6502|7525|8503|11059|30835|56654|80380|114132|255488|339390,CD247|CD36|CENPE|CTSC|CTSD|MRC1|PRKN|PRKCQ|SKP2|YES1|PIK3R3|WWP1|CD209|NPDC1|PDCD1LG2|SIGLEC11|RNF144B|CLEC4G,-0.64,MyList
WikiPathways,27,WP334,"GPCRs, class B secretin-like",,-2.7,11,5.4,30182,24,330,3,0.91,0.52,799|10203|23284,CALCR|CALCRL|ADGRL3,-0.64,MyList
GO Biological Processes,19,GO:0046651,lymphocyte proliferation,19_GO:0002376 immune system process,-2.6,4.5,4.1,30182,122,330,6,1.8,0.74,896|3559|3574|5588|57162|339390,CCND3|IL2RA|IL7|PRKCQ|PELI1|CLEC4G,-0.63,MyList
GO Biological Processes,19,GO:0060627,regulation of vesicle-mediated transport,19_GO:0051179 localization,-2.6,2.4,3.5,30182,530,330,14,4.2,1.1,88|785|948|3092|5071|5199|5582|6347|6857|9501|9899|23779|85439|93664,ACTN2|CACNB4|CD36|HIP1|PRKN|CFP|PRKCG|CCL2|SYT1|RPH3AL|SV2B|ARHGAP8|STON2|CADPS2,-0.63,MyList
GO Biological Processes,19,GO:0045778,positive regulation of ossification,19_GO:0048518 positive regulation of biological process,-2.6,7.2,4.6,30182,51,330,4,1.2,0.6,6546|8326|9365|55603,SLC8A1|FZD9|KL|TENT5A,-0.62,MyList
GO Biological Processes,19,GO:0016048,detection of temperature stimulus,19_GO:0050896 response to stimulus,-2.6,11,5.2,30182,25,330,3,0.91,0.52,2898|6335|6387,GRIK2|SCN9A|CXCL12,-0.59,MyList
GO Biological Processes,19,GO:0046622,positive regulation of organ growth,19_GO:0040007 growth,-2.6,7,4.6,30182,52,330,4,1.2,0.6,3479|3516|3574|9472,IGF1|RBPJ|IL7|AKAP6,-0.59,MyList
GO Biological Processes,19,GO:0010324,membrane invagination,19_GO:0009987 cellular process,-2.6,7,4.6,30182,52,330,4,1.2,0.6,948|8685|54874|286046,CD36|MARCO|FNBP1L|XKR6,-0.59,MyList
KEGG Pathway,24,hsa04610,Complement and coagulation cascades,,-2.6,5.3,4.2,30182,86,330,5,1.5,0.67,710|725|1378|1675|2162,SERPING1|C4BPB|CR1|CFD|F13A1,-0.59,MyList
GO Biological Processes,19,GO:0071559,response to transforming growth factor beta,19_GO:0050896 response to stimulus,-2.6,3.8,3.8,30182,168,330,7,2.1,0.79,3248|3480|6660|7525|8287|51741|57669,HPGD|IGF1R|SOX5|YES1|USP9Y|WWOX|EPB41L5,-0.58,MyList
GO Biological Processes,19,GO:0007568,aging,19_GO:0032502 developmental process,-2.6,3.8,3.8,30182,169,330,7,2.1,0.79,710|1075|3480|7037|9365|56729|494470,SERPING1|CTSC|IGF1R|TFRC|KL|RETN|RNF165,-0.57,MyList
GO Biological Processes,19,GO:0032943,mononuclear cell proliferation,19_GO:0009987 cellular process,-2.6,4.4,4,30182,126,330,6,1.8,0.74,896|3559|3574|5588|57162|339390,CCND3|IL2RA|IL7|PRKCQ|PELI1|CLEC4G,-0.57,MyList
GO Biological Processes,19,GO:0070169,positive regulation of biomineral tissue development,19_GO:0032502 developmental process,-2.6,6.9,4.5,30182,53,330,4,1.2,0.6,6546|8326|9365|55603,SLC8A1|FZD9|KL|TENT5A,-0.57,MyList
GO Biological Processes,19,GO:0010823,negative regulation of mitochondrion organization,19_GO:0048519 negative regulation of biological process,-2.6,6.9,4.5,30182,53,330,4,1.2,0.6,3479|5071|7037|8326,IGF1|PRKN|TFRC|FZD9,-0.57,MyList
GO Biological Processes,19,GO:0035235,ionotropic glutamate receptor signaling pathway,19_GO:0023052 signaling,-2.6,11,5.1,30182,26,330,3,0.91,0.52,2893|2898|2899,GRIA4|GRIK2|GRIK3,-0.56,MyList
GO Biological Processes,19,GO:0035994,response to muscle stretch,19_GO:0050896 response to stimulus,-2.6,11,5.1,30182,26,330,3,0.91,0.52,1756|6546|7273,DMD|SLC8A1|TTN,-0.56,MyList
GO Biological Processes,19,GO:0050672,negative regulation of lymphocyte proliferation,19_GO:0002376 immune system process,-2.5,5.2,4.1,30182,88,330,5,1.5,0.67,1378|3559|57162|80380|339390,CR1|IL2RA|PELI1|PDCD1LG2|CLEC4G,-0.56,MyList
GO Biological Processes,19,GO:0007188,adenylate cyclase-modulating G protein-coupled receptor signaling pathway,19_GO:0023052 signaling,-2.5,3.4,3.7,30182,218,330,8,2.4,0.85,799|2899|3355|8685|9630|10203|23284|57211,CALCR|GRIK3|HTR1F|MARCO|GNA14|CALCRL|ADGRL3|ADGRG6,-0.55,MyList
GO Biological Processes,19,GO:1904645,response to amyloid-beta,19_GO:0050896 response to stimulus,-2.5,6.8,4.5,30182,54,330,4,1.2,0.6,799|948|3479|3480,CALCR|CD36|IGF1|IGF1R,-0.55,MyList
GO Biological Processes,19,GO:0110053,regulation of actin filament organization,19_GO:0050789 regulation of biological process,-2.5,3.1,3.6,30182,268,330,9,2.7,0.9,88|3925|5071|6387|7168|9873|23500|57731|342184,ACTN2|STMN1|PRKN|CXCL12|TPM1|FCHSD2|DAAM2|SPTBN4|FMN1,-0.55,MyList
GO Biological Processes,19,GO:1901215,negative regulation of neuron death,19_GO:0048519 negative regulation of biological process,-2.5,3.3,3.7,30182,219,330,8,2.4,0.85,2561|2898|5071|5582|6347|7832|8326|55074,GABRB2|GRIK2|PRKN|PRKCG|CCL2|BTG2|FZD9|OXR1,-0.55,MyList
GO Biological Processes,19,GO:0032945,negative regulation of mononuclear cell proliferation,19_GO:0048519 negative regulation of biological process,-2.5,5.1,4.1,30182,89,330,5,1.5,0.67,1378|3559|57162|80380|339390,CR1|IL2RA|PELI1|PDCD1LG2|CLEC4G,-0.55,MyList
KEGG Pathway,24,hsa04211,Longevity regulating pathway,,-2.5,5.1,4.1,30182,89,330,5,1.5,0.67,2309|3479|3480|8503|9365,FOXO3|IGF1|IGF1R|PIK3R3|KL,-0.55,MyList
GO Biological Processes,19,GO:1902903,regulation of supramolecular fiber organization,19_GO:0050789 regulation of biological process,-2.5,2.7,3.4,30182,376,330,11,3.3,0.99,88|2258|3925|5071|6387|7168|9873|23500|57731|122060|342184,ACTN2|FGF13|STMN1|PRKN|CXCL12|TPM1|FCHSD2|DAAM2|SPTBN4|SLAIN1|FMN1,-0.54,MyList
GO Biological Processes,19,GO:0007405,neuroblast proliferation,19_GO:0032502 developmental process,-2.5,6.7,4.4,30182,55,330,4,1.2,0.6,2258|6660|7832|8326,FGF13|SOX5|BTG2|FZD9,-0.54,MyList
WikiPathways,27,WP3845,Canonical and non-canonical Notch signaling,,-2.5,10,5,30182,27,330,3,0.91,0.52,3516|27255|55534,RBPJ|CNTN6|MAML3,-0.54,MyList
GO Biological Processes,19,GO:0060384,innervation,19_GO:0032502 developmental process,-2.5,10,5,30182,27,330,3,0.91,0.52,2561|5582|494470,GABRB2|PRKCG|RNF165,-0.54,MyList
GO Biological Processes,19,GO:0019934,cGMP-mediated signaling,19_GO:0023052 signaling,-2.5,10,5,30182,27,330,3,0.91,0.52,948|3357|5152,CD36|HTR2B|PDE9A,-0.54,MyList
WikiPathways,27,WP4336,ncRNAs involved in Wnt signaling in hepatocellular carcinoma,,-2.5,5.1,4.1,30182,90,330,5,1.5,0.67,896|4041|4919|8326|9314,CCND3|LRP5|ROR1|FZD9|KLF4,-0.54,MyList
GO Biological Processes,19,GO:1905114,cell surface receptor signaling pathway involved in cell-cell signaling,19_GO:0023052 signaling,-2.5,2.7,3.4,30182,377,330,11,3.3,0.99,1896|2561|2898|4041|4919|8326|8613|9314|23500|51741|56853,EDA|GABRB2|GRIK2|LRP5|ROR1|FZD9|PLPP3|KLF4|DAAM2|WWOX|CELF4,-0.54,MyList
GO Biological Processes,19,GO:0090066,regulation of anatomical structure size,19_GO:0065007 biological regulation,-2.5,2.4,3.3,30182,492,330,13,3.9,1.1,88|2258|3269|3357|6387|6546|9873|23500|27345|57556|57609|57731|342184,ACTN2|FGF13|HRH1|HTR2B|CXCL12|SLC8A1|FCHSD2|DAAM2|KCNMB4|SEMA6A|DIP2B|SPTBN4|FMN1,-0.53,MyList
WikiPathways,27,WP35,G protein signaling pathways,,-2.5,5,4,30182,91,330,5,1.5,0.67,5582|5588|9472|9630|27115,PRKCG|PRKCQ|AKAP6|GNA14|PDE7B,-0.52,MyList
Canonical Pathways,11,M99,PID TXA2PATHWAY,,-2.5,6.5,4.4,30182,56,330,4,1.2,0.6,5582|5588|7525|9630,PRKCG|PRKCQ|YES1|GNA14,-0.52,MyList
Reactome Gene Sets,6,R-HSA-8939211,ESR-mediated signaling,,-2.5,3.3,3.6,30182,223,330,8,2.4,0.85,1509|2289|2309|2354|3480|6387|8503|9687,CTSD|FKBP5|FOXO3|FOSB|IGF1R|CXCL12|PIK3R3|GREB1,-0.52,MyList
GO Biological Processes,19,GO:0051099,positive regulation of binding,19_GO:0065007 biological regulation,-2.5,3.6,3.7,30182,176,330,7,2.1,0.79,3479|3662|3925|5071|5334|9314|57669,IGF1|IRF4|STMN1|PRKN|PLCL1|KLF4|EPB41L5,-0.52,MyList
GO Biological Processes,19,GO:1901214,regulation of neuron death,19_GO:0050789 regulation of biological process,-2.5,2.8,3.4,30182,327,330,10,3,0.94,2309|2561|2898|5071|5582|6347|7832|8326|22800|55074,FOXO3|GABRB2|GRIK2|PRKN|PRKCG|CCL2|BTG2|FZD9|RRAS2|OXR1,-0.52,MyList
GO Biological Processes,19,GO:1990266,neutrophil migration,19_GO:0002376 immune system process,-2.5,5,4,30182,92,330,5,1.5,0.67,6347|6355|6357|6358|6362,CCL2|CCL8|CCL13|CCL14|CCL18,-0.52,MyList
GO Biological Processes,19,GO:0002460,adaptive immune response based on somatic recombination of immune receptors built from immunoglobulin superfamily domains,19_GO:0002376 immune system process,-2.5,3.6,3.7,30182,177,330,7,2.1,0.79,710|725|1075|1378|3662|8284|339390,SERPING1|C4BPB|CTSC|CR1|IRF4|KDM5D|CLEC4G,-0.52,MyList
GO Biological Processes,19,GO:0019058,viral life cycle,19_GO:0016032 viral process,-2.5,3.6,3.7,30182,177,330,7,2.1,0.79,1378|4360|6347|7037|11059|30835|339390,CR1|MRC1|CCL2|TFRC|WWP1|CD209|CLEC4G,-0.52,MyList
GO Biological Processes,19,GO:0007214,gamma-aminobutyric acid signaling pathway,19_GO:0023052 signaling,-2.5,9.8,4.9,30182,28,330,3,0.91,0.52,785|2561|5334,CACNB4|GABRB2|PLCL1,-0.52,MyList
Canonical Pathways,11,M77,PID WNT SIGNALING PATHWAY,,-2.5,9.8,4.9,30182,28,330,3,0.91,0.52,3487|4041|8326,IGFBP4|LRP5|FZD9,-0.52,MyList
GO Biological Processes,19,GO:0050951,sensory perception of temperature stimulus,19_GO:0032501 multicellular organismal process,-2.5,9.8,4.9,30182,28,330,3,0.91,0.52,2898|6335|6387,GRIK2|SCN9A|CXCL12,-0.52,MyList
Reactome Gene Sets,6,R-HSA-350054,Notch-HLH transcription pathway,,-2.5,9.8,4.9,30182,28,330,3,0.91,0.52,3516|9734|55534,RBPJ|HDAC9|MAML3,-0.52,MyList
GO Biological Processes,19,GO:0043388,positive regulation of DNA binding,19_GO:0065007 biological regulation,-2.5,6.4,4.3,30182,57,330,4,1.2,0.6,3479|3662|5071|9314,IGF1|IRF4|PRKN|KLF4,-0.51,MyList
GO Biological Processes,19,GO:0007611,learning or memory,19_GO:0032501 multicellular organismal process,-2.5,3,3.5,30182,276,330,9,2.7,0.9,2258|3269|4885|5071|5582|7832|8326|10396|55450,FGF13|HRH1|NPTX2|PRKN|PRKCG|BTG2|FZD9|ATP8A1|CAMK2N1,-0.51,MyList
GO Biological Processes,19,GO:0006936,muscle contraction,19_GO:0032501 multicellular organismal process,-2.4,3.2,3.5,30182,228,330,8,2.4,0.85,323|1756|1837|3357|6261|6546|7168|7273,APBB2|DMD|DTNA|HTR2B|RYR1|SLC8A1|TPM1|TTN,-0.49,MyList
GO Biological Processes,19,GO:0045580,regulation of T cell differentiation,19_GO:0002376 immune system process,-2.4,3.6,3.6,30182,180,330,7,2.1,0.79,1378|2309|3559|3574|3662|8876|339390,CR1|FOXO3|IL2RA|IL7|IRF4|VNN1|CLEC4G,-0.49,MyList
Reactome Gene Sets,6,R-HSA-9615017,"FOXO-mediated transcription of oxidative stress, metabolic and neuronal genes",,-2.4,9.5,4.8,30182,29,330,3,0.91,0.52,2309|23460|56729,FOXO3|ABCA6|RETN,-0.49,MyList
GO Biological Processes,19,GO:0019933,cAMP-mediated signaling,19_GO:0023052 signaling,-2.4,9.5,4.8,30182,29,330,3,0.91,0.52,9472|27115|57211,AKAP6|PDE7B|ADGRG6,-0.49,MyList
GO Biological Processes,19,GO:0061436,establishment of skin barrier,19_GO:0032502 developmental process,-2.4,9.5,4.8,30182,29,330,3,0.91,0.52,1364|3925|9314,CLDN4|STMN1|KLF4,-0.49,MyList
GO Biological Processes,19,GO:0050731,positive regulation of peptidyl-tyrosine phosphorylation,19_GO:0048518 positive regulation of biological process,-2.4,3.5,3.6,30182,181,330,7,2.1,0.79,948|3479|5168|7525|8613|51704|85480,CD36|IGF1|ENPP2|YES1|PLPP3|GPRC5B|TSLP,-0.48,MyList
GO Biological Processes,19,GO:0001764,neuron migration,19_GO:0032502 developmental process,-2.4,4,3.7,30182,136,330,6,1.8,0.74,2258|4756|6387|23245|23284|26053,FGF13|NEO1|CXCL12|ASTN2|ADGRL3|AUTS2,-0.48,MyList
GO Biological Processes,19,GO:0071870,cellular response to catecholamine stimulus,19_GO:0050896 response to stimulus,-2.4,4.8,3.9,30182,96,330,5,1.5,0.67,3269|3355|3357|5071|9630,HRH1|HTR1F|HTR2B|PRKN|GNA14,-0.46,MyList
GO Biological Processes,19,GO:0070664,negative regulation of leukocyte proliferation,19_GO:0048519 negative regulation of biological process,-2.4,4.8,3.9,30182,96,330,5,1.5,0.67,1378|3559|57162|80380|339390,CR1|IL2RA|PELI1|PDCD1LG2|CLEC4G,-0.46,MyList
GO Biological Processes,19,GO:0071868,cellular response to monoamine stimulus,19_GO:0050896 response to stimulus,-2.4,4.8,3.9,30182,96,330,5,1.5,0.67,3269|3355|3357|5071|9630,HRH1|HTR1F|HTR2B|PRKN|GNA14,-0.46,MyList
Reactome Gene Sets,6,R-HSA-9012999,RHO GTPase cycle,,-2.4,2.4,3.2,30182,449,330,12,3.6,1,390|6434|6453|7037|8503|10144|22800|23779|54874|57449|57522|90627,RND3|TRA2B|ITSN1|TFRC|PIK3R3|FAM13A|RRAS2|ARHGAP8|FNBP1L|PLEKHG5|SRGAP1|STARD13,-0.46,MyList
GO Biological Processes,19,GO:0044000,movement in host,19_GO:0044419 biological process involved in interspecies interaction between organisms,-2.4,4,3.7,30182,138,330,6,1.8,0.74,1378|4360|7037|11059|30835|339390,CR1|MRC1|TFRC|WWP1|CD209|CLEC4G,-0.46,MyList
GO Biological Processes,19,GO:0006958,"complement activation, classical pathway",19_GO:0002376 immune system process,-2.4,9.1,4.7,30182,30,330,3,0.91,0.52,710|725|1378,SERPING1|C4BPB|CR1,-0.46,MyList
KEGG Pathway,24,hsa04730,Long-term depression,,-2.4,6.1,4.2,30182,60,330,4,1.2,0.6,3479|3480|5582|6261,IGF1|IGF1R|PRKCG|RYR1,-0.46,MyList
GO Biological Processes,19,GO:0030111,regulation of Wnt signaling pathway,19_GO:0023052 signaling,-2.4,2.7,3.3,30182,338,330,10,3,0.94,1896|3487|3516|4300|5071|8326|8613|23500|51704|51741,EDA|IGFBP4|RBPJ|MLLT3|PRKN|FZD9|PLPP3|DAAM2|GPRC5B|WWOX,-0.45,MyList
GO Biological Processes,19,GO:0071407,cellular response to organic cyclic compound,19_GO:0050896 response to stimulus,-2.4,2.3,3.2,30182,510,330,13,3.9,1.1,1545|2561|3269|3355|3357|3480|5071|6261|6347|6546|9472|9630|164091,CYP1B1|GABRB2|HRH1|HTR1F|HTR2B|IGF1R|PRKN|RYR1|CCL2|SLC8A1|AKAP6|GNA14|PAQR7,-0.45,MyList
GO Biological Processes,19,GO:0003012,muscle system process,19_GO:0032501 multicellular organismal process,-2.4,2.9,3.4,30182,285,330,9,2.7,0.9,323|1756|1837|3357|3479|6261|6546|7168|7273,APBB2|DMD|DTNA|HTR2B|IGF1|RYR1|SLC8A1|TPM1|TTN,-0.45,MyList
WikiPathways,27,WP5083,Neuroinflammation and glutamatergic signaling,,-2.3,3.9,3.6,30182,140,330,6,1.8,0.74,2893|2898|2899|3479|5582|6470,GRIA4|GRIK2|GRIK3|IGF1|PRKCG|SHMT1,-0.44,MyList
GO Biological Processes,19,GO:0097529,myeloid leukocyte migration,19_GO:0002376 immune system process,-2.3,3.9,3.6,30182,140,330,6,1.8,0.74,3269|6347|6355|6357|6358|6362,HRH1|CCL2|CCL8|CCL13|CCL14|CCL18,-0.44,MyList
GO Biological Processes,19,GO:0006869,lipid transport,19_GO:0051179 localization,-2.3,2.7,3.3,30182,341,330,10,3,0.94,225|948|10350|10396|23460|23762|80832|114880|116362|286046,ABCD2|CD36|ABCA9|ATP8A1|ABCA6|OSBP2|APOL4|OSBPL6|RBP7|XKR6,-0.43,MyList
GO Biological Processes,19,GO:0010880,regulation of release of sequestered calcium ion into cytosol by sarcoplasmic reticulum,19_GO:0042592 homeostatic process,-2.3,8.9,4.6,30182,31,330,3,0.91,0.52,1756|6546|9472,DMD|SLC8A1|AKAP6,-0.43,MyList
WikiPathways,27,WP2877,Vitamin D receptor pathway,,-2.3,3.4,3.5,30182,187,330,7,2.1,0.79,3662|4041|5588|6546|7168|9314|9365,IRF4|LRP5|PRKCQ|SLC8A1|TPM1|KLF4|KL,-0.43,MyList
GO Biological Processes,19,GO:0071869,response to catecholamine,19_GO:0050896 response to stimulus,-2.3,4.6,3.8,30182,99,330,5,1.5,0.67,3269|3355|3357|5071|9630,HRH1|HTR1F|HTR2B|PRKN|GNA14,-0.43,MyList
GO Biological Processes,19,GO:0071867,response to monoamine,19_GO:0050896 response to stimulus,-2.3,4.6,3.8,30182,99,330,5,1.5,0.67,3269|3355|3357|5071|9630,HRH1|HTR1F|HTR2B|PRKN|GNA14,-0.43,MyList
KEGG Pathway,24,hsa04213,Longevity regulating pathway - multiple species,,-2.3,5.9,4.1,30182,62,330,4,1.2,0.6,2309|3479|3480|8503,FOXO3|IGF1|IGF1R|PIK3R3,-0.42,MyList
GO Biological Processes,19,GO:0010631,epithelial cell migration,19_GO:0032501 multicellular organismal process,-2.3,4.6,3.8,30182,100,330,5,1.5,0.67,1545|8503|23500|57449|90627,CYP1B1|PIK3R3|DAAM2|PLEKHG5|STARD13,-0.41,MyList
GO Biological Processes,19,GO:0003002,regionalization,19_GO:0032502 developmental process,-2.3,2.5,3.2,30182,401,330,11,3.3,0.99,3516|4041|4300|5362|5991|6434|7832|23500|57453|57669|84976,RBPJ|LRP5|MLLT3|PLXNA2|RFX3|TRA2B|BTG2|DAAM2|DSCAML1|EPB41L5|DISP1,-0.41,MyList
GO Biological Processes,19,GO:0002889,regulation of immunoglobulin mediated immune response,19_GO:0002376 immune system process,-2.3,5.8,4,30182,63,330,4,1.2,0.6,725|1378|2208|7037,C4BPB|CR1|FCER2|TFRC,-0.41,MyList
GO Biological Processes,19,GO:0002712,regulation of B cell mediated immunity,19_GO:0002376 immune system process,-2.3,5.8,4,30182,63,330,4,1.2,0.6,725|1378|2208|7037,C4BPB|CR1|FCER2|TFRC,-0.41,MyList
Reactome Gene Sets,6,R-HSA-1251985,Nuclear signaling by ERBB4,,-2.3,8.6,4.5,30182,32,330,3,0.91,0.52,3925|6387|51741,STMN1|CXCL12|WWOX,-0.41,MyList
GO Biological Processes,19,GO:0007628,adult walking behavior,19_GO:0032501 multicellular organismal process,-2.3,8.6,4.5,30182,32,330,3,0.91,0.52,785|55074|57731,CACNB4|OXR1|SPTBN4,-0.41,MyList
WikiPathways,27,WP4149,White fat cell differentiation,,-2.3,8.6,4.5,30182,32,330,3,0.91,0.52,1052|3662|9314,CEBPD|IRF4|KLF4,-0.41,MyList
GO Biological Processes,19,GO:0060070,canonical Wnt signaling pathway,19_GO:0023052 signaling,-2.3,4.5,3.7,30182,101,330,5,1.5,0.67,1896|4041|8326|8613|9314,EDA|LRP5|FZD9|PLPP3|KLF4,-0.4,MyList
GO Biological Processes,19,GO:0070661,leukocyte proliferation,19_GO:0009987 cellular process,-2.3,3.8,3.6,30182,144,330,6,1.8,0.74,896|3559|3574|5588|57162|339390,CCND3|IL2RA|IL7|PRKCQ|PELI1|CLEC4G,-0.4,MyList
WikiPathways,27,WP399,Wnt signaling pathway and pluripotency,,-2.3,4.5,3.7,30182,102,330,5,1.5,0.67,896|4041|5582|5588|8326,CCND3|LRP5|PRKCG|PRKCQ|FZD9,-0.39,MyList
GO Biological Processes,19,GO:0071347,cellular response to interleukin-1,19_GO:0050896 response to stimulus,-2.3,4.5,3.7,30182,102,330,5,1.5,0.67,6347|6355|6357|6358|6362,CCL2|CCL8|CCL13|CCL14|CCL18,-0.39,MyList
GO Biological Processes,19,GO:0046649,lymphocyte activation,19_GO:0002376 immune system process,-2.3,2.4,3.1,30182,464,330,12,3.6,1,896|919|3516|3559|3574|3662|5588|8326|8503|9734|57162|339390,CCND3|CD247|RBPJ|IL2RA|IL7|IRF4|PRKCQ|FZD9|PIK3R3|HDAC9|PELI1|CLEC4G,-0.39,MyList
GO Biological Processes,19,GO:0030177,positive regulation of Wnt signaling pathway,19_GO:0023052 signaling,-2.3,3.8,3.5,30182,146,330,6,1.8,0.74,1896|3516|4300|8326|23500|51704,EDA|RBPJ|MLLT3|FZD9|DAAM2|GPRC5B,-0.38,MyList
Reactome Gene Sets,6,R-HSA-8856828,Clathrin-mediated endocytosis,,-2.3,3.8,3.5,30182,146,330,6,1.8,0.74,3092|6453|6857|7037|54874|85439,HIP1|ITSN1|SYT1|TFRC|FNBP1L|STON2,-0.38,MyList
WikiPathways,27,WP58,Monoamine GPCRs,,-2.3,8.3,4.4,30182,33,330,3,0.91,0.52,3269|3355|3357,HRH1|HTR1F|HTR2B,-0.38,MyList
Reactome Gene Sets,6,R-HSA-1980145,Signaling by NOTCH2,,-2.3,8.3,4.4,30182,33,330,3,0.91,0.52,2208|3516|55534,FCER2|RBPJ|MAML3,-0.38,MyList
GO Biological Processes,19,GO:1990776,response to angiotensin,19_GO:0050896 response to stimulus,-2.3,8.3,4.4,30182,33,330,3,0.91,0.52,88|3480|9365,ACTN2|IGF1R|KL,-0.38,MyList
GO Biological Processes,19,GO:0090132,epithelium migration,19_GO:0032501 multicellular organismal process,-2.3,4.4,3.7,30182,103,330,5,1.5,0.67,1545|8503|23500|57449|90627,CYP1B1|PIK3R3|DAAM2|PLEKHG5|STARD13,-0.38,MyList
Reactome Gene Sets,6,R-HSA-9614085,FOXO-mediated transcription,,-2.2,5.6,3.9,30182,65,330,4,1.2,0.6,2309|9314|23460|56729,FOXO3|KLF4|ABCA6|RETN,-0.38,MyList
WikiPathways,27,WP3651,Pathways affected in adenoid cystic carcinoma,,-2.2,5.6,3.9,30182,65,330,4,1.2,0.6,2309|9223|27255|55534,FOXO3|MAGI1|CNTN6|MAML3,-0.38,MyList
GO Biological Processes,19,GO:0050900,leukocyte migration,19_GO:0002376 immune system process,-2.2,3,3.3,30182,244,330,8,2.4,0.85,2650|3269|6347|6355|6357|6358|6362|7525,GCNT1|HRH1|CCL2|CCL8|CCL13|CCL14|CCL18|YES1,-0.38,MyList
GO Biological Processes,19,GO:0017157,regulation of exocytosis,19_GO:0051179 localization,-2.2,3.3,3.4,30182,194,330,7,2.1,0.79,785|5071|5582|6857|9501|9899|93664,CACNB4|PRKN|PRKCG|SYT1|RPH3AL|SV2B|CADPS2,-0.38,MyList
GO Biological Processes,19,GO:0120161,regulation of cold-induced thermogenesis,19_GO:0042592 homeostatic process,-2.2,3.7,3.5,30182,147,330,6,1.8,0.74,948|3480|3516|3662|5334|56034,CD36|IGF1R|RBPJ|IRF4|PLCL1|PDGFC,-0.38,MyList
Reactome Gene Sets,6,R-HSA-8980692,RHOA GTPase cycle,,-2.2,3.7,3.5,30182,147,330,6,1.8,0.74,7037|10144|23779|57449|57522|90627,TFRC|FAM13A|ARHGAP8|PLEKHG5|SRGAP1|STARD13,-0.38,MyList
GO Biological Processes,19,GO:0030029,actin filament-based process,19_GO:0009987 cellular process,-2.2,2.2,3,30182,589,330,14,4.2,1.1,88|390|3092|7168|7273|23500|26053|54874|55930|57669|57731|90627|257019|342184,ACTN2|RND3|HIP1|TPM1|TTN|DAAM2|AUTS2|FNBP1L|MYO5C|EPB41L5|SPTBN4|STARD13|FRMD3|FMN1,-0.38,MyList
WikiPathways,27,WP1544,MicroRNAs in cardiomyocyte hypertrophy,,-2.2,4.4,3.6,30182,104,330,5,1.5,0.67,3479|3480|4041|8503|9734,IGF1|IGF1R|LRP5|PIK3R3|HDAC9,-0.38,MyList
GO Biological Processes,19,GO:0030036,actin cytoskeleton organization,19_GO:0009987 cellular process,-2.2,2.3,3.1,30182,528,330,13,3.9,1.1,88|390|3092|7168|7273|23500|26053|55930|57669|57731|90627|257019|342184,ACTN2|RND3|HIP1|TPM1|TTN|DAAM2|AUTS2|MYO5C|EPB41L5|SPTBN4|STARD13|FRMD3|FMN1,-0.38,MyList
Reactome Gene Sets,6,R-HSA-9006931,Signaling by Nuclear Receptors,,-2.2,2.8,3.2,30182,299,330,9,2.7,0.9,1509|2289|2309|2354|3480|5166|6387|8503|9687,CTSD|FKBP5|FOXO3|FOSB|IGF1R|PDK4|CXCL12|PIK3R3|GREB1,-0.37,MyList
GO Biological Processes,19,GO:0002455,humoral immune response mediated by circulating immunoglobulin,19_GO:0002376 immune system process,-2.2,8.1,4.3,30182,34,330,3,0.91,0.52,710|725|1378,SERPING1|C4BPB|CR1,-0.37,MyList
GO Biological Processes,19,GO:0098664,G protein-coupled serotonin receptor signaling pathway,19_GO:0023052 signaling,-2.2,8.1,4.3,30182,34,330,3,0.91,0.52,3269|3355|3357,HRH1|HTR1F|HTR2B,-0.37,MyList
GO Biological Processes,19,GO:0090659,walking behavior,19_GO:0032501 multicellular organismal process,-2.2,8.1,4.3,30182,34,330,3,0.91,0.52,785|55074|57731,CACNB4|OXR1|SPTBN4,-0.37,MyList
GO Biological Processes,19,GO:0099171,presynaptic modulation of chemical synaptic transmission,19_GO:0023052 signaling,-2.2,8.1,4.3,30182,34,330,3,0.91,0.52,2898|3092|5582,GRIK2|HIP1|PRKCG,-0.37,MyList
KEGG Pathway,24,hsa05200,Pathways in cancer,,-2.2,2.2,3,30182,531,330,13,3.9,1.1,896|3479|3480|3559|3574|3595|4041|5582|6387|6502|8326|8503|57449,CCND3|IGF1|IGF1R|IL2RA|IL7|IL12RB2|LRP5|PRKCG|CXCL12|SKP2|FZD9|PIK3R3|PLEKHG5,-0.37,MyList
GO Biological Processes,19,GO:0030595,leukocyte chemotaxis,19_GO:0040011 locomotion,-2.2,3.7,3.5,30182,149,330,6,1.8,0.74,3269|6347|6355|6357|6358|6362,HRH1|CCL2|CCL8|CCL13|CCL14|CCL18,-0.37,MyList
GO Biological Processes,19,GO:0008064,regulation of actin polymerization or depolymerization,19_GO:0050789 regulation of biological process,-2.2,3.7,3.5,30182,149,330,6,1.8,0.74,88|6387|9873|23500|57731|342184,ACTN2|CXCL12|FCHSD2|DAAM2|SPTBN4|FMN1,-0.37,MyList
GO Biological Processes,19,GO:0009725,response to hormone,19_GO:0050896 response to stimulus,-2.2,2,2.9,30182,784,330,17,5.2,1.2,88|799|1364|1545|2354|2650|3480|4199|5166|6387|7832|8412|8503|9365|9734|56729|164091,ACTN2|CALCR|CLDN4|CYP1B1|FOSB|GCNT1|IGF1R|ME1|PDK4|CXCL12|BTG2|BCAR3|PIK3R3|KL|HDAC9|RETN|PAQR7,-0.37,MyList
GO Biological Processes,19,GO:0007169,transmembrane receptor protein tyrosine kinase signaling pathway,19_GO:0023052 signaling,-2.2,2.4,3.1,30182,416,330,11,3.3,0.99,2444|2675|3479|3480|3925|5166|7525|8412|8503|9365|56034,FRK|GFRA2|IGF1|IGF1R|STMN1|PDK4|YES1|BCAR3|PIK3R3|KL|PDGFC,-0.34,MyList
WikiPathways,27,WP5090,Complement system in neuronal development and plasticity,,-2.2,4.3,3.6,30182,107,330,5,1.5,0.67,710|725|1378|1675|5199,SERPING1|C4BPB|CR1|CFD|CFP,-0.34,MyList
GO Biological Processes,19,GO:0098773,skin epidermis development,19_GO:0032502 developmental process,-2.2,4.3,3.6,30182,107,330,5,1.5,0.67,1364|1896|3516|3925|9314,CLDN4|EDA|RBPJ|STMN1|KLF4,-0.34,MyList
GO Biological Processes,19,GO:1990806,ligand-gated ion channel signaling pathway,19_GO:0023052 signaling,-2.2,7.8,4.3,30182,35,330,3,0.91,0.52,2893|2898|2899,GRIA4|GRIK2|GRIK3,-0.34,MyList
GO Biological Processes,19,GO:0042110,T cell activation,19_GO:0002376 immune system process,-2.2,2.7,3.1,30182,304,330,9,2.7,0.9,896|919|3559|3574|3662|5588|8503|57162|339390,CCND3|CD247|IL2RA|IL7|IRF4|PRKCQ|PIK3R3|PELI1|CLEC4G,-0.34,MyList
GO Biological Processes,19,GO:0008286,insulin receptor signaling pathway,19_GO:0023052 signaling,-2.2,5.4,3.8,30182,68,330,4,1.2,0.6,3480|5166|8412|8503,IGF1R|PDK4|BCAR3|PIK3R3,-0.34,MyList
GO Biological Processes,19,GO:0007612,learning,19_GO:0032501 multicellular organismal process,-2.2,3.6,3.4,30182,152,330,6,1.8,0.74,2258|3269|4885|5071|7832|10396,FGF13|HRH1|NPTX2|PRKN|BTG2|ATP8A1,-0.34,MyList
GO Biological Processes,19,GO:0030832,regulation of actin filament length,19_GO:0050789 regulation of biological process,-2.2,3.6,3.4,30182,152,330,6,1.8,0.74,88|6387|9873|23500|57731|342184,ACTN2|CXCL12|FCHSD2|DAAM2|SPTBN4|FMN1,-0.34,MyList
Reactome Gene Sets,6,R-HSA-388841,Costimulation by the CD28 family,,-2.2,5.3,3.8,30182,69,330,4,1.2,0.6,919|7525|8503|80380,CD247|YES1|PIK3R3|PDCD1LG2,-0.32,MyList
KEGG Pathway,24,hsa04066,HIF-1 signaling pathway,,-2.2,4.2,3.5,30182,109,330,5,1.5,0.67,3479|3480|5582|7037|8503,IGF1|IGF1R|PRKCG|TFRC|PIK3R3,-0.32,MyList
GO Biological Processes,19,GO:0010613,positive regulation of cardiac muscle hypertrophy,19_GO:0048518 positive regulation of biological process,-2.1,7.6,4.2,30182,36,330,3,0.91,0.52,3479|5152|9472,IGF1|PDE9A|AKAP6,-0.32,MyList
GO Biological Processes,19,GO:0006911,"phagocytosis, engulfment",19_GO:0051179 localization,-2.1,7.6,4.2,30182,36,330,3,0.91,0.52,948|8685|286046,CD36|MARCO|XKR6,-0.32,MyList
Reactome Gene Sets,6,R-HSA-1266695,Interleukin-7 signaling,,-2.1,7.6,4.2,30182,36,330,3,0.91,0.52,3574|8503|85480,IL7|PIK3R3|TSLP,-0.32,MyList
GO Biological Processes,19,GO:0010959,regulation of metal ion transport,19_GO:0051179 localization,-2.1,2.4,3,30182,423,330,11,3.3,0.99,88|785|799|1756|1804|2258|6347|6387|6546|9472|57731,ACTN2|CACNB4|CALCR|DMD|DPP6|FGF13|CCL2|CXCL12|SLC8A1|AKAP6|SPTBN4,-0.31,MyList
GO Biological Processes,19,GO:0006941,striated muscle contraction,19_GO:0032501 multicellular organismal process,-2.1,4.2,3.5,30182,110,330,5,1.5,0.67,1756|1837|6546|7168|7273,DMD|DTNA|SLC8A1|TPM1|TTN,-0.31,MyList
GO Biological Processes,19,GO:0090263,positive regulation of canonical Wnt signaling pathway,19_GO:0023052 signaling,-2.1,4.2,3.5,30182,110,330,5,1.5,0.67,1896|3516|8326|23500|51704,EDA|RBPJ|FZD9|DAAM2|GPRC5B,-0.31,MyList
WikiPathways,27,WP5130,Th17 cell differentiation pathway,,-2.1,5.2,3.7,30182,70,330,4,1.2,0.6,919|3559|3662|5588,CD247|IL2RA|IRF4|PRKCQ,-0.31,MyList
GO Biological Processes,19,GO:0043542,endothelial cell migration,19_GO:0032501 multicellular organismal process,-2.1,5.2,3.7,30182,70,330,4,1.2,0.6,1545|8503|57449|90627,CYP1B1|PIK3R3|PLEKHG5|STARD13,-0.31,MyList
GO Biological Processes,19,GO:0050770,regulation of axonogenesis,19_GO:0032502 developmental process,-2.1,3.5,3.3,30182,155,330,6,1.8,0.74,2258|5362|6387|57556|57609|57689,FGF13|PLXNA2|CXCL12|SEMA6A|DIP2B|LRRC4C,-0.31,MyList
GO Biological Processes,19,GO:1901653,cellular response to peptide,19_GO:0050896 response to stimulus,-2.1,2.7,3.1,30182,310,330,9,2.7,0.9,88|948|1545|3479|3480|5166|8412|8503|9734,ACTN2|CD36|CYP1B1|IGF1|IGF1R|PDK4|BCAR3|PIK3R3|HDAC9,-0.31,MyList
KEGG Pathway,24,hsa04080,Neuroactive ligand-receptor interaction,,-2.1,2.5,3,30182,367,330,10,3,0.94,799|2561|2893|2898|2899|3269|3355|3357|9934|10203,CALCR|GABRB2|GRIA4|GRIK2|GRIK3|HRH1|HTR1F|HTR2B|P2RY14|CALCRL,-0.31,MyList
GO Biological Processes,19,GO:0051701,biological process involved in interaction with host,19_GO:0044419 biological process involved in interspecies interaction between organisms,-2.1,3.5,3.3,30182,156,330,6,1.8,0.74,1378|4360|7037|11059|30835|339390,CR1|MRC1|TFRC|WWP1|CD209|CLEC4G,-0.31,MyList
WikiPathways,27,WP289,Myometrial relaxation and contraction pathways,,-2.1,3.5,3.3,30182,156,330,6,1.8,0.74,3487|5582|5588|6004|6261|6546,IGFBP4|PRKCG|PRKCQ|RGS16|RYR1|SLC8A1,-0.31,MyList
GO Biological Processes,19,GO:0007605,sensory perception of sound,19_GO:0032501 multicellular organismal process,-2.1,3.5,3.3,30182,156,330,6,1.8,0.74,1690|2561|4919|8556|57731|89797,COCH|GABRB2|ROR1|CDC14A|SPTBN4|NAV2,-0.31,MyList
GO Biological Processes,19,GO:0071674,mononuclear cell migration,19_GO:0002376 immune system process,-2.1,4.1,3.5,30182,111,330,5,1.5,0.67,6347|6355|6357|6358|6362,CCL2|CCL8|CCL13|CCL14|CCL18,-0.31,MyList
Reactome Gene Sets,6,R-HSA-112314,Neurotransmitter receptors and postsynaptic signal transmission,,-2.1,3.1,3.2,30182,205,330,7,2.1,0.79,88|2561|2893|2898|2899|5582|26960,ACTN2|GABRB2|GRIA4|GRIK2|GRIK3|PRKCG|NBEA,-0.31,MyList
GO Biological Processes,19,GO:0014742,positive regulation of muscle hypertrophy,19_GO:0048518 positive regulation of biological process,-2.1,7.4,4.1,30182,37,330,3,0.91,0.52,3479|5152|9472,IGF1|PDE9A|AKAP6,-0.31,MyList
KEGG Pathway,24,hsa04960,Aldosterone-regulated sodium reabsorption,,-2.1,7.4,4.1,30182,37,330,3,0.91,0.52,3479|5582|8503,IGF1|PRKCG|PIK3R3,-0.31,MyList
GO Biological Processes,19,GO:0055023,positive regulation of cardiac muscle tissue growth,19_GO:0040007 growth,-2.1,7.4,4.1,30182,37,330,3,0.91,0.52,3479|3516|9472,IGF1|RBPJ|AKAP6,-0.31,MyList
GO Biological Processes,19,GO:0014059,regulation of dopamine secretion,19_GO:0051179 localization,-2.1,7.4,4.1,30182,37,330,3,0.91,0.52,5071|6387|6857,PRKN|CXCL12|SYT1,-0.31,MyList
WikiPathways,27,WP4906,3q29 copy number variation syndrome,,-2.1,5.2,3.7,30182,71,330,4,1.2,0.6,7037|8503|30061|54965,TFRC|PIK3R3|SLC40A1|PIGX,-0.31,MyList
GO Biological Processes,19,GO:0040013,negative regulation of locomotion,19_GO:0040011 locomotion,-2.1,2.4,3,30182,427,330,11,3.3,0.99,1545|2309|6347|6387|7168|9314|57522|57556|90627|161742|340533,CYP1B1|FOXO3|CCL2|CXCL12|TPM1|KLF4|SRGAP1|SEMA6A|STARD13|SPRED1|NEXMIF,-0.3,MyList
GO Biological Processes,19,GO:0045927,positive regulation of growth,19_GO:0040007 growth,-2.1,2.8,3.1,30182,258,330,8,2.4,0.85,3479|3516|3574|5071|6387|6857|9472|57731,IGF1|RBPJ|IL7|PRKN|CXCL12|SYT1|AKAP6|SPTBN4,-0.3,MyList
GO Biological Processes,19,GO:0031032,actomyosin structure organization,19_GO:0009987 cellular process,-2.1,4.1,3.4,30182,112,330,5,1.5,0.67,88|7168|7273|57669|257019,ACTN2|TPM1|TTN|EPB41L5|FRMD3,-0.3,MyList
GO Biological Processes,19,GO:0071363,cellular response to growth factor stimulus,19_GO:0050896 response to stimulus,-2.1,2.2,2.9,30182,488,330,12,3.6,1,3248|3480|6347|6660|7525|8287|9314|9365|9638|51741|57556|57669,HPGD|IGF1R|CCL2|SOX5|YES1|USP9Y|KLF4|KL|FEZ1|WWOX|SEMA6A|EPB41L5,-0.3,MyList
GO Biological Processes,19,GO:0031623,receptor internalization,19_GO:0051179 localization,-2.1,5.1,3.6,30182,72,330,4,1.2,0.6,948|3357|7037|10203,CD36|HTR2B|TFRC|CALCRL,-0.3,MyList
KEGG Pathway,24,hsa05223,Non-small cell lung cancer,,-2.1,5.1,3.6,30182,72,330,4,1.2,0.6,2272|2309|5582|8503,FHIT|FOXO3|PRKCG|PIK3R3,-0.3,MyList
KEGG Pathway,24,hsa05218,Melanoma,,-2.1,5.1,3.6,30182,72,330,4,1.2,0.6,3479|3480|8503|56034,IGF1|IGF1R|PIK3R3|PDGFC,-0.3,MyList
WikiPathways,27,WP4255,Non-small cell lung cancer,,-2.1,5.1,3.6,30182,72,330,4,1.2,0.6,2272|2309|5582|8503,FHIT|FOXO3|PRKCG|PIK3R3,-0.3,MyList
GO Biological Processes,19,GO:0032414,positive regulation of ion transmembrane transporter activity,19_GO:0051179 localization,-2.1,4,3.4,30182,113,330,5,1.5,0.67,88|785|1756|6347|9472,ACTN2|CACNB4|DMD|CCL2|AKAP6,-0.29,MyList
GO Biological Processes,19,GO:0060828,regulation of canonical Wnt signaling pathway,19_GO:0023052 signaling,-2.1,2.8,3.1,30182,260,330,8,2.4,0.85,1896|3487|3516|4300|5071|8326|23500|51704,EDA|IGFBP4|RBPJ|MLLT3|PRKN|FZD9|DAAM2|GPRC5B,-0.29,MyList
GO Biological Processes,19,GO:0014896,muscle hypertrophy,19_GO:0032501 multicellular organismal process,-2.1,7.2,4,30182,38,330,3,0.91,0.52,3357|3479|7273,HTR2B|IGF1|TTN,-0.29,MyList
GO Biological Processes,19,GO:0045214,sarcomere organization,19_GO:0032502 developmental process,-2.1,7.2,4,30182,38,330,3,0.91,0.52,88|7168|7273,ACTN2|TPM1|TTN,-0.29,MyList
Canonical Pathways,11,M13,PID ERBB4 PATHWAY,,-2.1,7.2,4,30182,38,330,3,0.91,0.52,8503|11059|51741,PIK3R3|WWP1|WWOX,-0.29,MyList
GO Biological Processes,19,GO:0018108,peptidyl-tyrosine phosphorylation,19_GO:0008152 metabolic process,-2.1,3.5,3.3,30182,159,330,6,1.8,0.74,2444|3480|3595|4919|7273|7525,FRK|IGF1R|IL12RB2|ROR1|TTN|YES1,-0.29,MyList
GO Biological Processes,19,GO:0050808,synapse organization,19_GO:0009987 cellular process,-2.1,2.6,3,30182,317,330,9,2.7,0.9,323|785|2258|2561|3480|8326|23284|23544|57689,APBB2|CACNB4|FGF13|GABRB2|IGF1R|FZD9|ADGRL3|SEZ6L|LRRC4C,-0.28,MyList
GO Biological Processes,19,GO:0050890,cognition,19_GO:0032501 multicellular organismal process,-2.1,2.6,3,30182,317,330,9,2.7,0.9,2258|3269|4885|5071|5582|7832|8326|10396|55450,FGF13|HRH1|NPTX2|PRKN|PRKCG|BTG2|FZD9|ATP8A1|CAMK2N1,-0.28,MyList
Reactome Gene Sets,6,R-HSA-5663202,Diseases of signal transduction by growth factor receptors and second messengers,,-2.1,2.3,2.9,30182,433,330,11,3.3,0.99,2309|3092|3516|4041|7525|8503|9365|9734|55534|57670|161742,FOXO3|HIP1|RBPJ|LRP5|YES1|PIK3R3|KL|HDAC9|MAML3|KIAA1549|SPRED1,-0.28,MyList
KEGG Pathway,24,hsa04015,Rap1 signaling pathway,,-2.1,3,3.1,30182,210,330,7,2.1,0.79,3479|3480|5582|8503|9223|56034|260425,IGF1|IGF1R|PRKCG|PIK3R3|MAGI1|PDGFC|MAGI3,-0.28,MyList
GO Biological Processes,19,GO:0030336,negative regulation of cell migration,19_GO:0040011 locomotion,-2.1,2.4,2.9,30182,375,330,10,3,0.94,1545|2309|6347|6387|7168|9314|57522|90627|161742|340533,CYP1B1|FOXO3|CCL2|CXCL12|TPM1|KLF4|SRGAP1|STARD13|SPRED1|NEXMIF,-0.28,MyList
WikiPathways,27,WP4659,Gastrin signaling pathway,,-2.1,4,3.4,30182,115,330,5,1.5,0.67,2309|5588|7525|8503|9314,FOXO3|PRKCQ|YES1|PIK3R3|KLF4,-0.28,MyList
GO Biological Processes,19,GO:0018212,peptidyl-tyrosine modification,19_GO:0008152 metabolic process,-2.1,3.4,3.2,30182,161,330,6,1.8,0.74,2444|3480|3595|4919|7273|7525,FRK|IGF1R|IL12RB2|ROR1|TTN|YES1,-0.28,MyList
GO Biological Processes,19,GO:0052652,cyclic purine nucleotide metabolic process,19_GO:0008152 metabolic process,-2.1,7,4,30182,39,330,3,0.91,0.52,785|5152|27115,CACNB4|PDE9A|PDE7B,-0.28,MyList
GO Biological Processes,19,GO:0007210,serotonin receptor signaling pathway,19_GO:0023052 signaling,-2.1,7,4,30182,39,330,3,0.91,0.52,3269|3355|3357,HRH1|HTR1F|HTR2B,-0.28,MyList
Reactome Gene Sets,6,R-HSA-1980143,Signaling by NOTCH1,,-2.1,4.9,3.6,30182,74,330,4,1.2,0.6,3516|9734|26960|55534,RBPJ|HDAC9|NBEA|MAML3,-0.28,MyList
GO Biological Processes,19,GO:0060048,cardiac muscle contraction,19_GO:0032501 multicellular organismal process,-2.1,4.9,3.6,30182,74,330,4,1.2,0.6,1756|6546|7168|7273,DMD|SLC8A1|TPM1|TTN,-0.28,MyList
GO Biological Processes,19,GO:0044403,biological process involved in symbiotic interaction,19_GO:0044419 biological process involved in interspecies interaction between organisms,-2.1,2.8,3,30182,264,330,8,2.4,0.85,1378|4360|5071|6355|7037|11059|30835|339390,CR1|MRC1|PRKN|CCL8|TFRC|WWP1|CD209|CLEC4G,-0.28,MyList
GO Biological Processes,19,GO:0010942,positive regulation of cell death,19_GO:0048518 positive regulation of biological process,-2,2.1,2.8,30182,621,330,14,4.2,1.1,799|948|1075|1509|1545|2208|2309|3248|5654|6347|8326|8876|9262|51741,CALCR|CD36|CTSC|CTSD|CYP1B1|FCER2|FOXO3|HPGD|HTRA1|CCL2|FZD9|VNN1|STK17B|WWOX,-0.27,MyList
GO Biological Processes,19,GO:0045619,regulation of lymphocyte differentiation,19_GO:0002376 immune system process,-2,3,3.1,30182,212,330,7,2.1,0.79,1378|2309|3559|3574|3662|8876|339390,CR1|FOXO3|IL2RA|IL7|IRF4|VNN1|CLEC4G,-0.27,MyList
GO Biological Processes,19,GO:0045582,positive regulation of T cell differentiation,19_GO:0002376 immune system process,-2,3.9,3.3,30182,116,330,5,1.5,0.67,1378|2309|3559|3574|8876,CR1|FOXO3|IL2RA|IL7|VNN1,-0.27,MyList
GO Biological Processes,19,GO:0003018,vascular process in circulatory system,19_GO:0032501 multicellular organismal process,-2,2.8,3,30182,265,330,8,2.4,0.85,948|3269|3357|6546|7037|7525|10396|27345,CD36|HRH1|HTR2B|SLC8A1|TFRC|YES1|ATP8A1|KCNMB4,-0.27,MyList
GO Biological Processes,19,GO:0010876,lipid localization,19_GO:0051179 localization,-2,2.4,2.9,30182,378,330,10,3,0.94,225|948|10350|10396|23460|23762|80832|114880|116362|286046,ABCD2|CD36|ABCA9|ATP8A1|ABCA6|OSBP2|APOL4|OSBPL6|RBP7|XKR6,-0.27,MyList
KEGG Pathway,24,hsa05214,Glioma,,-2,4.9,3.5,30182,75,330,4,1.2,0.6,3479|3480|5582|8503,IGF1|IGF1R|PRKCG|PIK3R3,-0.27,MyList
GO Biological Processes,19,GO:0045669,positive regulation of osteoblast differentiation,19_GO:0032502 developmental process,-2,4.9,3.5,30182,75,330,4,1.2,0.6,1052|3479|4041|55603,CEBPD|IGF1|LRP5|TENT5A,-0.27,MyList
WikiPathways,27,WP2118,Arrhythmogenic right ventricular cardiomyopathy,,-2,4.9,3.5,30182,75,330,4,1.2,0.6,88|785|1756|6546,ACTN2|CACNB4|DMD|SLC8A1,-0.27,MyList
GO Biological Processes,19,GO:1904994,regulation of leukocyte adhesion to vascular endothelial cell,19_GO:0050789 regulation of biological process,-2,6.9,3.9,30182,40,330,3,0.91,0.52,2650|6387|9314,GCNT1|CXCL12|KLF4,-0.26,MyList
GO Biological Processes,19,GO:0009187,cyclic nucleotide metabolic process,19_GO:0008152 metabolic process,-2,6.9,3.9,30182,40,330,3,0.91,0.52,785|5152|27115,CACNB4|PDE9A|PDE7B,-0.26,MyList
GO Biological Processes,19,GO:0043277,apoptotic cell clearance,19_GO:0051179 localization,-2,6.9,3.9,30182,40,330,3,0.91,0.52,948|8685|286046,CD36|MARCO|XKR6,-0.26,MyList
GO Biological Processes,19,GO:1901186,positive regulation of ERBB signaling pathway,19_GO:0023052 signaling,-2,6.9,3.9,30182,40,330,3,0.91,0.52,3092|3516|8412,HIP1|RBPJ|BCAR3,-0.26,MyList
GO Biological Processes,19,GO:0031400,negative regulation of protein modification process,19_GO:0048519 negative regulation of biological process,-2,2.2,2.8,30182,503,330,12,3.6,1,1756|3642|4041|5071|5582|6546|8613|10129|10217|55074|55450|161742,DMD|INSM1|LRP5|PRKN|PRKCG|SLC8A1|PLPP3|FRY|CTDSPL|OXR1|CAMK2N1|SPRED1,-0.24,MyList
