_MEMBER_MyList,_LogP_MyList,GO,Description,_PATTERN_,_RANK_,GiniIndex
1,-4.8,GO:0099505,regulation of presynaptic membrane potential,M1,1,0
1,-2.3,GO:0010880,regulation of release of sequestered calcium ion into cytosol by sarcoplasmic reticulum,M1,1,0
1,-3.3,GO:1990868,response to chemokine,M1,1,0
1,-6.1,GO:0055065,metal ion homeostasis,M1,1,0
1,-2.1,WP5130,Th17 cell differentiation pathway,M1,1,0
1,-3.3,hsa04658,Th1 and Th2 cell differentiation,M1,1,0
1,-2.9,WP3584,MECP2 and associated Rett syndrome,M1,1,0
1,-4.4,GO:0055082,cellular chemical homeostasis,M1,1,0
1,-3.4,M5883,NABA SECRETED FACTORS,M1,1,0
1,-2.9,GO:1903038,negative regulation of leukocyte cell-cell adhesion,M1,1,0
1,-2.5,GO:0002460,adaptive immune response based on somatic recombination of immune receptors built from immunoglobulin superfamily domains,M1,1,0
1,-2.6,GO:0010324,membrane invagination,M1,1,0
1,-2.9,hsa04062,Chemokine signaling pathway,M1,1,0
1,-4.8,GO:0006873,cellular monoatomic ion homeostasis,M1,1,0
1,-2.7,R-HSA-9006934,Signaling by Receptor Tyrosine Kinases,M1,1,0
1,-3,R-HSA-1369062,ABC transporters in lipid homeostasis,M1,1,0
1,-3.6,GO:0045087,innate immune response,M1,1,0
1,-2.3,GO:0006869,lipid transport,M1,1,0
1,-3.6,R-HSA-449147,Signaling by Interleukins,M1,1,0
1,-2.3,GO:0046649,lymphocyte activation,M1,1,0
1,-3.5,GO:0044057,regulation of system process,M1,1,0
1,-4.7,GO:0050870,positive regulation of T cell activation,M1,1,0
1,-3.2,GO:1903530,regulation of secretion by cell,M1,1,0
1,-3.9,GO:0002548,monocyte chemotaxis,M1,1,0
1,-2.2,GO:0007612,learning,M1,1,0
1,-2.1,R-HSA-1980143,Signaling by NOTCH1,M1,1,0
1,-2.1,GO:0006941,striated muscle contraction,M1,1,0
1,-5.3,GO:0050863,regulation of T cell activation,M1,1,0
1,-5,GO:1903039,positive regulation of leukocyte cell-cell adhesion,M1,1,0
1,-3.7,R-HSA-6785807,Interleukin-4 and Interleukin-13 signaling,M1,1,0
1,-4.8,GO:0006875,cellular metal ion homeostasis,M1,1,0
1,-2.3,GO:0060070,canonical Wnt signaling pathway,M1,1,0
1,-2.6,GO:0035994,response to muscle stretch,M1,1,0
1,-4.4,GO:0003013,circulatory system process,M1,1,0
1,-5.1,GO:0007409,axonogenesis,M1,1,0
1,-2.2,R-HSA-9614085,FOXO-mediated transcription,M1,1,0
1,-3.1,GO:0006959,humoral immune response,M1,1,0
1,-2,GO:0010942,positive regulation of cell death,M1,1,0
1,-3.2,GO:0043122,regulation of I-kappaB kinase/NF-kappaB signaling,M1,1,0
1,-2.1,WP4906,3q29 copy number variation syndrome,M1,1,0
1,-2.1,hsa05218,Melanoma,M1,1,0
1,-2.4,GO:0071407,cellular response to organic cyclic compound,M1,1,0
1,-2.4,GO:0003012,muscle system process,M1,1,0
1,-2.8,WP4760,PKC-gamma calcium signaling pathway in ataxia,M1,1,0
1,-5.7,GO:0006874,cellular calcium ion homeostasis,M1,1,0
1,-4.2,GO:0048667,cell morphogenesis involved in neuron differentiation,M1,1,0
1,-2.5,GO:0007214,gamma-aminobutyric acid signaling pathway,M1,1,0
1,-2.2,GO:0008064,regulation of actin polymerization or depolymerization,M1,1,0
1,-2.1,GO:0050770,regulation of axonogenesis,M1,1,0
1,-4.7,GO:0040011,locomotion,M1,1,0
1,-2.5,GO:0050672,negative regulation of lymphocyte proliferation,M1,1,0
1,-2.4,GO:0006936,muscle contraction,M1,1,0
1,-3.2,R-HSA-112316,Neuronal System,M1,1,0
1,-9.5,GO:0099536,synaptic signaling,M1,1,0
1,-2.3,GO:0002712,regulation of B cell mediated immunity,M1,1,0
1,-3.9,hsa04061,Viral protein interaction with cytokine and cytokine receptor,M1,1,0
1,-2.7,R-HSA-397014,Muscle contraction,M1,1,0
1,-2.3,WP58,Monoamine GPCRs,M1,1,0
1,-4.4,GO:0042129,regulation of T cell proliferation,M1,1,0
1,-2,GO:1904994,regulation of leukocyte adhesion to vascular endothelial cell,M1,1,0
1,-3.6,R-HSA-2197563,NOTCH2 intracellular domain regulates transcription,M1,1,0
1,-2.1,M13,PID ERBB4 PATHWAY,M1,1,0
1,-4.9,GO:0070372,regulation of ERK1 and ERK2 cascade,M1,1,0
1,-5.8,GO:0098771,inorganic ion homeostasis,M1,1,0
1,-2.2,R-HSA-8980692,RHOA GTPase cycle,M1,1,0
1,-2.8,GO:0051056,regulation of small GTPase mediated signal transduction,M1,1,0
1,-6.9,GO:0099177,regulation of trans-synaptic signaling,M1,1,0
1,-2.1,hsa04080,Neuroactive ligand-receptor interaction,M1,1,0
1,-2,WP2118,Arrhythmogenic right ventricular cardiomyopathy,M1,1,0
1,-5.5,GO:0022409,positive regulation of cell-cell adhesion,M1,1,0
1,-2.1,GO:0030336,negative regulation of cell migration,M1,1,0
1,-3.1,GO:0002456,T cell mediated immunity,M1,1,0
1,-9.7,GO:0098916,anterograde trans-synaptic signaling,M1,1,0
1,-2.1,GO:0090263,positive regulation of canonical Wnt signaling pathway,M1,1,0
1,-2.3,hsa04213,Longevity regulating pathway - multiple species,M1,1,0
1,-2.8,GO:0022604,regulation of cell morphogenesis,M1,1,0
1,-2.8,GO:0061061,muscle structure development,M1,1,0
1,-2.7,R-HSA-373752,Netrin-1 signaling,M1,1,0
1,-3,GO:0032570,response to progesterone,M1,1,0
1,-2.2,GO:0120161,regulation of cold-induced thermogenesis,M1,1,0
1,-4.9,GO:0006935,chemotaxis,M1,1,0
1,-2.3,GO:0007628,adult walking behavior,M1,1,0
1,-3.3,GO:1990869,cellular response to chemokine,M1,1,0
1,-3.1,R-HSA-199220,Vitamin B5 (pantothenate) metabolism,M1,1,0
1,-3.6,GO:0032946,positive regulation of mononuclear cell proliferation,M1,1,0
1,-2.1,GO:0045927,positive regulation of growth,M1,1,0
1,-2,GO:1901186,positive regulation of ERBB signaling pathway,M1,1,0
1,-3,GO:0001934,positive regulation of protein phosphorylation,M1,1,0
1,-3.8,R-HSA-76002,"Platelet activation, signaling and aggregation",M1,1,0
1,-2.6,GO:0010823,negative regulation of mitochondrion organization,M1,1,0
1,-2.1,GO:0018108,peptidyl-tyrosine phosphorylation,M1,1,0
1,-4.9,GO:0051588,regulation of neurotransmitter transport,M1,1,0
1,-2.7,GO:0090257,regulation of muscle system process,M1,1,0
1,-3.3,GO:0055001,muscle cell development,M1,1,0
1,-3.2,WP2806,Complement system,M1,1,0
1,-3.2,R-HSA-390522,Striated Muscle Contraction,M1,1,0
1,-3.5,GO:0032990,cell part morphogenesis,M1,1,0
1,-2.4,GO:0070664,negative regulation of leukocyte proliferation,M1,1,0
1,-2.7,GO:0071560,cellular response to transforming growth factor beta stimulus,M1,1,0
1,-3.8,GO:0071346,cellular response to type II interferon,M1,1,0
1,-2.6,GO:0007568,aging,M1,1,0
1,-2.5,WP35,G protein signaling pathways,M1,1,0
1,-3.2,R-HSA-388396,GPCR downstream signalling,M1,1,0
1,-2.6,GO:0060627,regulation of vesicle-mediated transport,M1,1,0
1,-2.1,GO:0051701,biological process involved in interaction with host,M1,1,0
1,-3.1,GO:0043523,regulation of neuron apoptotic process,M1,1,0
1,-2.3,GO:0071867,response to monoamine,M1,1,0
1,-2.1,GO:0071363,cellular response to growth factor stimulus,M1,1,0
1,-2.6,GO:0046651,lymphocyte proliferation,M1,1,0
1,-2.4,GO:0044000,movement in host,M1,1,0
1,-3.6,hsa01521,EGFR tyrosine kinase inhibitor resistance,M1,1,0
1,-2.5,GO:0007611,learning or memory,M1,1,0
1,-3.1,GO:0050954,sensory perception of mechanical stimulus,M1,1,0
1,-2.2,WP1544,MicroRNAs in cardiomyocyte hypertrophy,M1,1,0
1,-3.1,GO:0000902,cell morphogenesis,M1,1,0
1,-2.3,GO:0070661,leukocyte proliferation,M1,1,0
1,-2.1,GO:0060048,cardiac muscle contraction,M1,1,0
1,-2.8,R-HSA-977606,Regulation of Complement cascade,M1,1,0
1,-2.9,GO:0046718,viral entry into host cell,M1,1,0
1,-3.7,GO:0070663,regulation of leukocyte proliferation,M1,1,0
1,-6.8,GO:0055080,monoatomic cation homeostasis,M1,1,0
1,-3.4,GO:0060326,cell chemotaxis,M1,1,0
1,-2.6,hsa04610,Complement and coagulation cascades,M1,1,0
1,-3.3,GO:0006957,"complement activation, alternative pathway",M1,1,0
1,-3.9,GO:0002694,regulation of leukocyte activation,M1,1,0
1,-2.3,R-HSA-8856828,Clathrin-mediated endocytosis,M1,1,0
1,-2.8,GO:0002920,regulation of humoral immune response,M1,1,0
1,-2.4,GO:0019933,cAMP-mediated signaling,M1,1,0
1,-2.2,GO:1990806,ligand-gated ion channel signaling pathway,M1,1,0
1,-3.3,GO:0048639,positive regulation of developmental growth,M1,1,0
1,-2.2,GO:0099171,presynaptic modulation of chemical synaptic transmission,M1,1,0
1,-3.4,GO:0050865,regulation of cell activation,M1,1,0
1,-5.2,GO:0042391,regulation of membrane potential,M1,1,0
1,-2,GO:0009187,cyclic nucleotide metabolic process,M1,1,0
1,-2.9,GO:0006584,catecholamine metabolic process,M1,1,0
1,-2.1,GO:0044403,biological process involved in symbiotic interaction,M1,1,0
1,-2.5,GO:1901214,regulation of neuron death,M1,1,0
1,-2.4,GO:0071868,cellular response to monoamine stimulus,M1,1,0
1,-2.2,hsa04066,HIF-1 signaling pathway,M1,1,0
1,-2.1,GO:0060828,regulation of canonical Wnt signaling pathway,M1,1,0
1,-2.6,GO:0071559,response to transforming growth factor beta,M1,1,0
1,-3.3,GO:0034612,response to tumor necrosis factor,M1,1,0
1,-3,R-HSA-5683057,MAPK family signaling cascades,M1,1,0
1,-3.7,GO:0048247,lymphocyte chemotaxis,M1,1,0
1,-4.9,GO:0042330,taxis,M1,1,0
1,-4,hsa04060,Cytokine-cytokine receptor interaction,M1,1,0
1,-4.3,GO:0007610,behavior,M1,1,0
1,-3.4,GO:0040017,positive regulation of locomotion,M1,1,0
1,-2.7,GO:0030593,neutrophil chemotaxis,M1,1,0
1,-2.8,R-HSA-109582,Hemostasis,M1,1,0
1,-2.3,WP4149,White fat cell differentiation,M1,1,0
1,-2.4,GO:0050731,positive regulation of peptidyl-tyrosine phosphorylation,M1,1,0
1,-3.1,GO:0019221,cytokine-mediated signaling pathway,M1,1,0
1,-2.2,GO:0002455,humoral immune response mediated by circulating immunoglobulin,M1,1,0
1,-5.4,GO:0001505,regulation of neurotransmitter levels,M1,1,0
1,-3.8,GO:0051249,regulation of lymphocyte activation,M1,1,0
1,-6.3,GO:0072677,eosinophil migration,M1,1,0
1,-2,GO:0045669,positive regulation of osteoblast differentiation,M1,1,0
1,-3.6,GO:0009617,response to bacterium,M1,1,0
1,-2.4,GO:0045580,regulation of T cell differentiation,M1,1,0
1,-2.6,GO:0035235,ionotropic glutamate receptor signaling pathway,M1,1,0
1,-2.2,GO:0009725,response to hormone,M1,1,0
1,-2.2,GO:0098664,G protein-coupled serotonin receptor signaling pathway,M1,1,0
1,-2.4,GO:0071870,cellular response to catecholamine stimulus,M1,1,0
1,-3.7,GO:0050671,positive regulation of lymphocyte proliferation,M1,1,0
1,-3,hsa04360,Axon guidance,M1,1,0
1,-2.1,WP289,Myometrial relaxation and contraction pathways,M1,1,0
1,-4.1,GO:0032944,regulation of mononuclear cell proliferation,M1,1,0
1,-2.1,WP4659,Gastrin signaling pathway,M1,1,0
1,-4.1,GO:0050670,regulation of lymphocyte proliferation,M1,1,0
1,-4,GO:0019932,second-messenger-mediated signaling,M1,1,0
1,-3.8,GO:0097485,neuron projection guidance,M1,1,0
1,-2.1,GO:0050808,synapse organization,M1,1,0
1,-2.3,GO:0010631,epithelial cell migration,M1,1,0
1,-2.7,GO:1903350,response to dopamine,M1,1,0
1,-2.5,R-HSA-8939211,ESR-mediated signaling,M1,1,0
1,-2.2,GO:0030036,actin cytoskeleton organization,M1,1,0
1,-2.2,GO:0030029,actin filament-based process,M1,1,0
1,-2.5,GO:1990266,neutrophil migration,M1,1,0
1,-2.7,GO:0050730,regulation of peptidyl-tyrosine phosphorylation,M1,1,0
1,-4.7,GO:0002696,positive regulation of leukocyte activation,M1,1,0
1,-4.9,GO:0006898,receptor-mediated endocytosis,M1,1,0
1,-3.8,GO:0071345,cellular response to cytokine stimulus,M1,1,0
1,-2.9,R-HSA-1280215,Cytokine Signaling in Immune system,M1,1,0
1,-3.4,R-HSA-1236394,Signaling by ERBB4,M1,1,0
1,-2,GO:0003018,vascular process in circulatory system,M1,1,0
1,-4,GO:0032989,cellular component morphogenesis,M1,1,0
1,-2.8,GO:0030449,regulation of complement activation,M1,1,0
1,-2.2,GO:0042110,T cell activation,M1,1,0
1,-2.5,GO:0007405,neuroblast proliferation,M1,1,0
1,-2.5,WP3845,Canonical and non-canonical Notch signaling,M1,1,0
1,-3.5,GO:0072583,clathrin-dependent endocytosis,M1,1,0
1,-3.5,GO:0006954,inflammatory response,M1,1,0
1,-2.2,GO:0098773,skin epidermis development,M1,1,0
1,-3,GO:0042098,T cell proliferation,M1,1,0
1,-4.6,GO:0019935,cyclic-nucleotide-mediated signaling,M1,1,0
1,-2.2,WP5090,Complement system in neuronal development and plasticity,M1,1,0
1,-5.4,GO:0019725,cellular homeostasis,M1,1,0
1,-2.6,GO:0016048,detection of temperature stimulus,M1,1,0
1,-3.8,GO:1901652,response to peptide,M1,1,0
1,-2.3,WP2877,Vitamin D receptor pathway,M1,1,0
1,-3.4,GO:0071621,granulocyte chemotaxis,M1,1,0
1,-2.1,GO:0071674,mononuclear cell migration,M1,1,0
1,-4.4,WP4806,EGFR tyrosine kinase inhibitor resistance,M1,1,0
1,-2.4,GO:0006958,"complement activation, classical pathway",M1,1,0
1,-2.3,WP399,Wnt signaling pathway and pluripotency,M1,1,0
1,-4.5,GO:0050867,positive regulation of cell activation,M1,1,0
1,-2.8,GO:0051046,regulation of secretion,M1,1,0
1,-3,GO:0048638,regulation of developmental growth,M1,1,0
1,-7.2,GO:0006897,endocytosis,M1,1,0
1,-2.9,GO:0044409,entry into host,M1,1,0
1,-2.1,GO:0007210,serotonin receptor signaling pathway,M1,1,0
1,-5.2,GO:0070374,positive regulation of ERK1 and ERK2 cascade,M1,1,0
1,-2.1,hsa04015,Rap1 signaling pathway,M1,1,0
1,-6,GO:1903037,regulation of leukocyte cell-cell adhesion,M1,1,0
1,-2.1,WP4255,Non-small cell lung cancer,M1,1,0
1,-2.7,GO:0019226,transmission of nerve impulse,M1,1,0
1,-3.1,GO:0006836,neurotransmitter transport,M1,1,0
1,-2.4,GO:0030111,regulation of Wnt signaling pathway,M1,1,0
1,-2.2,WP3651,Pathways affected in adenoid cystic carcinoma,M1,1,0
1,-2.5,GO:1905114,cell surface receptor signaling pathway involved in cell-cell signaling,M1,1,0
1,-2.5,GO:0060384,innervation,M1,1,0
1,-3.3,GO:0051480,regulation of cytosolic calcium ion concentration,M1,1,0
1,-4.4,GO:0043410,positive regulation of MAPK cascade,M1,1,0
1,-2.1,R-HSA-112314,Neurotransmitter receptors and postsynaptic signal transmission,M1,1,0
1,-3.5,GO:2000147,positive regulation of cell motility,M1,1,0
1,-2.3,R-HSA-1980145,Signaling by NOTCH2,M1,1,0
1,-3.5,GO:0001667,ameboidal-type cell migration,M1,1,0
1,-2.7,GO:0008344,adult locomotory behavior,M1,1,0
1,-2.8,WP5283,Chronic hyperglycemia impairment of neuron function,M1,1,0
1,-2.3,GO:0030177,positive regulation of Wnt signaling pathway,M1,1,0
1,-3.3,hsa05410,Hypertrophic cardiomyopathy,M1,1,0
1,-5.5,GO:0046928,regulation of neurotransmitter secretion,M1,1,0
1,-2,GO:0045582,positive regulation of T cell differentiation,M1,1,0
1,-3,GO:0071356,cellular response to tumor necrosis factor,M1,1,0
1,-2.7,GO:1903351,cellular response to dopamine,M1,1,0
1,-2,GO:0043277,apoptotic cell clearance,M1,1,0
1,-2.3,GO:0097529,myeloid leukocyte migration,M1,1,0
1,-2.4,R-HSA-9012999,RHO GTPase cycle,M1,1,0
1,-3.1,hsa04640,Hematopoietic cell lineage,M1,1,0
1,-3.3,WP4891,COVID-19 adverse outcome pathway,M1,1,0
1,-3.1,GO:0008283,cell population proliferation,M1,1,0
1,-2.1,GO:0007605,sensory perception of sound,M1,1,0
1,-5,GO:0030003,cellular monoatomic cation homeostasis,M1,1,0
1,-6.7,GO:0055074,calcium ion homeostasis,M1,1,0
1,-3.7,GO:0030335,positive regulation of cell migration,M1,1,0
1,-2.3,WP5083,Neuroinflammation and glutamatergic signaling,M1,1,0
1,-3.4,R-HSA-166658,Complement cascade,M1,1,0
1,-2.3,GO:0071347,cellular response to interleukin-1,M1,1,0
1,-2.5,M77,PID WNT SIGNALING PATHWAY,M1,1,0
1,-2,hsa05214,Glioma,M1,1,0
1,-3.5,GO:0045916,negative regulation of complement activation,M1,1,0
1,-3.8,GO:0006956,complement activation,M1,1,0
1,-3.5,GO:0070098,chemokine-mediated signaling pathway,M1,1,0
1,-2.9,GO:2000008,regulation of protein localization to cell surface,M1,1,0
1,-2.5,WP4336,ncRNAs involved in Wnt signaling in hepatocellular carcinoma,M1,1,0
1,-2.1,GO:0031623,receptor internalization,M1,1,0
1,-2,GO:0010876,lipid localization,M1,1,0
1,-2.1,GO:0045214,sarcomere organization,M1,1,0
1,-4,GO:0000904,cell morphogenesis involved in differentiation,M1,1,0
1,-2.3,GO:0071869,response to catecholamine,M1,1,0
1,-2.1,GO:0052652,cyclic purine nucleotide metabolic process,M1,1,0
1,-2.2,GO:0030832,regulation of actin filament length,M1,1,0
1,-2.2,GO:0008286,insulin receptor signaling pathway,M1,1,0
1,-3.5,GO:0042415,norepinephrine metabolic process,M1,1,0
1,-4.3,GO:0043123,positive regulation of I-kappaB kinase/NF-kappaB signaling,M1,1,0
1,-2.5,GO:0051099,positive regulation of binding,M1,1,0
1,-2.2,R-HSA-9006931,Signaling by Nuclear Receptors,M1,1,0
1,-2.7,WP4787,Osteoblast differentiation and related diseases,M1,1,0
1,-2.4,GO:0001764,neuron migration,M1,1,0
1,-2.8,GO:0072676,lymphocyte migration,M1,1,0
1,-2.6,GO:0046622,positive regulation of organ growth,M1,1,0
1,-4.5,GO:1901699,cellular response to nitrogen compound,M1,1,0
1,-2.5,R-HSA-350054,Notch-HLH transcription pathway,M1,1,0
1,-3.3,GO:0070665,positive regulation of leukocyte proliferation,M1,1,0
1,-2.7,GO:0097242,amyloid-beta clearance,M1,1,0
1,-3.1,WP383,Striated muscle contraction pathway,M1,1,0
1,-6.9,GO:0050804,modulation of chemical synaptic transmission,M1,1,0
1,-4.1,GO:0051251,positive regulation of lymphocyte activation,M1,1,0
1,-2.8,GO:2000300,regulation of synaptic vesicle exocytosis,M1,1,0
1,-2.3,GO:0090132,epithelium migration,M1,1,0
1,-3.8,GO:0007411,axon guidance,M1,1,0
1,-4.3,GO:0043087,regulation of GTPase activity,M1,1,0
1,-3.1,hsa04750,Inflammatory mediator regulation of TRP channels,M1,1,0
1,-2.1,GO:0014742,positive regulation of muscle hypertrophy,M1,1,0
1,-4,WP5095,Overview of proinflammatory and profibrotic mediators,M1,1,0
1,-2.1,GO:0006911,"phagocytosis, engulfment",M1,1,0
1,-2.3,GO:1990776,response to angiotensin,M1,1,0
1,-4.5,GO:0043408,regulation of MAPK cascade,M1,1,0
1,-2.2,hsa05200,Pathways in cancer,M1,1,0
1,-2.6,GO:0070169,positive regulation of biomineral tissue development,M1,1,0
1,-3.1,R-HSA-112315,Transmission across Chemical Synapses,M1,1,0
1,-2.2,GO:0030595,leukocyte chemotaxis,M1,1,0
1,-2.3,GO:0002889,regulation of immunoglobulin mediated immune response,M1,1,0
1,-6.5,M5885,NABA MATRISOME ASSOCIATED,M1,1,0
1,-2.5,GO:0007188,adenylate cyclase-modulating G protein-coupled receptor signaling pathway,M1,1,0
1,-2.9,M3468,NABA ECM REGULATORS,M1,1,0
1,-3.5,R-HSA-372790,Signaling by GPCR,M1,1,0
1,-2.8,WP428,Wnt signaling,M1,1,0
1,-2.1,GO:0040013,negative regulation of locomotion,M1,1,0
1,-2.2,GO:0017157,regulation of exocytosis,M1,1,0
1,-3.3,GO:0042327,positive regulation of phosphorylation,M1,1,0
1,-3.8,GO:0008015,blood circulation,M1,1,0
1,-2.5,M99,PID TXA2PATHWAY,M1,1,0
1,-3.1,WP5287,17q12 copy number variation syndrome,M1,1,0
1,-5.1,GO:0071417,cellular response to organonitrogen compound,M1,1,0
1,-3.9,R-HSA-76005,Response to elevated platelet cytosolic Ca2+,M1,1,0
1,-2.5,hsa04211,Longevity regulating pathway,M1,1,0
1,-3.2,WP5115,Network map of SARS-CoV-2 signaling pathway,M1,1,0
1,-2,GO:0045619,regulation of lymphocyte differentiation,M1,1,0
1,-6.9,GO:0022407,regulation of cell-cell adhesion,M1,1,0
1,-3.1,GO:0097530,granulocyte migration,M1,1,0
1,-6.4,GO:0048245,eosinophil chemotaxis,M1,1,0
1,-2.3,GO:0003002,regionalization,M1,1,0
1,-2.1,GO:0014896,muscle hypertrophy,M1,1,0
1,-3,GO:0042102,positive regulation of T cell proliferation,M1,1,0
1,-3.4,R-HSA-422475,Axon guidance,M1,1,0
1,-3.8,GO:0048812,neuron projection morphogenesis,M1,1,0
1,-3.1,GO:0043434,response to peptide hormone,M1,1,0
1,-2.5,GO:0110053,regulation of actin filament organization,M1,1,0
1,-2.1,hsa04960,Aldosterone-regulated sodium reabsorption,M1,1,0
1,-3.3,R-HSA-114608,Platelet degranulation,M1,1,0
1,-3.2,hsa05414,Dilated cardiomyopathy,M1,1,0
1,-9.7,GO:0007268,chemical synaptic transmission,M1,1,0
1,-2.4,GO:0061436,establishment of skin barrier,M1,1,0
1,-2.7,R-HSA-2122947,NOTCH1 Intracellular Domain Regulates Transcription,M1,1,0
1,-2.8,hsa04150,mTOR signaling pathway,M1,1,0
1,-2.8,GO:0050961,detection of temperature stimulus involved in sensory perception,M1,1,0
1,-3.9,GO:0035249,"synaptic transmission, glutamatergic",M1,1,0
1,-2.1,GO:0043542,endothelial cell migration,M1,1,0
1,-2.5,GO:0019058,viral life cycle,M1,1,0
1,-2.1,GO:0018212,peptidyl-tyrosine modification,M1,1,0
1,-3.6,R-HSA-9675108,Nervous system development,M1,1,0
1,-9.3,GO:0099537,trans-synaptic signaling,M1,1,0
1,-2.1,GO:0014059,regulation of dopamine secretion,M1,1,0
1,-2.9,GO:0009712,catechol-containing compound metabolic process,M1,1,0
1,-2.9,GO:0042130,negative regulation of T cell proliferation,M1,1,0
1,-2.5,GO:0019934,cGMP-mediated signaling,M1,1,0
1,-2.6,GO:0032943,mononuclear cell proliferation,M1,1,0
1,-2.7,GO:0007517,muscle organ development,M1,1,0
1,-3.7,GO:0007162,negative regulation of cell adhesion,M1,1,0
1,-2.2,R-HSA-388841,Costimulation by the CD28 family,M1,1,0
1,-2.1,GO:0055023,positive regulation of cardiac muscle tissue growth,M1,1,0
1,-3.9,GO:0009612,response to mechanical stimulus,M1,1,0
1,-2.7,R-HSA-1280218,Adaptive Immune System,M1,1,0
1,-3.7,GO:0048858,cell projection morphogenesis,M1,1,0
1,-3.4,GO:0007187,"G protein-coupled receptor signaling pathway, coupled to cyclic nucleotide second messenger",M1,1,0
1,-2.1,GO:0050890,cognition,M1,1,0
1,-3.7,GO:0120039,plasma membrane bounded cell projection morphogenesis,M1,1,0
1,-3.1,GO:0031175,neuron projection development,M1,1,0
1,-2.3,R-HSA-1251985,Nuclear signaling by ERBB4,M1,1,0
1,-2.5,GO:1901215,negative regulation of neuron death,M1,1,0
1,-2.4,R-HSA-9615017,"FOXO-mediated transcription of oxidative stress, metabolic and neuronal genes",M1,1,0
1,-2.2,GO:0050900,leukocyte migration,M1,1,0
1,-2.6,GO:0045778,positive regulation of ossification,M1,1,0
1,-4.1,GO:0001508,action potential,M1,1,0
1,-4.5,GO:0061564,axon development,M1,1,0
1,-2.1,R-HSA-1266695,Interleukin-7 signaling,M1,1,0
1,-3.2,GO:0051345,positive regulation of hydrolase activity,M1,1,0
1,-2.1,hsa05223,Non-small cell lung cancer,M1,1,0
1,-4.1,GO:0034341,response to type II interferon,M1,1,0
1,-2.9,GO:0030501,positive regulation of bone mineralization,M1,1,0
1,-2.1,GO:0031032,actomyosin structure organization,M1,1,0
1,-2.5,GO:0090066,regulation of anatomical structure size,M1,1,0
1,-2.1,GO:1901653,cellular response to peptide,M1,1,0
1,-2.5,GO:0050951,sensory perception of temperature stimulus,M1,1,0
1,-3.7,GO:0043547,positive regulation of GTPase activity,M1,1,0
1,-2.5,GO:1904645,response to amyloid-beta,M1,1,0
1,-2.5,GO:0043388,positive regulation of DNA binding,M1,1,0
1,-2.4,hsa04730,Long-term depression,M1,1,0
1,-2.2,GO:0090659,walking behavior,M1,1,0
1,-3,GO:0002923,regulation of humoral immune response mediated by circulating immunoglobulin,M1,1,0
1,-3.5,GO:0043524,negative regulation of neuron apoptotic process,M1,1,0
1,-2,GO:0031400,negative regulation of protein modification process,M1,1,0
1,-2.7,WP334,"GPCRs, class B secretin-like",M1,1,0
1,-2.9,GO:0090130,tissue migration,M1,1,0
1,-3.1,GO:0002921,negative regulation of humoral immune response,M1,1,0
1,-2.1,GO:0032414,positive regulation of ion transmembrane transporter activity,M1,1,0
1,-2.1,GO:0010959,regulation of metal ion transport,M1,1,0
1,-2.1,GO:0010613,positive regulation of cardiac muscle hypertrophy,M1,1,0
1,-6.6,GO:0050801,monoatomic ion homeostasis,M1,1,0
1,-3.3,GO:0022408,negative regulation of cell-cell adhesion,M1,1,0
1,-2.5,GO:0032945,negative regulation of mononuclear cell proliferation,M1,1,0
1,-2.1,R-HSA-5663202,Diseases of signal transduction by growth factor receptors and second messengers,M1,1,0
1,-2.5,GO:1902903,regulation of supramolecular fiber organization,M1,1,0
1,-6.4,GO:0045785,positive regulation of cell adhesion,M1,1,0
1,-2.2,GO:0007169,transmembrane receptor protein tyrosine kinase signaling pathway,M1,1,0
1,-2.8,hsa00770,Pantothenate and CoA biosynthesis,M1,1,0
