_MEMBER_MyList,_LogP_MyList,GO,Description,_PATTERN_,_RANK_,CHILD_GO_MyList
1,-9.667996988128317,GO:0023052,signaling,M1,1,GO:0098916 anterograde trans-synaptic signaling
1,-7.224879402310072,GO:0051179,localization,M1,1,GO:0006897 endocytosis
1,-6.858937011000924,GO:0050789,regulation of biological process,M1,1,GO:0022407 regulation of cell-cell adhesion
1,-6.800516272273148,GO:0042592,homeostatic process,M1,1,GO:0055080 monoatomic cation homeostasis
1,-6.399915153429443,GO:0040011,locomotion,M1,1,GO:0048245 eosinophil chemotaxis
1,-6.351974348852142,GO:0048518,positive regulation of biological process,M1,1,GO:0045785 positive regulation of cell adhesion
1,-6.2991809368701785,GO:0002376,immune system process,M1,1,GO:0072677 eosinophil migration
1,-5.433810404286569,GO:0065007,biological regulation,M1,1,GO:0001505 regulation of neurotransmitter levels
1,-5.117411159408126,GO:0032502,developmental process,M1,1,GO:0007409 axonogenesis
1,-5.068659246503794,GO:0050896,response to stimulus,M1,1,GO:0071417 cellular response to organonitrogen compound
1,-4.426294792738749,GO:0032501,multicellular organismal process,M1,1,GO:0003013 circulatory system process
1,-4.113258344646834,GO:0044419,biological process involved in interspecies interaction between organisms,M1,1,GO:0034341 response to type II interferon
1,-3.732091592176702,GO:0048519,negative regulation of biological process,M1,1,GO:0007162 negative regulation of cell adhesion
1,-3.4682450565337244,GO:0009987,cellular process,M1,1,GO:0001667 ameboidal-type cell migration
1,-3.466604662000977,GO:0008152,metabolic process,M1,1,GO:0042415 norepinephrine metabolic process
1,-3.311810892292115,GO:0040007,growth,M1,1,GO:0048639 positive regulation of developmental growth
1,-2.9110878737228245,GO:0016032,viral process,M1,1,GO:0046718 viral entry into host cell
