_MEMBER_MyList,_LogP_MyList,GO,Description,_PATTERN_,_RANK_,GiniIndex
1,-3,GO:0031098,stress-activated protein kinase signaling cascade,M1,1,0
1,-2.2,GO:0010324,membrane invagination,M1,1,0
1,-3.1,GO:0051348,negative regulation of transferase activity,M1,1,0
1,-5.4,GO:0032655,regulation of interleukin-12 production,M1,1,0
1,-5.5,WP98,Prostaglandin synthesis and regulation,M1,1,0
1,-7,R-HSA-202733,Cell surface interactions at the vascular wall,M1,1,0
1,-2.8,GO:0060192,negative regulation of lipase activity,M1,1,0
1,-2.5,GO:0038061,NIK/NF-kappaB signaling,M1,1,0
1,-2.8,GO:0048640,negative regulation of developmental growth,M1,1,0
1,-2,GO:0007613,memory,M1,1,0
1,-3.8,GO:0001568,blood vessel development,M1,1,0
1,-2.7,GO:0061900,glial cell activation,M1,1,0
1,-3.6,GO:0043903,regulation of biological process involved in symbiotic interaction,M1,1,0
1,-19,GO:0032103,positive regulation of response to external stimulus,M1,1,0
1,-6.1,hsa04062,Chemokine signaling pathway,M1,1,0
1,-4.3,WP1772,Apoptosis modulation and signaling,M1,1,0
1,-3,GO:0150117,positive regulation of cell-substrate junction organization,M1,1,0
1,-8.8,R-HSA-449147,Signaling by Interleukins,M1,1,0
1,-8.3,GO:0043370,"regulation of CD4-positive, alpha-beta T cell differentiation",M1,1,0
1,-2.2,GO:0034329,cell junction assembly,M1,1,0
1,-2.2,R-HSA-166058,MyD88:MAL(TIRAP) cascade initiated on plasma membrane,M1,1,0
1,-2.2,GO:0042100,B cell proliferation,M1,1,0
1,-3.1,GO:0070424,regulation of nucleotide-binding oligomerization domain containing signaling pathway,M1,1,0
1,-2.4,GO:0051238,sequestering of metal ion,M1,1,0
1,-8.2,GO:0045622,regulation of T-helper cell differentiation,M1,1,0
1,-5.9,GO:0051090,regulation of DNA-binding transcription factor activity,M1,1,0
1,-2.2,GO:0050996,positive regulation of lipid catabolic process,M1,1,0
1,-11,GO:0002250,adaptive immune response,M1,1,0
1,-3.6,GO:0001836,release of cytochrome c from mitochondria,M1,1,0
1,-7.2,WP289,Myometrial relaxation and contraction pathways,M1,1,0
1,-10,GO:0032944,regulation of mononuclear cell proliferation,M1,1,0
1,-3.1,WP5110,Familial hyperlipidemia type 3,M1,1,0
1,-3.9,GO:0071560,cellular response to transforming growth factor beta stimulus,M1,1,0
1,-6.1,hsa05418,Fluid shear stress and atherosclerosis,M1,1,0
1,-4,GO:0150078,positive regulation of neuroinflammatory response,M1,1,0
1,-5.8,GO:0048246,macrophage chemotaxis,M1,1,0
1,-2.1,hsa05210,Colorectal cancer,M1,1,0
1,-6.8,GO:0002709,regulation of T cell mediated immunity,M1,1,0
1,-3.1,GO:0006875,cellular metal ion homeostasis,M1,1,0
1,-3.9,GO:0010827,regulation of glucose transmembrane transport,M1,1,0
1,-2.3,GO:0009896,positive regulation of catabolic process,M1,1,0
1,-6.5,GO:0002274,myeloid leukocyte activation,M1,1,0
1,-2.7,GO:0045787,positive regulation of cell cycle,M1,1,0
1,-8.4,GO:0006959,humoral immune response,M1,1,0
1,-5,GO:0032675,regulation of interleukin-6 production,M1,1,0
1,-2.6,WP2849,Hematopoietic stem cell differentiation,M1,1,0
1,-5.7,hsa05142,Chagas disease,M1,1,0
1,-2,GO:0001774,microglial cell activation,M1,1,0
1,-2.2,GO:0046364,monosaccharide biosynthetic process,M1,1,0
1,-8,WP5218,Extrafollicular and follicular B cell activation by SARS-CoV-2,M1,1,0
1,-2.8,R-HSA-193639,p75NTR signals via NF-kB,M1,1,0
1,-3.5,GO:0002712,regulation of B cell mediated immunity,M1,1,0
1,-2.4,GO:0099024,plasma membrane invagination,M1,1,0
1,-2.2,GO:0008207,C21-steroid hormone metabolic process,M1,1,0
1,-2.3,R-HSA-9006925,Intracellular signaling by second messengers,M1,1,0
1,-8.2,GO:0097190,apoptotic signaling pathway,M1,1,0
1,-4.1,GO:0006469,negative regulation of protein kinase activity,M1,1,0
1,-5.6,GO:0070848,response to growth factor,M1,1,0
1,-4.5,GO:0051098,regulation of binding,M1,1,0
1,-3.9,GO:0001558,regulation of cell growth,M1,1,0
1,-6.5,GO:0009410,response to xenobiotic stimulus,M1,1,0
1,-4.3,GO:2000401,regulation of lymphocyte migration,M1,1,0
1,-13,GO:1903131,mononuclear cell differentiation,M1,1,0
1,-7.6,hsa05166,Human T-cell leukemia virus 1 infection,M1,1,0
1,-17,GO:0030595,leukocyte chemotaxis,M1,1,0
1,-2.2,WP3613,Photodynamic therapy-induced unfolded protein response,M1,1,0
1,-3.2,GO:0038094,Fc-gamma receptor signaling pathway,M1,1,0
1,-2.6,GO:0002577,regulation of antigen processing and presentation,M1,1,0
1,-4,R-HSA-114608,Platelet degranulation,M1,1,0
1,-4.4,GO:0070423,nucleotide-binding oligomerization domain containing signaling pathway,M1,1,0
1,-5.6,GO:0042116,macrophage activation,M1,1,0
1,-13,hsa05146,Amoebiasis,M1,1,0
1,-8.2,GO:0019216,regulation of lipid metabolic process,M1,1,0
1,-3.3,GO:0006936,muscle contraction,M1,1,0
1,-7.1,GO:1990869,cellular response to chemokine,M1,1,0
1,-13,GO:0071216,cellular response to biotic stimulus,M1,1,0
1,-4.1,hsa04115,p53 signaling pathway,M1,1,0
1,-3.3,GO:0045646,regulation of erythrocyte differentiation,M1,1,0
1,-3.2,WP5087,Malignant pleural mesothelioma,M1,1,0
1,-2.4,GO:1900046,regulation of hemostasis,M1,1,0
1,-3.7,GO:1903429,regulation of cell maturation,M1,1,0
1,-2.6,R-HSA-6803157,Antimicrobial peptides,M1,1,0
1,-5.8,R-HSA-76002,"Platelet activation, signaling and aggregation",M1,1,0
1,-12,hsa05416,Viral myocarditis,M1,1,0
1,-5.2,GO:1902041,regulation of extrinsic apoptotic signaling pathway via death domain receptors,M1,1,0
1,-2.8,GO:0050829,defense response to Gram-negative bacterium,M1,1,0
1,-3.8,GO:0048469,cell maturation,M1,1,0
1,-3.2,GO:0002320,lymphoid progenitor cell differentiation,M1,1,0
1,-2.6,M255,PID HIF1 TFPATHWAY,M1,1,0
1,-2.3,M264,PID TOLL ENDOGENOUS PATHWAY,M1,1,0
1,-2.2,hsa00601,Glycosphingolipid biosynthesis - lacto and neolacto series,M1,1,0
1,-3.1,GO:0034368,protein-lipid complex remodeling,M1,1,0
1,-2.7,GO:0050708,regulation of protein secretion,M1,1,0
1,-5.7,GO:0045936,negative regulation of phosphate metabolic process,M1,1,0
1,-2.7,GO:0032481,positive regulation of type I interferon production,M1,1,0
1,-2.4,R-HSA-1169408,ISG15 antiviral mechanism,M1,1,0
1,-8.2,WP2882,Nuclear receptors meta-pathway,M1,1,0
1,-3.6,hsa04610,Complement and coagulation cascades,M1,1,0
1,-2.1,GO:0009409,response to cold,M1,1,0
1,-2.9,GO:0010332,response to gamma radiation,M1,1,0
1,-2,GO:1900745,positive regulation of p38MAPK cascade,M1,1,0
1,-6.4,R-HSA-1474244,Extracellular matrix organization,M1,1,0
1,-10,GO:0002705,positive regulation of leukocyte mediated immunity,M1,1,0
1,-2.5,GO:0019915,lipid storage,M1,1,0
1,-3.5,GO:2000377,regulation of reactive oxygen species metabolic process,M1,1,0
1,-7.8,R-HSA-388396,GPCR downstream signalling,M1,1,0
1,-4.2,R-HSA-8949275,RUNX3 Regulates Immune Response and Cell Migration,M1,1,0
1,-2.4,GO:0060048,cardiac muscle contraction,M1,1,0
1,-3.9,WP236,Adipogenesis,M1,1,0
1,-2.5,GO:0014015,positive regulation of gliogenesis,M1,1,0
1,-10,GO:2001233,regulation of apoptotic signaling pathway,M1,1,0
1,-11,GO:0002718,regulation of cytokine production involved in immune response,M1,1,0
1,-2.5,GO:0016445,somatic diversification of immunoglobulins,M1,1,0
1,-2.4,GO:0009651,response to salt stress,M1,1,0
1,-8.4,GO:0002708,positive regulation of lymphocyte mediated immunity,M1,1,0
1,-4.1,GO:0072678,T cell migration,M1,1,0
1,-3,GO:1903201,regulation of oxidative stress-induced cell death,M1,1,0
1,-2.7,GO:0071902,positive regulation of protein serine/threonine kinase activity,M1,1,0
1,-9.7,GO:0002768,immune response-regulating cell surface receptor signaling pathway,M1,1,0
1,-3.9,WP4478,LTF danger signal response pathway,M1,1,0
1,-8.6,GO:1901342,regulation of vasculature development,M1,1,0
1,-2.8,GO:2001267,regulation of cysteine-type endopeptidase activity involved in apoptotic signaling pathway,M1,1,0
1,-11,hsa04672,Intestinal immune network for IgA production,M1,1,0
1,-12,GO:0050866,negative regulation of cell activation,M1,1,0
1,-2.1,GO:1902175,regulation of oxidative stress-induced intrinsic apoptotic signaling pathway,M1,1,0
1,-3.6,GO:0045860,positive regulation of protein kinase activity,M1,1,0
1,-4.6,GO:0031392,regulation of prostaglandin biosynthetic process,M1,1,0
1,-3.6,GO:2001280,positive regulation of unsaturated fatty acid biosynthetic process,M1,1,0
1,-3.2,GO:0050807,regulation of synapse organization,M1,1,0
1,-2.6,M101,PID HDAC CLASSI PATHWAY,M1,1,0
1,-2.8,R-HSA-216083,Integrin cell surface interactions,M1,1,0
1,-3,GO:0062014,negative regulation of small molecule metabolic process,M1,1,0
1,-2.5,GO:0045670,regulation of osteoclast differentiation,M1,1,0
1,-4.3,GO:0035872,"nucleotide-binding domain, leucine rich repeat containing receptor signaling pathway",M1,1,0
1,-2.3,GO:0031669,cellular response to nutrient levels,M1,1,0
1,-2,GO:0042771,intrinsic apoptotic signaling pathway in response to DNA damage by p53 class mediator,M1,1,0
1,-4.1,GO:0032642,regulation of chemokine production,M1,1,0
1,-8.3,GO:0007159,leukocyte cell-cell adhesion,M1,1,0
1,-3,M290,PID IL12 STAT4 PATHWAY,M1,1,0
1,-15,GO:0042330,taxis,M1,1,0
1,-2.6,WP3941,Oxidative damage response,M1,1,0
1,-3.6,GO:0042416,dopamine biosynthetic process,M1,1,0
1,-3.9,GO:0002335,mature B cell differentiation,M1,1,0
1,-2.2,hsa04979,Cholesterol metabolism,M1,1,0
1,-13,hsa05310,Asthma,M1,1,0
1,-3.1,GO:0045776,negative regulation of blood pressure,M1,1,0
1,-2.1,GO:0071375,cellular response to peptide hormone stimulus,M1,1,0
1,-5.9,GO:0002294,"CD4-positive, alpha-beta T cell differentiation involved in immune response",M1,1,0
1,-13,GO:0042110,T cell activation,M1,1,0
1,-3.5,GO:0045591,positive regulation of regulatory T cell differentiation,M1,1,0
1,-3.8,hsa05168,Herpes simplex virus 1 infection,M1,1,0
1,-2.6,GO:0007194,negative regulation of adenylate cyclase activity,M1,1,0
1,-2,GO:0051591,response to cAMP,M1,1,0
1,-2.8,GO:0002407,dendritic cell chemotaxis,M1,1,0
1,-4.4,GO:0010875,positive regulation of cholesterol efflux,M1,1,0
1,-8.9,hsa05322,Systemic lupus erythematosus,M1,1,0
1,-12,R-HSA-109582,Hemostasis,M1,1,0
1,-3.2,GO:0031343,positive regulation of cell killing,M1,1,0
1,-3.6,GO:0048545,response to steroid hormone,M1,1,0
1,-2.8,GO:0018958,phenol-containing compound metabolic process,M1,1,0
1,-9.1,R-HSA-877300,Interferon gamma signaling,M1,1,0
1,-7.4,R-HSA-6798695,Neutrophil degranulation,M1,1,0
1,-18,GO:0051249,regulation of lymphocyte activation,M1,1,0
1,-13,GO:0009617,response to bacterium,M1,1,0
1,-4.5,hsa05162,Measles,M1,1,0
1,-13,GO:0002503,peptide antigen assembly with MHC class II protein complex,M1,1,0
1,-5,WP4884,Pathogenesis of SARS-CoV-2 mediated by nsp9-nsp10 complex,M1,1,0
1,-11,GO:0071345,cellular response to cytokine stimulus,M1,1,0
1,-2.3,GO:2000404,regulation of T cell migration,M1,1,0
1,-3.8,GO:0046718,viral entry into host cell,M1,1,0
1,-3.3,GO:1900744,regulation of p38MAPK cascade,M1,1,0
1,-2.6,GO:0030330,"DNA damage response, signal transduction by p53 class mediator",M1,1,0
1,-2.1,GO:0006022,aminoglycan metabolic process,M1,1,0
1,-3.8,GO:0007160,cell-matrix adhesion,M1,1,0
1,-15,GO:0002366,leukocyte activation involved in immune response,M1,1,0
1,-4,GO:0043369,"CD4-positive or CD8-positive, alpha-beta T cell lineage commitment",M1,1,0
1,-4.8,GO:0071496,cellular response to external stimulus,M1,1,0
1,-2.7,GO:0010935,regulation of macrophage cytokine production,M1,1,0
1,-2.4,GO:1905521,regulation of macrophage migration,M1,1,0
1,-3.1,GO:0016032,viral process,M1,1,0
1,-2.3,GO:0055123,digestive system development,M1,1,0
1,-4.8,GO:0030029,actin filament-based process,M1,1,0
1,-2.1,GO:0055069,zinc ion homeostasis,M1,1,0
1,-2.1,WP5144,NRP1-triggered signaling pathways in pancreatic cancer,M1,1,0
1,-3.3,GO:0006898,receptor-mediated endocytosis,M1,1,0
1,-6.7,hsa05163,Human cytomegalovirus infection,M1,1,0
1,-4,GO:1903522,regulation of blood circulation,M1,1,0
1,-3.1,hsa03320,PPAR signaling pathway,M1,1,0
1,-5.9,GO:0042093,T-helper cell differentiation,M1,1,0
1,-2.8,WP15,Selenium micronutrient network,M1,1,0
1,-3.7,WP2884,NRF2 pathway,M1,1,0
1,-2.9,GO:0097396,response to interleukin-17,M1,1,0
1,-14,GO:1903037,regulation of leukocyte cell-cell adhesion,M1,1,0
1,-3.2,WP4255,Non-small cell lung cancer,M1,1,0
1,-16,GO:0002819,regulation of adaptive immune response,M1,1,0
1,-3.1,GO:0030003,cellular monoatomic cation homeostasis,M1,1,0
1,-2.2,R-HSA-75153,Apoptotic execution phase,M1,1,0
1,-2.2,GO:0010821,regulation of mitochondrion organization,M1,1,0
1,-2.7,hsa04217,Necroptosis,M1,1,0
1,-5.8,GO:0045859,regulation of protein kinase activity,M1,1,0
1,-7.7,GO:0070665,positive regulation of leukocyte proliferation,M1,1,0
1,-2.7,GO:0002437,inflammatory response to antigenic stimulus,M1,1,0
1,-5.9,GO:0031667,response to nutrient levels,M1,1,0
1,-3.9,GO:0001933,negative regulation of protein phosphorylation,M1,1,0
1,-10,GO:0002700,regulation of production of molecular mediator of immune response,M1,1,0
1,-2.9,GO:0051058,negative regulation of small GTPase mediated signal transduction,M1,1,0
1,-3,GO:0036294,cellular response to decreased oxygen levels,M1,1,0
1,-2.3,GO:0050804,modulation of chemical synaptic transmission,M1,1,0
1,-9.7,hsa04933,AGE-RAGE signaling pathway in diabetic complications,M1,1,0
1,-13,GO:0051251,positive regulation of lymphocyte activation,M1,1,0
1,-3.9,WP2018,RANKL/RANK signaling pathway,M1,1,0
1,-2.6,GO:0045655,regulation of monocyte differentiation,M1,1,0
1,-4.1,GO:0010811,positive regulation of cell-substrate adhesion,M1,1,0
1,-2.2,GO:1905523,positive regulation of macrophage migration,M1,1,0
1,-2,GO:0006654,phosphatidic acid biosynthetic process,M1,1,0
1,-4.8,GO:0071356,cellular response to tumor necrosis factor,M1,1,0
1,-2.6,GO:0043277,apoptotic cell clearance,M1,1,0
1,-3.7,GO:0002724,regulation of T cell cytokine production,M1,1,0
1,-3.2,WP2583,T cell receptor and co-stimulatory signaling,M1,1,0
1,-2.5,M124,PID CXCR4 PATHWAY,M1,1,0
1,-2.4,GO:2001235,positive regulation of apoptotic signaling pathway,M1,1,0
1,-4.4,GO:0097746,blood vessel diameter maintenance,M1,1,0
1,-3.7,GO:0050871,positive regulation of B cell activation,M1,1,0
1,-4.3,GO:0042326,negative regulation of phosphorylation,M1,1,0
1,-2.2,GO:0019725,cellular homeostasis,M1,1,0
1,-7.5,hsa04620,Toll-like receptor signaling pathway,M1,1,0
1,-2.1,GO:1904951,positive regulation of establishment of protein localization,M1,1,0
1,-5.4,GO:0031348,negative regulation of defense response,M1,1,0
1,-8.1,GO:0071674,mononuclear cell migration,M1,1,0
1,-8.8,GO:2001234,negative regulation of apoptotic signaling pathway,M1,1,0
1,-2.8,hsa04071,Sphingolipid signaling pathway,M1,1,0
1,-5,GO:0046638,positive regulation of alpha-beta T cell differentiation,M1,1,0
1,-4,GO:0045917,positive regulation of complement activation,M1,1,0
1,-3.6,WP4871,Kisspeptin/kisspeptin receptor system in the ovary,M1,1,0
1,-8.4,GO:0098609,cell-cell adhesion,M1,1,0
1,-2.7,GO:0071241,cellular response to inorganic substance,M1,1,0
1,-2.2,GO:0046463,acylglycerol biosynthetic process,M1,1,0
1,-4,GO:0042060,wound healing,M1,1,0
1,-2,GO:0014910,regulation of smooth muscle cell migration,M1,1,0
1,-3.2,GO:0051051,negative regulation of transport,M1,1,0
1,-2.7,GO:2000341,regulation of chemokine (C-X-C motif) ligand 2 production,M1,1,0
1,-3.4,GO:0008406,gonad development,M1,1,0
1,-5.6,GO:0050994,regulation of lipid catabolic process,M1,1,0
1,-22,GO:0002694,regulation of leukocyte activation,M1,1,0
1,-6.6,GO:0090303,positive regulation of wound healing,M1,1,0
1,-3.3,WP176,Folate metabolism,M1,1,0
1,-4.1,GO:1902042,negative regulation of extrinsic apoptotic signaling pathway via death domain receptors,M1,1,0
1,-3.1,GO:0045063,T-helper 1 cell differentiation,M1,1,0
1,-2.4,GO:0008202,steroid metabolic process,M1,1,0
1,-3.3,hsa04750,Inflammatory mediator regulation of TRP channels,M1,1,0
1,-3.1,GO:0010543,regulation of platelet activation,M1,1,0
1,-3.1,R-HSA-383280,Nuclear Receptor transcription pathway,M1,1,0
1,-5.6,GO:0034612,response to tumor necrosis factor,M1,1,0
1,-3.1,GO:0007157,heterophilic cell-cell adhesion via plasma membrane cell adhesion molecules,M1,1,0
1,-4.1,GO:0048247,lymphocyte chemotaxis,M1,1,0
1,-3.6,GO:0042088,T-helper 1 type immune response,M1,1,0
1,-5.4,R-HSA-196854,Metabolism of vitamins and cofactors,M1,1,0
1,-2.7,hsa05167,Kaposi sarcoma-associated herpesvirus infection,M1,1,0
1,-2.1,GO:0019318,hexose metabolic process,M1,1,0
1,-2.5,hsa05120,Epithelial cell signaling in Helicobacter pylori infection,M1,1,0
1,-3.5,GO:0002891,positive regulation of immunoglobulin mediated immune response,M1,1,0
1,-15,GO:0040011,locomotion,M1,1,0
1,-5.3,GO:0043123,positive regulation of I-kappaB kinase/NF-kappaB signaling,M1,1,0
1,-12,GO:0002757,immune response-activating signaling pathway,M1,1,0
1,-3,GO:0010975,regulation of neuron projection development,M1,1,0
1,-2.2,R-HSA-168188,Toll Like Receptor TLR6:TLR2 Cascade,M1,1,0
1,-2.8,GO:0006911,"phagocytosis, engulfment",M1,1,0
1,-9.2,GO:0043408,regulation of MAPK cascade,M1,1,0
1,-2.1,GO:0010894,negative regulation of steroid biosynthetic process,M1,1,0
1,-2.2,GO:0043491,protein kinase B signaling,M1,1,0
1,-2.4,GO:0005996,monosaccharide metabolic process,M1,1,0
1,-7.2,GO:0002440,production of molecular mediator of immune response,M1,1,0
1,-9.9,hsa04514,Cell adhesion molecules,M1,1,0
1,-2.6,GO:1900221,regulation of amyloid-beta clearance,M1,1,0
1,-2.5,GO:0098662,inorganic cation transmembrane transport,M1,1,0
1,-3.5,GO:0006641,triglyceride metabolic process,M1,1,0
1,-5.2,GO:0062012,regulation of small molecule metabolic process,M1,1,0
1,-2.8,GO:0045620,negative regulation of lymphocyte differentiation,M1,1,0
1,-6.4,GO:0070098,chemokine-mediated signaling pathway,M1,1,0
1,-2,GO:0007420,brain development,M1,1,0
1,-2.1,GO:0002686,negative regulation of leukocyte migration,M1,1,0
1,-2.9,WP4481,Resistin as a regulator of inflammation,M1,1,0
1,-5.4,WP4329,miRNAs involvement in the immune response in sepsis,M1,1,0
1,-6.6,WP5283,Chronic hyperglycemia impairment of neuron function,M1,1,0
1,-2.8,GO:0043407,negative regulation of MAP kinase activity,M1,1,0
1,-11,GO:0002831,regulation of response to biotic stimulus,M1,1,0
1,-15,hsa05164,Influenza A,M1,1,0
1,-8.9,GO:0008015,blood circulation,M1,1,0
1,-2.7,GO:0071453,cellular response to oxygen levels,M1,1,0
1,-12,hsa05321,Inflammatory bowel disease,M1,1,0
1,-5.4,R-HSA-76005,Response to elevated platelet cytosolic Ca2+,M1,1,0
1,-2.3,GO:1902003,regulation of amyloid-beta formation,M1,1,0
1,-2.1,GO:1902991,regulation of amyloid precursor protein catabolic process,M1,1,0
1,-4.3,GO:0032653,regulation of interleukin-10 production,M1,1,0
1,-3.2,R-HSA-6806667,Metabolism of fat-soluble vitamins,M1,1,0
1,-9,GO:2000514,"regulation of CD4-positive, alpha-beta T cell activation",M1,1,0
1,-4,GO:0001894,tissue homeostasis,M1,1,0
1,-4.9,GO:0032870,cellular response to hormone stimulus,M1,1,0
1,-3.7,WP558,Complement and coagulation cascades,M1,1,0
1,-2.3,GO:0007517,muscle organ development,M1,1,0
1,-2.8,M212,PID INTEGRIN5 PATHWAY,M1,1,0
1,-6.5,GO:0032677,regulation of interleukin-8 production,M1,1,0
1,-2.8,GO:0071398,cellular response to fatty acid,M1,1,0
1,-2.7,GO:1903035,negative regulation of response to wounding,M1,1,0
1,-11,WP5055,Burn wound healing,M1,1,0
1,-4.3,GO:0031400,negative regulation of protein modification process,M1,1,0
1,-2.6,GO:0001912,positive regulation of leukocyte mediated cytotoxicity,M1,1,0
1,-2.8,GO:0002903,negative regulation of B cell apoptotic process,M1,1,0
1,-10,R-HSA-372790,Signaling by GPCR,M1,1,0
1,-6.9,hsa05134,Legionellosis,M1,1,0
1,-3,GO:0031668,cellular response to extracellular stimulus,M1,1,0
1,-4.3,GO:0060759,regulation of response to cytokine stimulus,M1,1,0
1,-5.2,GO:0071404,cellular response to low-density lipoprotein particle stimulus,M1,1,0
1,-5.5,GO:0032760,positive regulation of tumor necrosis factor production,M1,1,0
1,-3.1,GO:0071456,cellular response to hypoxia,M1,1,0
1,-2.5,GO:0045165,cell fate commitment,M1,1,0
1,-2.6,WP23,B cell receptor signaling pathway,M1,1,0
1,-3.2,GO:0038093,Fc receptor signaling pathway,M1,1,0
1,-3.7,GO:0002886,regulation of myeloid leukocyte mediated immunity,M1,1,0
1,-2.7,M267,PID ANTHRAX PATHWAY,M1,1,0
1,-4,GO:0061458,reproductive system development,M1,1,0
1,-2.2,GO:0001706,endoderm formation,M1,1,0
1,-4,R-HSA-8939246,RUNX1 regulates transcription of genes involved in differentiation of myeloid cells,M1,1,0
1,-6.5,GO:0045639,positive regulation of myeloid cell differentiation,M1,1,0
1,-3.3,M162,PID RXR VDR PATHWAY,M1,1,0
1,-4.7,GO:0002763,positive regulation of myeloid leukocyte differentiation,M1,1,0
1,-2.6,GO:0051100,negative regulation of binding,M1,1,0
1,-13,GO:0002824,positive regulation of adaptive immune response based on somatic recombination of immune receptors built from immunoglobulin superfamily domains,M1,1,0
1,-7.6,GO:0030162,regulation of proteolysis,M1,1,0
1,-2.3,GO:0014074,response to purine-containing compound,M1,1,0
1,-16,GO:0019884,antigen processing and presentation of exogenous antigen,M1,1,0
1,-3,GO:2000316,regulation of T-helper 17 type immune response,M1,1,0
1,-2.4,GO:0050680,negative regulation of epithelial cell proliferation,M1,1,0
1,-2.2,GO:0045229,external encapsulating structure organization,M1,1,0
1,-9.2,R-HSA-389948,PD-1 signaling,M1,1,0
1,-3.6,WP4479,Supression of HMGB1 mediated inflammation by THBD,M1,1,0
1,-6.2,GO:0032651,regulation of interleukin-1 beta production,M1,1,0
1,-2.3,WP3981,miRNA regulation of prostate cancer signaling pathways,M1,1,0
1,-2.2,GO:0050768,negative regulation of neurogenesis,M1,1,0
1,-2.5,GO:0045786,negative regulation of cell cycle,M1,1,0
1,-2.9,GO:0050714,positive regulation of protein secretion,M1,1,0
1,-2.8,GO:0048143,astrocyte activation,M1,1,0
1,-3.3,GO:0050918,positive chemotaxis,M1,1,0
1,-3.3,GO:0002701,negative regulation of production of molecular mediator of immune response,M1,1,0
1,-4,GO:0048608,reproductive structure development,M1,1,0
1,-2.9,GO:0097192,extrinsic apoptotic signaling pathway in absence of ligand,M1,1,0
1,-3.9,GO:0052372,modulation by symbiont of entry into host,M1,1,0
1,-11,GO:0002685,regulation of leukocyte migration,M1,1,0
1,-14,GO:0019724,B cell mediated immunity,M1,1,0
1,-2.9,R-HSA-166016,Toll Like Receptor 4 (TLR4) Cascade,M1,1,0
1,-17,GO:2000147,positive regulation of cell motility,M1,1,0
1,-3.6,WP5285,Immune infiltration in pancreatic cancer,M1,1,0
1,-2.7,GO:0015693,magnesium ion transport,M1,1,0
1,-2.4,GO:0002431,Fc receptor mediated stimulatory signaling pathway,M1,1,0
1,-2.6,GO:1904375,regulation of protein localization to cell periphery,M1,1,0
1,-4.9,GO:0071695,anatomical structure maturation,M1,1,0
1,-4.1,WP3995,Prion disease pathway,M1,1,0
1,-2.2,GO:0045581,negative regulation of T cell differentiation,M1,1,0
1,-8.3,GO:0001818,negative regulation of cytokine production,M1,1,0
1,-6.3,GO:0052548,regulation of endopeptidase activity,M1,1,0
1,-14,GO:0002495,antigen processing and presentation of peptide antigen via MHC class II,M1,1,0
1,-2.6,GO:0046330,positive regulation of JNK cascade,M1,1,0
1,-17,GO:0045785,positive regulation of cell adhesion,M1,1,0
1,-2.2,GO:2001057,reactive nitrogen species metabolic process,M1,1,0
1,-4.5,GO:0090066,regulation of anatomical structure size,M1,1,0
1,-2.4,GO:0006809,nitric oxide biosynthetic process,M1,1,0
1,-3,GO:0030316,osteoclast differentiation,M1,1,0
1,-2.2,GO:0071230,cellular response to amino acid stimulus,M1,1,0
1,-11,GO:0002501,peptide antigen assembly with MHC protein complex,M1,1,0
1,-2.8,GO:0043405,regulation of MAP kinase activity,M1,1,0
1,-2.8,GO:1903078,positive regulation of protein localization to plasma membrane,M1,1,0
1,-4.5,GO:0031341,regulation of cell killing,M1,1,0
1,-2.3,R-HSA-5357786,TNFR1-induced proapoptotic signaling,M1,1,0
1,-5.8,M11736,SA MMP CYTOKINE CONNECTION,M1,1,0
1,-5.4,GO:0010885,regulation of cholesterol storage,M1,1,0
1,-3.7,GO:2000351,regulation of endothelial cell apoptotic process,M1,1,0
1,-2.2,GO:0045761,regulation of adenylate cyclase activity,M1,1,0
1,-4,hsa05212,Pancreatic cancer,M1,1,0
1,-3.3,GO:0001952,regulation of cell-matrix adhesion,M1,1,0
1,-2.5,GO:1902905,positive regulation of supramolecular fiber organization,M1,1,0
1,-8.1,GO:0071407,cellular response to organic cyclic compound,M1,1,0
1,-4.1,GO:0003012,muscle system process,M1,1,0
1,-6.9,GO:0002690,positive regulation of leukocyte chemotaxis,M1,1,0
1,-4.5,GO:0032731,positive regulation of interleukin-1 beta production,M1,1,0
1,-11,GO:0043068,positive regulation of programmed cell death,M1,1,0
1,-7.2,GO:0046635,positive regulation of alpha-beta T cell activation,M1,1,0
1,-2.9,GO:0046660,female sex differentiation,M1,1,0
1,-5.3,WP2324,AGE/RAGE pathway,M1,1,0
1,-3.6,GO:0008016,regulation of heart contraction,M1,1,0
1,-3.7,GO:0032373,positive regulation of sterol transport,M1,1,0
1,-3.4,GO:0034350,regulation of glial cell apoptotic process,M1,1,0
1,-7.1,GO:1990868,response to chemokine,M1,1,0
1,-4.9,GO:0002761,regulation of myeloid leukocyte differentiation,M1,1,0
1,-2.1,GO:0043331,response to dsRNA,M1,1,0
1,-8.1,hsa04658,Th1 and Th2 cell differentiation,M1,1,0
1,-4,GO:0032692,negative regulation of interleukin-1 production,M1,1,0
1,-2.9,GO:0002931,response to ischemia,M1,1,0
1,-2.6,M15,PID LYSOPHOSPHOLIPID PATHWAY,M1,1,0
1,-3.2,GO:0050766,positive regulation of phagocytosis,M1,1,0
1,-2,GO:2000106,regulation of leukocyte apoptotic process,M1,1,0
1,-8.8,GO:0045765,regulation of angiogenesis,M1,1,0
1,-3.5,GO:2000563,"positive regulation of CD4-positive, alpha-beta T cell proliferation",M1,1,0
1,-3.1,GO:0034762,regulation of transmembrane transport,M1,1,0
1,-10,R-HSA-6785807,Interleukin-4 and Interleukin-13 signaling,M1,1,0
1,-2.4,GO:2000561,"regulation of CD4-positive, alpha-beta T cell proliferation",M1,1,0
1,-2.5,GO:0002902,regulation of B cell apoptotic process,M1,1,0
1,-3.5,M8,PID ENDOTHELIN PATHWAY,M1,1,0
1,-5.2,GO:0042742,defense response to bacterium,M1,1,0
1,-8,GO:0006909,phagocytosis,M1,1,0
1,-2.8,GO:0051897,positive regulation of protein kinase B signaling,M1,1,0
1,-3.7,GO:0009595,detection of biotic stimulus,M1,1,0
1,-2.2,GO:0051702,biological process involved in interaction with symbiont,M1,1,0
1,-2.8,WP4522,"Metabolic pathway of LDL, HDL and TG, including diseases",M1,1,0
1,-2.5,GO:2000319,regulation of T-helper 17 cell differentiation,M1,1,0
1,-3.2,hsa05218,Melanoma,M1,1,0
1,-3,GO:0002829,negative regulation of type 2 immune response,M1,1,0
1,-2.4,GO:2000810,regulation of bicellular tight junction assembly,M1,1,0
1,-5.4,GO:2000146,negative regulation of cell motility,M1,1,0
1,-3.1,WP129,Matrix metalloproteinases,M1,1,0
1,-2.8,GO:0050853,B cell receptor signaling pathway,M1,1,0
1,-9.7,GO:0003013,circulatory system process,M1,1,0
1,-3.6,GO:0045428,regulation of nitric oxide biosynthetic process,M1,1,0
1,-2.1,GO:0009312,oligosaccharide biosynthetic process,M1,1,0
1,-7.8,GO:1905517,macrophage migration,M1,1,0
1,-2.5,GO:0031344,regulation of cell projection organization,M1,1,0
1,-4.7,GO:0010951,negative regulation of endopeptidase activity,M1,1,0
1,-6.4,WP2374,Oncostatin M signaling pathway,M1,1,0
1,-19,hsa05140,Leishmaniasis,M1,1,0
1,-2.1,GO:0032878,regulation of establishment or maintenance of cell polarity,M1,1,0
1,-9.4,GO:0046632,alpha-beta T cell differentiation,M1,1,0
1,-8.2,GO:0071677,positive regulation of mononuclear cell migration,M1,1,0
1,-2.2,GO:0010823,negative regulation of mitochondrion organization,M1,1,0
1,-3.2,GO:1900076,regulation of cellular response to insulin stimulus,M1,1,0
1,-2.4,GO:0071260,cellular response to mechanical stimulus,M1,1,0
1,-11,hsa04145,Phagosome,M1,1,0
1,-2,GO:0048525,negative regulation of viral process,M1,1,0
1,-2.2,GO:0045672,positive regulation of osteoclast differentiation,M1,1,0
1,-3.7,GO:0090026,positive regulation of monocyte chemotaxis,M1,1,0
1,-11,GO:0030098,lymphocyte differentiation,M1,1,0
1,-3.2,GO:0035094,response to nicotine,M1,1,0
1,-2.8,GO:1903830,magnesium ion transmembrane transport,M1,1,0
1,-2.4,WP5044,Kynurenine pathway and links to cell senescence,M1,1,0
1,-2.8,WP4877,Host-pathogen interaction of human coronaviruses - MAPK signaling,M1,1,0
1,-5,M113,PID NFAT 3PATHWAY,M1,1,0
1,-2.6,GO:0048706,embryonic skeletal system development,M1,1,0
1,-2.1,GO:0071277,cellular response to calcium ion,M1,1,0
1,-3.3,GO:1902622,regulation of neutrophil migration,M1,1,0
1,-2.4,GO:0046597,negative regulation of viral entry into host cell,M1,1,0
1,-7.2,GO:0001934,positive regulation of protein phosphorylation,M1,1,0
1,-4.2,GO:0022604,regulation of cell morphogenesis,M1,1,0
1,-14,GO:0030097,hemopoiesis,M1,1,0
1,-2.6,M272,PID CD8 TCR DOWNSTREAM PATHWAY,M1,1,0
1,-3,GO:0055119,relaxation of cardiac muscle,M1,1,0
1,-4.9,M65,PID FRA PATHWAY,M1,1,0
1,-3.3,hsa05160,Hepatitis C,M1,1,0
1,-3.7,WP3865,Novel intracellular components of RIG-I-like receptor pathway,M1,1,0
1,-11,GO:0050870,positive regulation of T cell activation,M1,1,0
1,-2.6,GO:0002691,regulation of cellular extravasation,M1,1,0
1,-3.7,WP304,Kit receptor signaling pathway,M1,1,0
1,-2.2,GO:0016525,negative regulation of angiogenesis,M1,1,0
1,-2.6,GO:0061061,muscle structure development,M1,1,0
1,-2.9,GO:0001954,positive regulation of cell-matrix adhesion,M1,1,0
1,-3.3,GO:0051894,positive regulation of focal adhesion assembly,M1,1,0
1,-7.5,WP3617,Photodynamic therapy-induced NF-kB survival signaling,M1,1,0
1,-2.2,M220,PID CASPASE PATHWAY,M1,1,0
1,-2.2,GO:0051592,response to calcium ion,M1,1,0
1,-3.7,GO:0050852,T cell receptor signaling pathway,M1,1,0
1,-3,M19,PID P73PATHWAY,M1,1,0
1,-5.3,GO:0010743,regulation of macrophage derived foam cell differentiation,M1,1,0
1,-6.3,GO:1904018,positive regulation of vasculature development,M1,1,0
1,-9.2,WP5088,Prostaglandin signaling,M1,1,0
1,-2.6,GO:0019432,triglyceride biosynthetic process,M1,1,0
1,-4.4,GO:0035296,regulation of tube diameter,M1,1,0
1,-2.7,WP231,TNF-alpha signaling pathway,M1,1,0
1,-2.4,GO:0090075,relaxation of muscle,M1,1,0
1,-6.2,GO:0050728,negative regulation of inflammatory response,M1,1,0
1,-4,GO:0043254,regulation of protein-containing complex assembly,M1,1,0
1,-3,R-HSA-8957275,Post-translational protein phosphorylation,M1,1,0
1,-2.7,GO:0051353,positive regulation of oxidoreductase activity,M1,1,0
1,-12,GO:0019882,antigen processing and presentation,M1,1,0
1,-3.5,GO:0098581,detection of external biotic stimulus,M1,1,0
1,-7.2,GO:0032652,regulation of interleukin-1 production,M1,1,0
1,-2.7,GO:0051701,biological process involved in interaction with host,M1,1,0
1,-2.3,GO:1900047,negative regulation of hemostasis,M1,1,0
1,-6.2,GO:0034113,heterotypic cell-cell adhesion,M1,1,0
1,-3,R-HSA-5602358,Diseases associated with the TLR signaling cascade,M1,1,0
1,-5.8,GO:0002287,alpha-beta T cell activation involved in immune response,M1,1,0
1,-2.2,GO:0046209,nitric oxide metabolic process,M1,1,0
1,-3.1,GO:0044000,movement in host,M1,1,0
1,-6.2,M37,PID NFKAPPAB CANONICAL PATHWAY,M1,1,0
1,-2.4,GO:0006094,gluconeogenesis,M1,1,0
1,-3.4,WP3630,"NAD metabolism, sirtuins and aging",M1,1,0
1,-2.4,GO:0045600,positive regulation of fat cell differentiation,M1,1,0
1,-11,hsa05417,Lipid and atherosclerosis,M1,1,0
1,-3.2,GO:1904888,cranial skeletal system development,M1,1,0
1,-4.9,GO:0045834,positive regulation of lipid metabolic process,M1,1,0
1,-3.2,GO:0046596,regulation of viral entry into host cell,M1,1,0
1,-3.8,GO:0071559,response to transforming growth factor beta,M1,1,0
1,-7.7,GO:0032663,regulation of interleukin-2 production,M1,1,0
1,-3.3,GO:0002920,regulation of humoral immune response,M1,1,0
1,-2.4,GO:0071825,protein-lipid complex subunit organization,M1,1,0
1,-2.4,GO:0035024,negative regulation of Rho protein signal transduction,M1,1,0
1,-3.4,GO:1902074,response to salt,M1,1,0
1,-3.6,R-HSA-9692916,SARS-CoV-1 activates/modulates innate immune responses,M1,1,0
1,-4.9,GO:0050678,regulation of epithelial cell proliferation,M1,1,0
1,-2.2,hsa04961,Endocrine and other factor-regulated calcium reabsorption,M1,1,0
1,-2.8,GO:0061081,positive regulation of myeloid leukocyte cytokine production involved in immune response,M1,1,0
1,-11,R-HSA-202427,Phosphorylation of CD3 and TCR zeta chains,M1,1,0
1,-4.7,GO:0009743,response to carbohydrate,M1,1,0
1,-5,GO:1901099,negative regulation of signal transduction in absence of ligand,M1,1,0
1,-2.1,GO:0048041,focal adhesion assembly,M1,1,0
1,-3,M88,PID CD8 TCR PATHWAY,M1,1,0
1,-25,GO:0050865,regulation of cell activation,M1,1,0
1,-3.8,R-HSA-168898,Toll-like Receptor Cascades,M1,1,0
1,-3.3,GO:0030308,negative regulation of cell growth,M1,1,0
1,-3.1,GO:0090025,regulation of monocyte chemotaxis,M1,1,0
1,-3.9,GO:0070302,regulation of stress-activated protein kinase signaling cascade,M1,1,0
1,-2.5,GO:0060218,hematopoietic stem cell differentiation,M1,1,0
1,-2.9,GO:0010632,regulation of epithelial cell migration,M1,1,0
1,-2.9,GO:0043373,"CD4-positive, alpha-beta T cell lineage commitment",M1,1,0
1,-2.5,hsa04925,Aldosterone synthesis and secretion,M1,1,0
1,-2.9,GO:0050731,positive regulation of peptidyl-tyrosine phosphorylation,M1,1,0
1,-4.4,GO:0000302,response to reactive oxygen species,M1,1,0
1,-5.6,GO:0045058,T cell selection,M1,1,0
1,-4.5,GO:0032733,positive regulation of interleukin-10 production,M1,1,0
1,-4.5,GO:0071376,cellular response to corticotropin-releasing hormone stimulus,M1,1,0
1,-2.3,GO:0007292,female gamete generation,M1,1,0
1,-2.1,GO:0032835,glomerulus development,M1,1,0
1,-8.9,GO:0045580,regulation of T cell differentiation,M1,1,0
1,-13,hsa05169,Epstein-Barr virus infection,M1,1,0
1,-2.6,GO:1903978,regulation of microglial cell activation,M1,1,0
1,-3.3,M183,PID IL6 7 PATHWAY,M1,1,0
1,-3.1,GO:0042772,"DNA damage response, signal transduction resulting in transcription",M1,1,0
1,-4.1,GO:0006968,cellular defense response,M1,1,0
1,-3.1,R-HSA-75205,Dissolution of Fibrin Clot,M1,1,0
1,-3.6,GO:0045732,positive regulation of protein catabolic process,M1,1,0
1,-2.6,R-HSA-1442490,Collagen degradation,M1,1,0
1,-5.6,GO:0051091,positive regulation of DNA-binding transcription factor activity,M1,1,0
1,-7.9,GO:0009725,response to hormone,M1,1,0
1,-4,GO:0070673,response to interleukin-18,M1,1,0
1,-5.9,GO:0051235,maintenance of location,M1,1,0
1,-2.9,GO:0097398,cellular response to interleukin-17,M1,1,0
1,-2.2,GO:0043062,extracellular structure organization,M1,1,0
1,-5.1,WP2355,Corticotropin-releasing hormone signaling pathway,M1,1,0
1,-2.6,GO:0071248,cellular response to metal ion,M1,1,0
1,-6.7,GO:0002292,T cell differentiation involved in immune response,M1,1,0
1,-2.2,R-HSA-73887,Death Receptor Signaling,M1,1,0
1,-10,GO:0070663,regulation of leukocyte proliferation,M1,1,0
1,-4.7,GO:0042113,B cell activation,M1,1,0
1,-6,hsa04657,IL-17 signaling pathway,M1,1,0
1,-3.5,GO:0050999,regulation of nitric-oxide synthase activity,M1,1,0
1,-3.6,WP4480,Altered glycosylation of MUC1 in tumor microenvironment,M1,1,0
1,-3.5,GO:0010038,response to metal ion,M1,1,0
1,-3,GO:0002573,myeloid leukocyte differentiation,M1,1,0
1,-2.7,GO:0022411,cellular component disassembly,M1,1,0
1,-4.2,GO:0010891,negative regulation of sequestering of triglyceride,M1,1,0
1,-2.6,GO:0042551,neuron maturation,M1,1,0
1,-2.7,GO:0032963,collagen metabolic process,M1,1,0
1,-3.4,GO:0090023,positive regulation of neutrophil chemotaxis,M1,1,0
1,-14,GO:0019886,antigen processing and presentation of exogenous peptide antigen via MHC class II,M1,1,0
1,-4,hsa05220,Chronic myeloid leukemia,M1,1,0
1,-6.8,R-HSA-380108,Chemokine receptors bind chemokines,M1,1,0
1,-5.8,GO:0003018,vascular process in circulatory system,M1,1,0
1,-2.4,R-HSA-9716542,"Signaling by Rho GTPases, Miro GTPases and RHOBTB3",M1,1,0
1,-5.2,GO:0055094,response to lipoprotein particle,M1,1,0
1,-2.6,GO:0010544,negative regulation of platelet activation,M1,1,0
1,-13,GO:0022409,positive regulation of cell-cell adhesion,M1,1,0
1,-9.5,R-HSA-2132295,MHC class II antigen presentation,M1,1,0
1,-3.7,GO:0044409,entry into host,M1,1,0
1,-10,WP2877,Vitamin D receptor pathway,M1,1,0
1,-5,GO:0007584,response to nutrient,M1,1,0
1,-6.5,GO:0002688,regulation of leukocyte chemotaxis,M1,1,0
1,-2.9,GO:0050869,negative regulation of B cell activation,M1,1,0
1,-2.6,GO:0002523,leukocyte migration involved in inflammatory response,M1,1,0
1,-3,GO:0048638,regulation of developmental growth,M1,1,0
1,-2.5,GO:0016051,carbohydrate biosynthetic process,M1,1,0
1,-8.8,GO:0035710,"CD4-positive, alpha-beta T cell activation",M1,1,0
1,-4.3,GO:0006897,endocytosis,M1,1,0
1,-3.9,GO:0010744,positive regulation of macrophage derived foam cell differentiation,M1,1,0
1,-2.7,R-HSA-168638,NOD1/2 Signaling Pathway,M1,1,0
1,-9,R-HSA-6783783,Interleukin-10 signaling,M1,1,0
1,-2,GO:0055022,negative regulation of cardiac muscle tissue growth,M1,1,0
1,-5.3,GO:0070374,positive regulation of ERK1 and ERK2 cascade,M1,1,0
1,-3.1,hsa05205,Proteoglycans in cancer,M1,1,0
1,-22,WP4754,IL-18 signaling pathway,M1,1,0
1,-4.1,hsa04666,Fc gamma R-mediated phagocytosis,M1,1,0
1,-2.4,WP2572,Primary focal segmental glomerulosclerosis (FSGS),M1,1,0
1,-11,WP3624,Lung fibrosis,M1,1,0
1,-6.2,GO:0030522,intracellular receptor signaling pathway,M1,1,0
1,-2.6,WP516,Hypertrophy model,M1,1,0
1,-5.2,GO:0001776,leukocyte homeostasis,M1,1,0
1,-9.7,GO:0071222,cellular response to lipopolysaccharide,M1,1,0
1,-3.3,hsa04622,RIG-I-like receptor signaling pathway,M1,1,0
1,-8.9,GO:0002286,T cell activation involved in immune response,M1,1,0
1,-2,GO:0010165,response to X-ray,M1,1,0
1,-2.2,GO:1901987,regulation of cell cycle phase transition,M1,1,0
1,-5.9,WP4658,Small cell lung cancer,M1,1,0
1,-2.2,GO:1902749,regulation of cell cycle G2/M phase transition,M1,1,0
1,-2.3,R-HSA-2029485,Role of phospholipids in phagocytosis,M1,1,0
1,-3.8,GO:0030099,myeloid cell differentiation,M1,1,0
1,-12,GO:0002821,positive regulation of adaptive immune response,M1,1,0
1,-2.6,GO:0120035,regulation of plasma membrane bounded cell projection organization,M1,1,0
1,-4.5,GO:0048006,"antigen processing and presentation, endogenous lipid antigen via MHC class Ib",M1,1,0
1,-5.9,GO:0008283,cell population proliferation,M1,1,0
1,-9.7,GO:0010883,regulation of lipid storage,M1,1,0
1,-5.1,GO:0090594,inflammatory response to wounding,M1,1,0
1,-3.1,R-HSA-3000178,ECM proteoglycans,M1,1,0
1,-2.4,R-HSA-5357801,Programmed Cell Death,M1,1,0
1,-2.1,GO:0043393,regulation of protein binding,M1,1,0
1,-2.2,WP5183,SARS-CoV-2 mitochondrial chronic oxidative stress and endothelial dysfunction,M1,1,0
1,-6.3,GO:0045637,regulation of myeloid cell differentiation,M1,1,0
1,-10,hsa05150,Staphylococcus aureus infection,M1,1,0
1,-3.2,WP5092,Interactions of natural killer cells in pancreatic cancer,M1,1,0
1,-3.4,GO:0031100,animal organ regeneration,M1,1,0
1,-4.2,GO:0051047,positive regulation of secretion,M1,1,0
1,-3.1,GO:1905907,negative regulation of amyloid fibril formation,M1,1,0
1,-4.3,GO:0007249,I-kappaB kinase/NF-kappaB signaling,M1,1,0
1,-2.1,M276,PID FGF PATHWAY,M1,1,0
1,-5.3,hsa04210,Apoptosis,M1,1,0
1,-4.5,R-HSA-9660826,Purinergic signaling in leishmaniasis infection,M1,1,0
1,-2.4,GO:0010634,positive regulation of epithelial cell migration,M1,1,0
1,-4.1,GO:0104004,cellular response to environmental stimulus,M1,1,0
1,-3.1,hsa04928,"Parathyroid hormone synthesis, secretion and action",M1,1,0
1,-5.2,WP5083,Neuroinflammation and glutamatergic signaling,M1,1,0
1,-6,R-HSA-909733,Interferon alpha/beta signaling,M1,1,0
1,-19,GO:0045321,leukocyte activation,M1,1,0
1,-2.6,GO:0006468,protein phosphorylation,M1,1,0
1,-4.8,GO:0071347,cellular response to interleukin-1,M1,1,0
1,-5.3,GO:0019883,antigen processing and presentation of endogenous antigen,M1,1,0
1,-3.8,GO:0050901,leukocyte tethering or rolling,M1,1,0
1,-3.1,GO:0050803,regulation of synapse structure or activity,M1,1,0
1,-3.4,GO:0034599,cellular response to oxidative stress,M1,1,0
1,-2,hsa05235,PD-L1 expression and PD-1 checkpoint pathway in cancer,M1,1,0
1,-2.2,GO:0032024,positive regulation of insulin secretion,M1,1,0
1,-3.7,R-HSA-622312,Inflammasomes,M1,1,0
1,-2.2,GO:0032940,secretion by cell,M1,1,0
1,-3.4,GO:0045137,development of primary sexual characteristics,M1,1,0
1,-4.9,hsa05133,Pertussis,M1,1,0
1,-2.8,GO:0051101,regulation of DNA binding,M1,1,0
1,-2.3,GO:0031333,negative regulation of protein-containing complex assembly,M1,1,0
1,-5.6,GO:1901699,cellular response to nitrogen compound,M1,1,0
1,-2.6,GO:0008585,female gonad development,M1,1,0
1,-2.1,R-HSA-9700206,Signaling by ALK in cancer,M1,1,0
1,-3.3,GO:0002861,regulation of inflammatory response to antigenic stimulus,M1,1,0
1,-2.8,GO:0046889,positive regulation of lipid biosynthetic process,M1,1,0
1,-11,GO:0046631,alpha-beta T cell activation,M1,1,0
1,-2.6,GO:0016444,somatic cell DNA recombination,M1,1,0
1,-2,GO:0030307,positive regulation of cell growth,M1,1,0
1,-2.5,GO:0045429,positive regulation of nitric oxide biosynthetic process,M1,1,0
1,-3.5,GO:1904037,positive regulation of epithelial cell apoptotic process,M1,1,0
1,-2.7,GO:1903729,regulation of plasma membrane organization,M1,1,0
1,-2,WP3982,miRNA regulation of p53 pathway in prostate cancer,M1,1,0
1,-5.6,GO:0050851,antigen receptor-mediated signaling pathway,M1,1,0
1,-5.6,WP5095,Overview of proinflammatory and profibrotic mediators,M1,1,0
1,-2.6,GO:0042176,regulation of protein catabolic process,M1,1,0
1,-5.1,GO:1903900,regulation of viral life cycle,M1,1,0
1,-2.5,WP3942,PPAR signaling pathway,M1,1,0
1,-4.3,WP4008,NO/cGMP/PKG mediated neuroprotection,M1,1,0
1,-11,GO:0030217,T cell differentiation,M1,1,0
1,-6.6,GO:0002720,positive regulation of cytokine production involved in immune response,M1,1,0
1,-3.4,R-HSA-975634,Retinoid metabolism and transport,M1,1,0
1,-2.2,R-HSA-168179,Toll Like Receptor TLR1:TLR2 Cascade,M1,1,0
1,-3.5,GO:0150077,regulation of neuroinflammatory response,M1,1,0
1,-4.2,GO:0070482,response to oxygen levels,M1,1,0
1,-3.5,GO:0080164,regulation of nitric oxide metabolic process,M1,1,0
1,-3.4,GO:0006638,neutral lipid metabolic process,M1,1,0
1,-3.3,WP5284,Cell interactions of the pancreatic cancer microenvironment,M1,1,0
1,-2.5,GO:0031280,negative regulation of cyclase activity,M1,1,0
1,-9.5,M5885,NABA MATRISOME ASSOCIATED,M1,1,0
1,-2.8,GO:0050830,defense response to Gram-positive bacterium,M1,1,0
1,-2.5,hsa05131,Shigellosis,M1,1,0
1,-13,GO:0002703,regulation of leukocyte mediated immunity,M1,1,0
1,-3,GO:0010874,regulation of cholesterol efflux,M1,1,0
1,-12,WP2328,Allograft rejection,M1,1,0
1,-6.1,GO:0043549,regulation of kinase activity,M1,1,0
1,-9,GO:0046634,regulation of alpha-beta T cell activation,M1,1,0
1,-2.2,GO:0034763,negative regulation of transmembrane transport,M1,1,0
1,-2.6,R-HSA-416700,Other semaphorin interactions,M1,1,0
1,-2.6,R-HSA-8875878,MET promotes cell motility,M1,1,0
1,-4,GO:0002827,positive regulation of T-helper 1 type immune response,M1,1,0
1,-2.4,GO:0030195,negative regulation of blood coagulation,M1,1,0
1,-3.7,WP2261,Glioblastoma signaling pathways,M1,1,0
1,-4.8,GO:0097006,regulation of plasma lipoprotein particle levels,M1,1,0
1,-2.4,GO:0046887,positive regulation of hormone secretion,M1,1,0
1,-3.2,GO:0002732,positive regulation of dendritic cell cytokine production,M1,1,0
1,-7.3,WP619,Type II interferon signaling,M1,1,0
1,-4,WP4655,Cytosolic DNA-sensing pathway,M1,1,0
1,-4.5,GO:0071900,regulation of protein serine/threonine kinase activity,M1,1,0
1,-5.6,GO:0030336,negative regulation of cell migration,M1,1,0
1,-7.1,hsa04668,TNF signaling pathway,M1,1,0
1,-3.9,GO:0009895,negative regulation of catabolic process,M1,1,0
1,-14,hsa04612,Antigen processing and presentation,M1,1,0
1,-2.8,GO:0046578,regulation of Ras protein signal transduction,M1,1,0
1,-2.3,WP710,DNA damage response (only ATM dependent),M1,1,0
1,-2.2,GO:0048511,rhythmic process,M1,1,0
1,-5.2,hsa04010,MAPK signaling pathway,M1,1,0
1,-4,M277,PID INTEGRIN A4B1 PATHWAY,M1,1,0
1,-2.4,GO:2000353,positive regulation of endothelial cell apoptotic process,M1,1,0
1,-3.8,WP3929,Chemokine signaling pathway,M1,1,0
1,-3.3,GO:0030890,positive regulation of B cell proliferation,M1,1,0
1,-2.7,GO:0070542,response to fatty acid,M1,1,0
1,-2.9,GO:0038034,signal transduction in absence of ligand,M1,1,0
1,-2.2,GO:0046460,neutral lipid biosynthetic process,M1,1,0
1,-3.8,R-HSA-2187338,Visual phototransduction,M1,1,0
1,-2,R-HSA-196849,Metabolism of water-soluble vitamins and cofactors,M1,1,0
1,-12,GO:0002253,activation of immune response,M1,1,0
1,-5.3,GO:0071417,cellular response to organonitrogen compound,M1,1,0
1,-2.6,GO:0001503,ossification,M1,1,0
1,-5.3,GO:0097191,extrinsic apoptotic signaling pathway,M1,1,0
1,-2.5,GO:0048565,digestive tract development,M1,1,0
1,-2.6,GO:0032495,response to muramyl dipeptide,M1,1,0
1,-2.9,GO:0007254,JNK cascade,M1,1,0
1,-3.1,GO:0001562,response to protozoan,M1,1,0
1,-3.5,M34,PID TCR PATHWAY,M1,1,0
1,-2,GO:0045939,negative regulation of steroid metabolic process,M1,1,0
1,-6.7,WP4494,Selective expression of chemokine receptors during T-cell polarization,M1,1,0
1,-4.1,GO:0031589,cell-substrate adhesion,M1,1,0
1,-11,GO:0002396,MHC protein complex assembly,M1,1,0
1,-18,GO:0031347,regulation of defense response,M1,1,0
1,-4.4,GO:0061043,regulation of vascular wound healing,M1,1,0
1,-12,WP5115,Network map of SARS-CoV-2 signaling pathway,M1,1,0
1,-4.5,GO:1904035,regulation of epithelial cell apoptotic process,M1,1,0
1,-2.5,GO:2001243,negative regulation of intrinsic apoptotic signaling pathway,M1,1,0
1,-2.4,GO:0030318,melanocyte differentiation,M1,1,0
1,-7.4,GO:0034341,response to type II interferon,M1,1,0
1,-4.1,GO:0002363,alpha-beta T cell lineage commitment,M1,1,0
1,-2.7,GO:0007167,enzyme-linked receptor protein signaling pathway,M1,1,0
1,-3.1,M269,PID RAS PATHWAY,M1,1,0
1,-4.9,GO:0071402,cellular response to lipoprotein particle stimulus,M1,1,0
1,-2.6,GO:0030888,regulation of B cell proliferation,M1,1,0
1,-4.2,GO:0043368,positive T cell selection,M1,1,0
1,-12,GO:1903706,regulation of hemopoiesis,M1,1,0
1,-3.8,GO:0050801,monoatomic ion homeostasis,M1,1,0
1,-2.6,R-HSA-9725371,Nuclear events stimulated by ALK signaling in cancer,M1,1,0
1,-2.3,GO:0032720,negative regulation of tumor necrosis factor production,M1,1,0
1,-8.7,GO:0045619,regulation of lymphocyte differentiation,M1,1,0
1,-15,GO:0022407,regulation of cell-cell adhesion,M1,1,0
1,-2.6,GO:0051055,negative regulation of lipid biosynthetic process,M1,1,0
1,-6.8,R-HSA-202403,TCR signaling,M1,1,0
1,-5.5,GO:0097193,intrinsic apoptotic signaling pathway,M1,1,0
1,-2.6,GO:0009713,catechol-containing compound biosynthetic process,M1,1,0
1,-23,GO:0002252,immune effector process,M1,1,0
1,-4.7,GO:0002544,chronic inflammatory response,M1,1,0
1,-2,GO:0043388,positive regulation of DNA binding,M1,1,0
1,-5.3,R-HSA-500792,GPCR ligand binding,M1,1,0
1,-11,hsa05330,Allograft rejection,M1,1,0
1,-2.4,GO:1905475,regulation of protein localization to membrane,M1,1,0
1,-6.9,GO:0050777,negative regulation of immune response,M1,1,0
1,-2,GO:0070633,transepithelial transport,M1,1,0
1,-7.8,WP3945,TYROBP causal network in microglia,M1,1,0
1,-4,GO:0048003,antigen processing and presentation of lipid antigen via MHC class Ib,M1,1,0
1,-4.9,GO:0061756,leukocyte adhesion to vascular endothelial cell,M1,1,0
1,-4,GO:0048662,negative regulation of smooth muscle cell proliferation,M1,1,0
1,-4.5,GO:0044403,biological process involved in symbiotic interaction,M1,1,0
1,-18,GO:0060326,cell chemotaxis,M1,1,0
1,-2.4,GO:0008277,regulation of G protein-coupled receptor signaling pathway,M1,1,0
1,-17,GO:0050778,positive regulation of immune response,M1,1,0
1,-3,GO:0055082,cellular chemical homeostasis,M1,1,0
1,-4.9,GO:1903038,negative regulation of leukocyte cell-cell adhesion,M1,1,0
1,-13,GO:0002460,adaptive immune response based on somatic recombination of immune receptors built from immunoglobulin superfamily domains,M1,1,0
1,-3.1,hsa01523,Antifolate resistance,M1,1,0
1,-2.3,GO:0042554,superoxide anion generation,M1,1,0
1,-4,GO:0031394,positive regulation of prostaglandin biosynthetic process,M1,1,0
1,-2.2,R-HSA-114508,Effects of PIP2 hydrolysis,M1,1,0
1,-2.8,GO:0030728,ovulation,M1,1,0
1,-13,GO:0045087,innate immune response,M1,1,0
1,-3.4,GO:0046640,regulation of alpha-beta T cell proliferation,M1,1,0
1,-2.8,GO:0043535,regulation of blood vessel endothelial cell migration,M1,1,0
1,-6.1,WP2880,Glucocorticoid receptor pathway,M1,1,0
1,-4.8,GO:0002312,B cell activation involved in immune response,M1,1,0
1,-2.6,GO:0030574,collagen catabolic process,M1,1,0
1,-4,GO:1903530,regulation of secretion by cell,M1,1,0
1,-3.9,GO:0043154,negative regulation of cysteine-type endopeptidase activity involved in apoptotic process,M1,1,0
1,-4.9,GO:0014002,astrocyte development,M1,1,0
1,-3.1,GO:0009314,response to radiation,M1,1,0
1,-2.4,GO:0032069,regulation of nuclease activity,M1,1,0
1,-2.7,GO:0045185,maintenance of protein location,M1,1,0
1,-2.4,GO:1903317,regulation of protein maturation,M1,1,0
1,-3.6,GO:0045624,positive regulation of T-helper cell differentiation,M1,1,0
1,-2,GO:0050796,regulation of insulin secretion,M1,1,0
1,-4.6,GO:0010565,regulation of cellular ketone metabolic process,M1,1,0
1,-6.6,GO:0043122,regulation of I-kappaB kinase/NF-kappaB signaling,M1,1,0
1,-2.1,WP3646,Hepatitis C and hepatocellular carcinoma,M1,1,0
1,-3.8,GO:0019722,calcium-mediated signaling,M1,1,0
1,-2.8,GO:0007088,regulation of mitotic nuclear division,M1,1,0
1,-2.8,GO:0001936,regulation of endothelial cell proliferation,M1,1,0
1,-8.4,hsa05320,Autoimmune thyroid disease,M1,1,0
1,-3.5,GO:0010887,negative regulation of cholesterol storage,M1,1,0
1,-2.3,GO:0036336,dendritic cell migration,M1,1,0
1,-2.1,GO:0001816,cytokine production,M1,1,0
1,-5.7,R-HSA-373076,Class A/1 (Rhodopsin-like receptors),M1,1,0
1,-3.6,GO:0045598,regulation of fat cell differentiation,M1,1,0
1,-2.7,GO:0034614,cellular response to reactive oxygen species,M1,1,0
1,-2,R-HSA-382551,Transport of small molecules,M1,1,0
1,-3.1,GO:0034369,plasma lipoprotein particle remodeling,M1,1,0
1,-3.7,GO:2001056,positive regulation of cysteine-type endopeptidase activity,M1,1,0
1,-6.5,GO:0031099,regeneration,M1,1,0
1,-3.4,GO:0002548,monocyte chemotaxis,M1,1,0
1,-19,GO:0002697,regulation of immune effector process,M1,1,0
1,-4,WP4876,Activation of NLRP3 inflammasome by SARS-CoV-2,M1,1,0
1,-4,GO:0055065,metal ion homeostasis,M1,1,0
1,-2.3,GO:0045930,negative regulation of mitotic cell cycle,M1,1,0
1,-2.9,GO:1902624,positive regulation of neutrophil migration,M1,1,0
1,-2.2,R-HSA-3000170,Syndecan interactions,M1,1,0
1,-8.1,GO:0070372,regulation of ERK1 and ERK2 cascade,M1,1,0
1,-2.6,GO:0044872,lipoprotein localization,M1,1,0
1,-2.9,M110,PID IL1 PATHWAY,M1,1,0
1,-2.6,GO:0044706,multi-multicellular organism process,M1,1,0
1,-6.3,GO:0045766,positive regulation of angiogenesis,M1,1,0
1,-8.7,hsa04061,Viral protein interaction with cytokine and cytokine receptor,M1,1,0
1,-2.3,GO:0002637,regulation of immunoglobulin production,M1,1,0
1,-7.1,GO:0002702,positive regulation of production of molecular mediator of immune response,M1,1,0
1,-8,GO:0042129,regulation of T cell proliferation,M1,1,0
1,-10,R-HSA-202430,Translocation of ZAP-70 to Immunological synapse,M1,1,0
1,-3,GO:0034367,protein-containing complex remodeling,M1,1,0
1,-12,GO:0002449,lymphocyte mediated immunity,M1,1,0
1,-6,GO:0008630,intrinsic apoptotic signaling pathway in response to DNA damage,M1,1,0
1,-3.9,GO:0051056,regulation of small GTPase mediated signal transduction,M1,1,0
1,-7.7,GO:0032743,positive regulation of interleukin-2 production,M1,1,0
1,-2.5,M174,PID UPA UPAR PATHWAY,M1,1,0
1,-5.3,GO:0010721,negative regulation of cell development,M1,1,0
1,-5.1,GO:1903975,regulation of glial cell migration,M1,1,0
1,-3.5,WP4925,Unfolded protein response,M1,1,0
1,-4.2,GO:0032722,positive regulation of chemokine production,M1,1,0
1,-2.5,GO:0061318,renal filtration cell differentiation,M1,1,0
1,-3,GO:0010212,response to ionizing radiation,M1,1,0
1,-3.1,GO:0048771,tissue remodeling,M1,1,0
1,-2.2,GO:1901343,negative regulation of vasculature development,M1,1,0
1,-5.1,GO:0080135,regulation of cellular response to stress,M1,1,0
1,-3.7,GO:0042445,hormone metabolic process,M1,1,0
1,-2.9,GO:0051607,defense response to virus,M1,1,0
1,-2.5,GO:0046883,regulation of hormone secretion,M1,1,0
1,-3,M45,PID CD40 PATHWAY,M1,1,0
1,-3.1,GO:0050810,regulation of steroid biosynthetic process,M1,1,0
1,-2.2,R-HSA-446652,Interleukin-1 family signaling,M1,1,0
1,-2,GO:0034284,response to monosaccharide,M1,1,0
1,-9.4,GO:0002687,positive regulation of leukocyte migration,M1,1,0
1,-4,GO:0032763,regulation of mast cell cytokine production,M1,1,0
1,-3.1,GO:0010950,positive regulation of endopeptidase activity,M1,1,0
1,-2.3,GO:0032890,regulation of organic acid transport,M1,1,0
1,-3,GO:0001782,B cell homeostasis,M1,1,0
1,-3,GO:0150146,cell junction disassembly,M1,1,0
1,-2.3,GO:0045667,regulation of osteoblast differentiation,M1,1,0
1,-3.2,GO:0046580,negative regulation of Ras protein signal transduction,M1,1,0
1,-2.6,WP1433,Nucleotide-binding oligomerization domain (NOD) pathway,M1,1,0
1,-2.6,GO:0071379,cellular response to prostaglandin stimulus,M1,1,0
1,-2.4,GO:0090257,regulation of muscle system process,M1,1,0
1,-2.9,GO:1904019,epithelial cell apoptotic process,M1,1,0
1,-12,GO:0050729,positive regulation of inflammatory response,M1,1,0
1,-3,GO:0006941,striated muscle contraction,M1,1,0
1,-4.5,GO:0031663,lipopolysaccharide-mediated signaling pathway,M1,1,0
1,-4,GO:0010817,regulation of hormone levels,M1,1,0
1,-2.5,GO:0150076,neuroinflammatory response,M1,1,0
1,-2.3,R-HSA-933542,TRAF6 mediated NF-kB activation,M1,1,0
1,-4.4,GO:0002313,mature B cell differentiation involved in immune response,M1,1,0
1,-13,GO:0002399,MHC class II protein complex assembly,M1,1,0
1,-5,GO:0030036,actin cytoskeleton organization,M1,1,0
1,-3.1,M5880,NABA ECM AFFILIATED,M1,1,0
1,-11,GO:1990266,neutrophil migration,M1,1,0
1,-2.2,M223,PID BETA CATENIN NUC PATHWAY,M1,1,0
1,-2.9,GO:0050730,regulation of peptidyl-tyrosine phosphorylation,M1,1,0
1,-3.3,M128,PID TNF PATHWAY,M1,1,0
1,-2.3,GO:1903902,positive regulation of viral life cycle,M1,1,0
1,-2.5,GO:1903829,positive regulation of protein localization,M1,1,0
1,-2.7,M10,PID BCR 5PATHWAY,M1,1,0
1,-2.3,GO:0030203,glycosaminoglycan metabolic process,M1,1,0
1,-6.6,GO:0009991,response to extracellular stimulus,M1,1,0
1,-3.2,GO:0043380,regulation of memory T cell differentiation,M1,1,0
1,-3.9,GO:0045596,negative regulation of cell differentiation,M1,1,0
1,-5.8,GO:0002293,alpha-beta T cell differentiation involved in immune response,M1,1,0
1,-5.8,GO:1903036,positive regulation of response to wounding,M1,1,0
1,-2.3,GO:0002204,somatic recombination of immunoglobulin genes involved in immune response,M1,1,0
1,-6,R-HSA-418594,G alpha (i) signalling events,M1,1,0
1,-6.5,hsa04060,Cytokine-cytokine receptor interaction,M1,1,0
1,-3.9,GO:0055080,monoatomic cation homeostasis,M1,1,0
1,-7.9,GO:0061041,regulation of wound healing,M1,1,0
1,-4.8,GO:0001666,response to hypoxia,M1,1,0
1,-4.5,WP530,Cytokines and inflammatory response,M1,1,0
1,-2.7,GO:0046651,lymphocyte proliferation,M1,1,0
1,-2.5,GO:1900077,negative regulation of cellular response to insulin stimulus,M1,1,0
1,-3.2,GO:0051403,stress-activated MAPK cascade,M1,1,0
1,-4.1,WP3611,Photodynamic therapy-induced AP-1 survival signaling,M1,1,0
1,-2,GO:1903203,regulation of oxidative stress-induced neuron death,M1,1,0
1,-4.7,GO:0034381,plasma lipoprotein particle clearance,M1,1,0
1,-3.2,WP4239,Epithelial to mesenchymal transition in colorectal cancer,M1,1,0
1,-3.5,WP4263,Pancreatic adenocarcinoma pathway,M1,1,0
1,-2.9,GO:0050848,regulation of calcium-mediated signaling,M1,1,0
1,-5.6,GO:0046890,regulation of lipid biosynthetic process,M1,1,0
1,-10,GO:0043065,positive regulation of apoptotic process,M1,1,0
1,-3.6,GO:0070661,leukocyte proliferation,M1,1,0
1,-7.4,GO:0002377,immunoglobulin production,M1,1,0
1,-2.1,GO:1902430,negative regulation of amyloid-beta formation,M1,1,0
1,-2.2,R-HSA-9020702,Interleukin-1 signaling,M1,1,0
1,-4.8,hsa05132,Salmonella infection,M1,1,0
1,-5.8,R-HSA-168643,"Nucleotide-binding domain, leucine rich repeat containing receptor (NLR) signaling pathways",M1,1,0
1,-2.8,GO:0097028,dendritic cell differentiation,M1,1,0
1,-3.3,GO:0097306,cellular response to alcohol,M1,1,0
1,-3.3,GO:0035994,response to muscle stretch,M1,1,0
1,-2.6,GO:0070664,negative regulation of leukocyte proliferation,M1,1,0
1,-3.4,GO:0045628,regulation of T-helper 2 cell differentiation,M1,1,0
1,-8.5,GO:0050671,positive regulation of lymphocyte proliferation,M1,1,0
1,-9.3,hsa04380,Osteoclast differentiation,M1,1,0
1,-7,WP4659,Gastrin signaling pathway,M1,1,0
1,-3.5,GO:0030278,regulation of ossification,M1,1,0
1,-5.1,GO:0031532,actin cytoskeleton reorganization,M1,1,0
1,-2.7,GO:0031334,positive regulation of protein-containing complex assembly,M1,1,0
1,-5.3,GO:0032370,positive regulation of lipid transport,M1,1,0
1,-3.5,GO:0090207,regulation of triglyceride metabolic process,M1,1,0
1,-3.5,GO:0002360,T cell lineage commitment,M1,1,0
1,-3.6,WP4146,Macrophage markers,M1,1,0
1,-3.4,GO:0032787,monocarboxylic acid metabolic process,M1,1,0
1,-2.1,GO:0008209,androgen metabolic process,M1,1,0
1,-13,GO:1903039,positive regulation of leukocyte cell-cell adhesion,M1,1,0
1,-2.8,WP12,Osteoclast signaling,M1,1,0
1,-2.8,GO:0042246,tissue regeneration,M1,1,0
1,-3.1,GO:0070293,renal absorption,M1,1,0
1,-5.4,GO:0002275,myeloid cell activation involved in immune response,M1,1,0
1,-4.7,GO:0045621,positive regulation of lymphocyte differentiation,M1,1,0
1,-2.6,GO:0030301,cholesterol transport,M1,1,0
1,-4.3,GO:0048660,regulation of smooth muscle cell proliferation,M1,1,0
1,-3.4,GO:0001910,regulation of leukocyte mediated cytotoxicity,M1,1,0
1,-2.7,M254,PID MYC REPRESS PATHWAY,M1,1,0
1,-3.4,GO:0032691,negative regulation of interleukin-1 beta production,M1,1,0
1,-2.2,GO:0045940,positive regulation of steroid metabolic process,M1,1,0
1,-2.9,GO:0010638,positive regulation of organelle organization,M1,1,0
1,-3.6,GO:0019932,second-messenger-mediated signaling,M1,1,0
1,-5.5,GO:0051092,positive regulation of NF-kappaB transcription factor activity,M1,1,0
1,-2.9,GO:0001501,skeletal system development,M1,1,0
1,-2.7,GO:0045923,positive regulation of fatty acid metabolic process,M1,1,0
1,-3.9,GO:0015909,long-chain fatty acid transport,M1,1,0
1,-10,GO:0050670,regulation of lymphocyte proliferation,M1,1,0
1,-2.8,WP4816,TGF-beta receptor signaling in skeletal dysplasias,M1,1,0
1,-9,GO:0002695,negative regulation of leukocyte activation,M1,1,0
1,-9.1,GO:0019221,cytokine-mediated signaling pathway,M1,1,0
1,-4.4,WP5098,T-cell activation SARS-CoV-2,M1,1,0
1,-2.4,GO:0046328,regulation of JNK cascade,M1,1,0
1,-4.7,hsa04625,C-type lectin receptor signaling pathway,M1,1,0
1,-3.6,GO:0050850,positive regulation of calcium-mediated signaling,M1,1,0
1,-5.2,WP4496,Signal transduction through IL1R,M1,1,0
1,-12,GO:0030593,neutrophil chemotaxis,M1,1,0
1,-9.6,GO:0045088,regulation of innate immune response,M1,1,0
1,-3,GO:0040007,growth,M1,1,0
1,-3.4,GO:0045840,positive regulation of mitotic nuclear division,M1,1,0
1,-2.5,WP4685,Melanoma,M1,1,0
1,-3.2,GO:0031650,regulation of heat generation,M1,1,0
1,-15,GO:0050867,positive regulation of cell activation,M1,1,0
1,-2.9,M115,PID REG GR PATHWAY,M1,1,0
1,-5.5,GO:1901652,response to peptide,M1,1,0
1,-2.2,GO:0033273,response to vitamin,M1,1,0
1,-2.2,R-HSA-168928,DDX58/IFIH1-mediated induction of interferon-alpha/beta,M1,1,0
1,-2.5,GO:0031330,negative regulation of cellular catabolic process,M1,1,0
1,-2.4,GO:0045723,positive regulation of fatty acid biosynthetic process,M1,1,0
1,-2.1,GO:0006812,monoatomic cation transport,M1,1,0
1,-3.3,WP2586,Aryl hydrocarbon receptor pathway,M1,1,0
1,-3.4,GO:0051960,regulation of nervous system development,M1,1,0
1,-2.2,GO:0071466,cellular response to xenobiotic stimulus,M1,1,0
1,-2.4,GO:0061844,antimicrobial humoral immune response mediated by antimicrobial peptide,M1,1,0
1,-2.5,WP2036,TNF-related weak inducer of apoptosis (TWEAK) signaling pathway,M1,1,0
1,-5.7,GO:0051046,regulation of secretion,M1,1,0
1,-4.5,hsa05171,Coronavirus disease - COVID-19,M1,1,0
1,-13,GO:0002443,leukocyte mediated immunity,M1,1,0
1,-2,R-HSA-425407,SLC-mediated transmembrane transport,M1,1,0
1,-4.7,GO:1903977,positive regulation of glial cell migration,M1,1,0
1,-2.9,GO:0050931,pigment cell differentiation,M1,1,0
1,-3,R-HSA-1474228,Degradation of the extracellular matrix,M1,1,0
1,-2.9,GO:0140546,defense response to symbiont,M1,1,0
1,-4.1,GO:0071214,cellular response to abiotic stimulus,M1,1,0
1,-3.9,GO:0002719,negative regulation of cytokine production involved in immune response,M1,1,0
1,-3.6,GO:0001944,vasculature development,M1,1,0
1,-6.6,GO:0043410,positive regulation of MAPK cascade,M1,1,0
1,-2.7,hsa05143,African trypanosomiasis,M1,1,0
1,-4.7,WP75,Toll-like receptor signaling pathway,M1,1,0
1,-2.4,GO:0008347,glial cell migration,M1,1,0
1,-2.2,GO:0021782,glial cell development,M1,1,0
1,-7.1,GO:0051345,positive regulation of hydrolase activity,M1,1,0
1,-2,GO:0010718,positive regulation of epithelial to mesenchymal transition,M1,1,0
1,-3.5,GO:0002889,regulation of immunoglobulin mediated immune response,M1,1,0
1,-4.1,GO:0010952,positive regulation of peptidase activity,M1,1,0
1,-2.4,GO:0032479,regulation of type I interferon production,M1,1,0
1,-2.1,GO:0051961,negative regulation of nervous system development,M1,1,0
1,-4.2,WP382,MAPK signaling pathway,M1,1,0
1,-2.4,GO:0048701,embryonic cranial skeleton morphogenesis,M1,1,0
1,-2.6,GO:0010812,negative regulation of cell-substrate adhesion,M1,1,0
1,-4.4,M144,PID CERAMIDE PATHWAY,M1,1,0
1,-4,GO:0035425,autocrine signaling,M1,1,0
1,-15,GO:0097529,myeloid leukocyte migration,M1,1,0
1,-17,hsa04640,Hematopoietic cell lineage,M1,1,0
1,-10,GO:0002285,lymphocyte activation involved in immune response,M1,1,0
1,-2.1,GO:0035640,exploration behavior,M1,1,0
1,-4.2,GO:0042311,vasodilation,M1,1,0
1,-4.9,GO:0048514,blood vessel morphogenesis,M1,1,0
1,-2.5,GO:1904377,positive regulation of protein localization to cell periphery,M1,1,0
1,-6.6,M54,PID IL12 2PATHWAY,M1,1,0
1,-2.1,WP2795,Cardiac hypertrophic response,M1,1,0
1,-2.9,GO:0048566,embryonic digestive tract development,M1,1,0
1,-2.4,GO:0051099,positive regulation of binding,M1,1,0
1,-7.1,GO:1903708,positive regulation of hemopoiesis,M1,1,0
1,-3.3,GO:1904706,negative regulation of vascular associated smooth muscle cell proliferation,M1,1,0
1,-2.5,GO:0050673,epithelial cell proliferation,M1,1,0
1,-2.6,M18,PID INTEGRIN1 PATHWAY,M1,1,0
1,-2,R-HSA-166658,Complement cascade,M1,1,0
1,-3.1,hsa05214,Glioma,M1,1,0
1,-2.3,GO:0006956,complement activation,M1,1,0
1,-3.5,GO:0098883,synapse pruning,M1,1,0
1,-3.3,hsa04613,Neutrophil extracellular trap formation,M1,1,0
1,-4.7,R-HSA-5668599,RHO GTPases Activate NADPH Oxidases,M1,1,0
1,-3.6,GO:0062013,positive regulation of small molecule metabolic process,M1,1,0
1,-2.1,GO:0140352,export from cell,M1,1,0
1,-3.7,GO:0001961,positive regulation of cytokine-mediated signaling pathway,M1,1,0
1,-2.7,GO:0009791,post-embryonic development,M1,1,0
1,-3.9,GO:0010876,lipid localization,M1,1,0
1,-7.7,R-HSA-202433,Generation of second messenger molecules,M1,1,0
1,-7,GO:0046637,regulation of alpha-beta T cell differentiation,M1,1,0
1,-3.1,GO:1901654,response to ketone,M1,1,0
1,-3.6,GO:0034351,negative regulation of glial cell apoptotic process,M1,1,0
1,-2.9,GO:0051341,regulation of oxidoreductase activity,M1,1,0
1,-3.5,GO:0051043,regulation of membrane protein ectodomain proteolysis,M1,1,0
1,-7.9,GO:0032680,regulation of tumor necrosis factor production,M1,1,0
1,-5.9,GO:0048872,homeostasis of number of cells,M1,1,0
1,-3.1,M169,PID INTEGRIN2 PATHWAY,M1,1,0
1,-12,hsa05332,Graft-versus-host disease,M1,1,0
1,-3.5,WP262,Ebstein-Barr virus LMP1 signaling,M1,1,0
1,-2.6,GO:0007044,cell-substrate junction assembly,M1,1,0
1,-2.6,GO:0042423,catecholamine biosynthetic process,M1,1,0
1,-3.8,GO:1904139,regulation of microglial cell migration,M1,1,0
1,-4.1,GO:0043087,regulation of GTPase activity,M1,1,0
1,-15,GO:0071396,cellular response to lipid,M1,1,0
1,-4.2,GO:1904705,regulation of vascular associated smooth muscle cell proliferation,M1,1,0
1,-2,GO:0071229,cellular response to acid chemical,M1,1,0
1,-21,GO:0001819,positive regulation of cytokine production,M1,1,0
1,-3.3,GO:0097435,supramolecular fiber organization,M1,1,0
1,-2.4,GO:0071322,cellular response to carbohydrate stimulus,M1,1,0
1,-5.1,WP1533,Vitamin B12 metabolism,M1,1,0
1,-10,WP4217,Ebola virus infection in host,M1,1,0
1,-3.5,WP4313,Ferroptosis,M1,1,0
1,-7.1,GO:1902107,positive regulation of leukocyte differentiation,M1,1,0
1,-14,GO:0032496,response to lipopolysaccharide,M1,1,0
1,-3.8,GO:0042542,response to hydrogen peroxide,M1,1,0
1,-3.9,GO:0032872,regulation of stress-activated MAPK cascade,M1,1,0
1,-2.5,GO:0071827,plasma lipoprotein particle organization,M1,1,0
1,-7.6,GO:1903034,regulation of response to wounding,M1,1,0
1,-4.6,GO:0045862,positive regulation of proteolysis,M1,1,0
1,-3.4,GO:0070486,leukocyte aggregation,M1,1,0
1,-4.1,GO:0042304,regulation of fatty acid biosynthetic process,M1,1,0
1,-3.8,GO:0032371,regulation of sterol transport,M1,1,0
1,-2.5,GO:0008625,extrinsic apoptotic signaling pathway via death domain receptors,M1,1,0
1,-7.2,WP2864,Apoptosis-related network due to altered Notch3 in ovarian cancer,M1,1,0
1,-2.2,GO:0006006,glucose metabolic process,M1,1,0
1,-2.8,R-HSA-844456,The NLRP3 inflammasome,M1,1,0
1,-8.1,GO:0009611,response to wounding,M1,1,0
1,-3.7,M3468,NABA ECM REGULATORS,M1,1,0
1,-2.6,R-HSA-3000480,Scavenging by Class A Receptors,M1,1,0
1,-2.4,WP1982,Sterol regulatory element-binding proteins (SREBP) signaling,M1,1,0
1,-2.2,GO:0071383,cellular response to steroid hormone stimulus,M1,1,0
1,-4,GO:0002828,regulation of type 2 immune response,M1,1,0
1,-2,GO:0071276,cellular response to cadmium ion,M1,1,0
1,-3.1,GO:0002863,positive regulation of inflammatory response to antigenic stimulus,M1,1,0
1,-5.7,GO:0010563,negative regulation of phosphorus metabolic process,M1,1,0
1,-6.3,GO:0042327,positive regulation of phosphorylation,M1,1,0
1,-2.1,M99,PID TXA2PATHWAY,M1,1,0
1,-2.3,GO:0002793,positive regulation of peptide secretion,M1,1,0
1,-3.7,GO:0032728,positive regulation of interferon-beta production,M1,1,0
1,-4.3,GO:0035239,tube morphogenesis,M1,1,0
1,-2.4,GO:0051000,positive regulation of nitric-oxide synthase activity,M1,1,0
1,-2.2,GO:0019934,cGMP-mediated signaling,M1,1,0
1,-2.7,GO:0002791,regulation of peptide secretion,M1,1,0
1,-2.1,GO:0019935,cyclic-nucleotide-mediated signaling,M1,1,0
1,-2.6,GO:0098543,detection of other organism,M1,1,0
1,-3.2,GO:0007548,sex differentiation,M1,1,0
1,-3.3,GO:0050767,regulation of neurogenesis,M1,1,0
1,-9.1,GO:1905954,positive regulation of lipid localization,M1,1,0
1,-2.5,GO:0030193,regulation of blood coagulation,M1,1,0
1,-8.6,GO:0050921,positive regulation of chemotaxis,M1,1,0
1,-2.3,hsa04151,PI3K-Akt signaling pathway,M1,1,0
1,-15,GO:0002381,immunoglobulin production involved in immunoglobulin-mediated immune response,M1,1,0
1,-13,GO:0002478,antigen processing and presentation of exogenous peptide antigen,M1,1,0
1,-11,GO:1902105,regulation of leukocyte differentiation,M1,1,0
1,-3,GO:0043434,response to peptide hormone,M1,1,0
1,-2.4,GO:0001101,response to acid chemical,M1,1,0
1,-3.6,GO:0019058,viral life cycle,M1,1,0
1,-2.1,GO:0018212,peptidyl-tyrosine modification,M1,1,0
1,-9.7,GO:0002706,regulation of lymphocyte mediated immunity,M1,1,0
1,-6.2,GO:0051346,negative regulation of hydrolase activity,M1,1,0
1,-2.6,GO:0006024,glycosaminoglycan biosynthetic process,M1,1,0
1,-3.5,GO:0002922,positive regulation of humoral immune response,M1,1,0
1,-4.4,GO:0021700,developmental maturation,M1,1,0
1,-2.9,GO:0006910,"phagocytosis, recognition",M1,1,0
1,-3.4,GO:0046641,positive regulation of alpha-beta T cell proliferation,M1,1,0
1,-5,GO:0022408,negative regulation of cell-cell adhesion,M1,1,0
1,-2.3,GO:0002475,antigen processing and presentation via MHC class Ib,M1,1,0
1,-2.9,GO:0032648,regulation of interferon-beta production,M1,1,0
1,-2.3,GO:0051350,negative regulation of lyase activity,M1,1,0
1,-19,GO:0050900,leukocyte migration,M1,1,0
1,-5.3,GO:0014066,regulation of phosphatidylinositol 3-kinase signaling,M1,1,0
1,-2.8,WP4298,Acute viral myocarditis,M1,1,0
1,-3.8,GO:0032768,regulation of monooxygenase activity,M1,1,0
1,-4.6,GO:2000403,positive regulation of lymphocyte migration,M1,1,0
1,-2.6,GO:0033002,muscle cell proliferation,M1,1,0
1,-3.6,GO:0051129,negative regulation of cellular component organization,M1,1,0
1,-4.9,GO:0045589,regulation of regulatory T cell differentiation,M1,1,0
1,-3.8,WP4630,Measles virus infection,M1,1,0
1,-3.2,GO:0015908,fatty acid transport,M1,1,0
1,-2.3,GO:0050818,regulation of coagulation,M1,1,0
1,-2.9,GO:1901215,negative regulation of neuron death,M1,1,0
1,-3.4,GO:0043280,positive regulation of cysteine-type endopeptidase activity involved in apoptotic process,M1,1,0
1,-2.4,WP4790,FGF23 signaling in hypophosphatemic rickets and related disorders,M1,1,0
1,-2.3,GO:0072010,glomerular epithelium development,M1,1,0
1,-5.4,GO:1903557,positive regulation of tumor necrosis factor superfamily cytokine production,M1,1,0
1,-6.2,GO:0032102,negative regulation of response to external stimulus,M1,1,0
1,-2.8,GO:0032673,regulation of interleukin-4 production,M1,1,0
1,-3.1,WP4969,RAS and bradykinin pathways in COVID-19,M1,1,0
1,-3.2,WP3851,TLR4 signaling and tolerance,M1,1,0
1,-4.2,GO:0007346,regulation of mitotic cell cycle,M1,1,0
1,-3.3,GO:0002726,positive regulation of T cell cytokine production,M1,1,0
1,-3.4,GO:0036037,"CD8-positive, alpha-beta T cell activation",M1,1,0
1,-9.6,GO:0048002,antigen processing and presentation of peptide antigen,M1,1,0
1,-2.8,GO:0002730,regulation of dendritic cell cytokine production,M1,1,0
1,-3.9,GO:0090022,regulation of neutrophil chemotaxis,M1,1,0
1,-3.2,GO:0048245,eosinophil chemotaxis,M1,1,0
1,-2.1,GO:0002675,positive regulation of acute inflammatory response,M1,1,0
1,-3.6,GO:0008637,apoptotic mitochondrial changes,M1,1,0
1,-2.2,GO:0014706,striated muscle tissue development,M1,1,0
1,-2.1,GO:1904645,response to amyloid-beta,M1,1,0
1,-6.2,R-HSA-388841,Costimulation by the CD28 family,M1,1,0
1,-2.1,GO:0043524,negative regulation of neuron apoptotic process,M1,1,0
1,-2.6,GO:0006023,aminoglycan biosynthetic process,M1,1,0
1,-8.9,GO:0002429,immune response-activating cell surface receptor signaling pathway,M1,1,0
1,-3.2,GO:0043547,positive regulation of GTPase activity,M1,1,0
1,-6.5,GO:0032757,positive regulation of interleukin-8 production,M1,1,0
1,-2.4,WP314,Fas ligand pathway and stress induction of heat shock proteins,M1,1,0
1,-2.3,GO:0019319,hexose biosynthetic process,M1,1,0
1,-5.8,WP3888,VEGFA-VEGFR2 signaling pathway,M1,1,0
1,-2.4,GO:0042698,ovulation cycle,M1,1,0
1,-2.2,GO:1901990,regulation of mitotic cell cycle phase transition,M1,1,0
1,-2,WP453,Inflammatory response pathway,M1,1,0
1,-3.2,GO:0030656,regulation of vitamin metabolic process,M1,1,0
1,-2.5,hsa05165,Human papillomavirus infection,M1,1,0
1,-15,GO:0006935,chemotaxis,M1,1,0
1,-2.7,GO:0007626,locomotory behavior,M1,1,0
1,-2,GO:0061117,negative regulation of heart growth,M1,1,0
1,-3.6,GO:0140895,cell surface toll-like receptor signaling pathway,M1,1,0
1,-8.4,GO:0032946,positive regulation of mononuclear cell proliferation,M1,1,0
1,-3.2,M92,PID ANGIOPOIETIN RECEPTOR PATHWAY,M1,1,0
1,-2,WP4304,"Oligodendrocyte specification and differentiation, leading to myelin components for CNS",M1,1,0
1,-2.3,GO:0030198,extracellular matrix organization,M1,1,0
1,-4,GO:0060537,muscle tissue development,M1,1,0
1,-2.6,GO:0044089,positive regulation of cellular component biogenesis,M1,1,0
1,-2.3,R-HSA-418597,G alpha (z) signalling events,M1,1,0
1,-3.5,GO:0045730,respiratory burst,M1,1,0
1,-2.5,WP3657,Hematopoietic stem cell gene regulation by GABP alpha/beta complex,M1,1,0
1,-2.1,GO:0018108,peptidyl-tyrosine phosphorylation,M1,1,0
1,-3.2,GO:0002887,negative regulation of myeloid leukocyte mediated immunity,M1,1,0
1,-5.9,WP2806,Complement system,M1,1,0
1,-5.8,GO:0043281,regulation of cysteine-type endopeptidase activity involved in apoptotic process,M1,1,0
1,-3.2,GO:0002673,regulation of acute inflammatory response,M1,1,0
1,-3,GO:0010818,T cell chemotaxis,M1,1,0
1,-10,GO:0071219,cellular response to molecule of bacterial origin,M1,1,0
1,-6.2,R-HSA-198933,Immunoregulatory interactions between a Lymphoid and a non-Lymphoid cell,M1,1,0
1,-3.3,GO:0006869,lipid transport,M1,1,0
1,-4.8,hsa04218,Cellular senescence,M1,1,0
1,-2.5,GO:0048066,developmental pigmentation,M1,1,0
1,-2.6,GO:0046545,development of primary female sexual characteristics,M1,1,0
1,-4.3,GO:2001279,regulation of unsaturated fatty acid biosynthetic process,M1,1,0
1,-2.4,R-HSA-416476,G alpha (q) signalling events,M1,1,0
1,-3,GO:0006873,cellular monoatomic ion homeostasis,M1,1,0
1,-6.7,GO:0002281,macrophage activation involved in immune response,M1,1,0
1,-4.1,R-HSA-9006934,Signaling by Receptor Tyrosine Kinases,M1,1,0
1,-3.2,GO:0002208,somatic diversification of immunoglobulins involved in immune response,M1,1,0
1,-3.1,hsa05225,Hepatocellular carcinoma,M1,1,0
1,-6.2,GO:0002711,positive regulation of T cell mediated immunity,M1,1,0
1,-4.1,GO:0007015,actin filament organization,M1,1,0
1,-7.3,GO:0048871,multicellular organismal homeostasis,M1,1,0
1,-15,GO:0046649,lymphocyte activation,M1,1,0
1,-2.5,WP707,DNA damage response,M1,1,0
1,-7.4,GO:0044057,regulation of system process,M1,1,0
1,-3.8,GO:0014041,regulation of neuron maturation,M1,1,0
1,-2.3,GO:0045216,cell-cell junction organization,M1,1,0
1,-2.3,WP4673,Male infertility,M1,1,0
1,-2.7,GO:0042953,lipoprotein transport,M1,1,0
1,-6.7,GO:0002698,negative regulation of immune effector process,M1,1,0
1,-9.1,GO:0043086,negative regulation of catalytic activity,M1,1,0
1,-5.7,M166,PID ATF2 PATHWAY,M1,1,0
1,-4.4,GO:0010466,negative regulation of peptidase activity,M1,1,0
1,-3.8,M196,PID IL23 PATHWAY,M1,1,0
1,-2.6,GO:0002520,immune system development,M1,1,0
1,-2.9,WP408,Oxidative stress response,M1,1,0
1,-4.3,GO:0033674,positive regulation of kinase activity,M1,1,0
1,-3.3,R-HSA-381426,Regulation of Insulin-like Growth Factor (IGF) transport and uptake by Insulin-like Growth Factor Binding Proteins (IGFBPs),M1,1,0
1,-2.6,GO:0032943,mononuclear cell proliferation,M1,1,0
1,-3.5,WP3601,Lipid particles composition,M1,1,0
1,-4.9,GO:1902952,positive regulation of dendritic spine maintenance,M1,1,0
1,-2.9,M195,PID CMYB PATHWAY,M1,1,0
1,-2.8,GO:0048705,skeletal system morphogenesis,M1,1,0
1,-3.4,GO:1900407,regulation of cellular response to oxidative stress,M1,1,0
1,-4.7,GO:0042102,positive regulation of T cell proliferation,M1,1,0
1,-3.1,WP3892,Development of pulmonary dendritic cells and macrophage subsets,M1,1,0
1,-2.4,GO:0002027,regulation of heart rate,M1,1,0
1,-2.1,GO:0015918,sterol transport,M1,1,0
1,-2.9,WP560,TGF-beta receptor signaling,M1,1,0
1,-2.3,GO:0006970,response to osmotic stress,M1,1,0
1,-2.8,GO:1905906,regulation of amyloid fibril formation,M1,1,0
1,-3.4,GO:0002704,negative regulation of leukocyte mediated immunity,M1,1,0
1,-4.5,GO:0032735,positive regulation of interleukin-12 production,M1,1,0
1,-5.4,hsa05161,Hepatitis B,M1,1,0
1,-5.8,GO:2000116,regulation of cysteine-type endopeptidase activity,M1,1,0
1,-8.4,GO:0008285,negative regulation of cell population proliferation,M1,1,0
1,-4.3,GO:0060760,positive regulation of response to cytokine stimulus,M1,1,0
1,-14,GO:0016064,immunoglobulin mediated immune response,M1,1,0
1,-12,GO:0002764,immune response-regulating signaling pathway,M1,1,0
1,-2.7,WP4844,Influence of laminopathies on Wnt signaling,M1,1,0
1,-15,hsa05145,Toxoplasmosis,M1,1,0
1,-3.2,GO:0071624,positive regulation of granulocyte chemotaxis,M1,1,0
1,-3.7,GO:0098771,inorganic ion homeostasis,M1,1,0
1,-2.7,GO:0099177,regulation of trans-synaptic signaling,M1,1,0
1,-2.4,GO:0003085,negative regulation of systemic arterial blood pressure,M1,1,0
1,-2.9,GO:0045648,positive regulation of erythrocyte differentiation,M1,1,0
1,-3,GO:0000165,MAPK cascade,M1,1,0
1,-6.3,GO:0043372,"positive regulation of CD4-positive, alpha-beta T cell differentiation",M1,1,0
1,-4.8,WP4879,Overlap between signal transduction pathways contributing to LMNA laminopathies,M1,1,0
1,-2.4,GO:0001649,osteoblast differentiation,M1,1,0
1,-4.5,GO:0045833,negative regulation of lipid metabolic process,M1,1,0
1,-4.9,GO:0032368,regulation of lipid transport,M1,1,0
1,-7.2,GO:2001236,regulation of extrinsic apoptotic signaling pathway,M1,1,0
1,-2.8,GO:0048145,regulation of fibroblast proliferation,M1,1,0
1,-3.8,GO:0140131,positive regulation of lymphocyte chemotaxis,M1,1,0
1,-2.9,GO:1903707,negative regulation of hemopoiesis,M1,1,0
1,-2.4,GO:0006366,transcription by RNA polymerase II,M1,1,0
1,-3.8,M5883,NABA SECRETED FACTORS,M1,1,0
1,-2.2,GO:0048146,positive regulation of fibroblast proliferation,M1,1,0
1,-2.1,GO:0034103,regulation of tissue remodeling,M1,1,0
1,-18,GO:0040017,positive regulation of locomotion,M1,1,0
1,-4,GO:0048007,"antigen processing and presentation, exogenous lipid antigen via MHC class Ib",M1,1,0
1,-2.2,GO:0051851,modulation by host of symbiont process,M1,1,0
1,-3.9,M197,PID HIV NEF PATHWAY,M1,1,0
1,-5.4,GO:0010035,response to inorganic substance,M1,1,0
1,-3.1,GO:0002200,somatic diversification of immune receptors,M1,1,0
1,-16,GO:0002696,positive regulation of leukocyte activation,M1,1,0
1,-6.7,GO:0002218,activation of innate immune response,M1,1,0
1,-2.1,WP5121,Sphingolipid metabolism in senescence,M1,1,0
1,-3.7,WP4961,STING pathway in Kawasaki-like disease and COVID-19,M1,1,0
1,-2.8,GO:0051785,positive regulation of nuclear division,M1,1,0
1,-4,GO:1904141,positive regulation of microglial cell migration,M1,1,0
1,-2.7,GO:0061760,antifungal innate immune response,M1,1,0
1,-4.4,GO:0010884,positive regulation of lipid storage,M1,1,0
1,-3.6,GO:0030449,regulation of complement activation,M1,1,0
1,-5.1,GO:0007229,integrin-mediated signaling pathway,M1,1,0
1,-4.9,GO:0090527,actin filament reorganization,M1,1,0
1,-2.5,GO:0150115,cell-substrate junction organization,M1,1,0
1,-3,R-HSA-5260271,Diseases of Immune System,M1,1,0
1,-2.2,GO:0019730,antimicrobial humoral response,M1,1,0
1,-3.5,GO:2000117,negative regulation of cysteine-type endopeptidase activity,M1,1,0
1,-3.2,GO:0061024,membrane organization,M1,1,0
1,-5.5,GO:0050864,regulation of B cell activation,M1,1,0
1,-2.5,GO:0007610,behavior,M1,1,0
1,-2.2,GO:1903901,negative regulation of viral life cycle,M1,1,0
1,-2.7,GO:0090087,regulation of peptide transport,M1,1,0
1,-2.4,GO:0098655,monoatomic cation transmembrane transport,M1,1,0
1,-14,GO:0002504,antigen processing and presentation of peptide or polysaccharide antigen via MHC class II,M1,1,0
1,-2.2,R-HSA-181438,Toll Like Receptor 2 (TLR2) Cascade,M1,1,0
1,-2.7,GO:0033077,T cell differentiation in thymus,M1,1,0
1,-3.2,GO:0010564,regulation of cell cycle process,M1,1,0
1,-4.1,GO:0043523,regulation of neuron apoptotic process,M1,1,0
1,-2.2,GO:1903556,negative regulation of tumor necrosis factor superfamily cytokine production,M1,1,0
1,-5.6,GO:0071363,cellular response to growth factor stimulus,M1,1,0
1,-3.2,WP366,TGF-beta signaling pathway,M1,1,0
1,-2.3,GO:1901222,regulation of NIK/NF-kappaB signaling,M1,1,0
1,-5.5,GO:0050868,negative regulation of T cell activation,M1,1,0
1,-2.5,GO:0072112,podocyte differentiation,M1,1,0
1,-2.2,M47,PID INTEGRIN CS PATHWAY,M1,1,0
1,-5.8,GO:0045123,cellular extravasation,M1,1,0
1,-4.1,GO:0097305,response to alcohol,M1,1,0
1,-6.3,GO:0070555,response to interleukin-1,M1,1,0
1,-3,GO:0071622,regulation of granulocyte chemotaxis,M1,1,0
1,-15,GO:0050727,regulation of inflammatory response,M1,1,0
1,-3.2,GO:0006978,"DNA damage response, signal transduction by p53 class mediator resulting in transcription of p21 class mediator",M1,1,0
1,-4.2,GO:0002825,regulation of T-helper 1 type immune response,M1,1,0
1,-2.2,GO:1903859,regulation of dendrite extension,M1,1,0
1,-14,GO:0050863,regulation of T cell activation,M1,1,0
1,-7,hsa04621,NOD-like receptor signaling pathway,M1,1,0
1,-2.2,GO:0044703,multi-organism reproductive process,M1,1,0
1,-7.7,GO:0002758,innate immune response-activating signaling pathway,M1,1,0
1,-2.8,P06664,Gonadotropin-releasing hormone receptor pathway,M1,1,0
1,-4.9,WP4666,Hepatitis B infection,M1,1,0
1,-2.6,WP4963,p53 transcriptional gene network,M1,1,0
1,-2.4,WP3612,Photodynamic therapy-induced NFE2L2 (NRF2) survival signaling,M1,1,0
1,-2.3,GO:0035924,cellular response to vascular endothelial growth factor stimulus,M1,1,0
1,-2.2,GO:0006882,cellular zinc ion homeostasis,M1,1,0
1,-19,GO:0006954,inflammatory response,M1,1,0
1,-9.8,GO:0010942,positive regulation of cell death,M1,1,0
1,-2.4,M60,PID NFAT TFPATHWAY,M1,1,0
1,-3.6,GO:0001916,positive regulation of T cell mediated cytotoxicity,M1,1,0
1,-4.6,GO:1900024,regulation of substrate adhesion-dependent cell spreading,M1,1,0
1,-4.3,GO:2001239,regulation of extrinsic apoptotic signaling pathway in absence of ligand,M1,1,0
1,-2.3,GO:0045190,isotype switching,M1,1,0
1,-13,hsa04064,NF-kappa B signaling pathway,M1,1,0
1,-13,GO:0002521,leukocyte differentiation,M1,1,0
1,-10,GO:0032729,positive regulation of type II interferon production,M1,1,0
1,-4.5,GO:0050995,negative regulation of lipid catabolic process,M1,1,0
1,-2,GO:0097421,liver regeneration,M1,1,0
1,-5.6,GO:0071346,cellular response to type II interferon,M1,1,0
1,-2.5,GO:0060252,positive regulation of glial cell proliferation,M1,1,0
1,-22,R-HSA-1280215,Cytokine Signaling in Immune system,M1,1,0
1,-2.3,GO:0051222,positive regulation of protein transport,M1,1,0
1,-2.2,GO:0050819,negative regulation of coagulation,M1,1,0
1,-5.2,WP3287,Overview of nanoparticle effects,M1,1,0
1,-3.4,GO:0009636,response to toxic substance,M1,1,0
1,-3.2,WP3849,MAPK and NFkB signaling pathways inhibited by Yersinia YopJ,M1,1,0
1,-3.2,WP306,Focal adhesion,M1,1,0
1,-3.2,GO:0072677,eosinophil migration,M1,1,0
1,-3,GO:0048589,developmental growth,M1,1,0
1,-3.7,GO:0010829,negative regulation of glucose transmembrane transport,M1,1,0
1,-2.4,WP4585,Cancer immunotherapy by PD-1 blockade,M1,1,0
1,-2.8,GO:0051044,positive regulation of membrane protein ectodomain proteolysis,M1,1,0
1,-2.9,GO:0051783,regulation of nuclear division,M1,1,0
1,-16,hsa05152,Tuberculosis,M1,1,0
1,-3.1,GO:0040008,regulation of growth,M1,1,0
1,-2.7,GO:0051917,regulation of fibrinolysis,M1,1,0
1,-6.7,GO:1902532,negative regulation of intracellular signal transduction,M1,1,0
1,-2.1,GO:0046686,response to cadmium ion,M1,1,0
1,-3.5,GO:0045926,negative regulation of growth,M1,1,0
1,-4.8,GO:0040013,negative regulation of locomotion,M1,1,0
1,-3.9,hsa05130,Pathogenic Escherichia coli infection,M1,1,0
1,-13,GO:0002237,response to molecule of bacterial origin,M1,1,0
1,-2.6,R-HSA-9692914,SARS-CoV-1-host interactions,M1,1,0
1,-15,GO:0002699,positive regulation of immune effector process,M1,1,0
1,-5.3,GO:0050792,regulation of viral process,M1,1,0
1,-15,GO:0002822,regulation of adaptive immune response based on somatic recombination of immune receptors built from immunoglobulin superfamily domains,M1,1,0
1,-8.6,WP2431,Spinal cord injury,M1,1,0
1,-2.5,GO:0001525,angiogenesis,M1,1,0
1,-5.3,WP5113,Antiviral and anti-inflammatory effects of Nrf2 on SARS-CoV-2 pathway,M1,1,0
1,-6.9,GO:0045089,positive regulation of innate immune response,M1,1,0
1,-2.6,GO:0002562,somatic diversification of immune receptors via germline recombination within a single locus,M1,1,0
1,-5,GO:2001240,negative regulation of extrinsic apoptotic signaling pathway in absence of ligand,M1,1,0
1,-3.2,GO:1902950,regulation of dendritic spine maintenance,M1,1,0
1,-17,GO:0030335,positive regulation of cell migration,M1,1,0
1,-4.1,GO:0071901,negative regulation of protein serine/threonine kinase activity,M1,1,0
1,-2.4,WP4216,Chromosomal and microsatellite instability in colorectal cancer,M1,1,0
1,-4.2,GO:0002752,cell surface pattern recognition receptor signaling pathway,M1,1,0
1,-4,GO:0060249,anatomical structure homeostasis,M1,1,0
1,-2,GO:0060191,regulation of lipase activity,M1,1,0
1,-3.2,M252,PID IL8 CXCR1 PATHWAY,M1,1,0
1,-3.5,GO:0043409,negative regulation of MAPK cascade,M1,1,0
1,-2.4,GO:1904407,positive regulation of nitric oxide metabolic process,M1,1,0
1,-12,hsa04940,Type I diabetes mellitus,M1,1,0
1,-6,hsa05200,Pathways in cancer,M1,1,0
1,-2.4,GO:1900026,positive regulation of substrate adhesion-dependent cell spreading,M1,1,0
1,-3.6,WP254,Apoptosis,M1,1,0
1,-3.5,GO:0002714,positive regulation of B cell mediated immunity,M1,1,0
1,-5.1,R-HSA-375276,Peptide ligand-binding receptors,M1,1,0
1,-2.4,GO:1903076,regulation of protein localization to plasma membrane,M1,1,0
1,-2,GO:0048873,homeostasis of number of cells within a tissue,M1,1,0
1,-3.7,GO:0034330,cell junction organization,M1,1,0
1,-4.5,R-HSA-9664424,Cell recruitment (pro-inflammatory response),M1,1,0
1,-2.1,WP4787,Osteoblast differentiation and related diseases,M1,1,0
1,-5.7,GO:0072676,lymphocyte migration,M1,1,0
1,-15,GO:0002263,cell activation involved in immune response,M1,1,0
1,-3.5,GO:0097242,amyloid-beta clearance,M1,1,0
1,-6.4,GO:0010888,negative regulation of lipid storage,M1,1,0
1,-21,hsa05323,Rheumatoid arthritis,M1,1,0
1,-3,GO:0014013,regulation of gliogenesis,M1,1,0
1,-2.1,R-HSA-194315,Signaling by Rho GTPases,M1,1,0
1,-2.1,WP5200,Dravet syndrome,M1,1,0
1,-2.3,GO:2000193,positive regulation of fatty acid transport,M1,1,0
1,-4,GO:0002220,innate immune response activating cell surface receptor signaling pathway,M1,1,0
1,-7.3,hsa04659,Th17 cell differentiation,M1,1,0
1,-5.5,GO:0014068,positive regulation of phosphatidylinositol 3-kinase signaling,M1,1,0
1,-3.5,GO:1903532,positive regulation of secretion by cell,M1,1,0
1,-4,GO:0060558,regulation of calcidiol 1-monooxygenase activity,M1,1,0
1,-5.8,GO:0010889,regulation of sequestering of triglyceride,M1,1,0
1,-3.8,GO:0001959,regulation of cytokine-mediated signaling pathway,M1,1,0
1,-2,R-HSA-1630316,Glycosaminoglycan metabolism,M1,1,0
1,-2.8,GO:0043200,response to amino acid,M1,1,0
1,-15,GO:0031349,positive regulation of defense response,M1,1,0
1,-7.2,GO:0052547,regulation of peptidase activity,M1,1,0
1,-13,GO:0002683,negative regulation of immune system process,M1,1,0
1,-3.2,GO:0022602,ovulation cycle process,M1,1,0
1,-2.6,M159,PID AMB2 NEUTROPHILS PATHWAY,M1,1,0
1,-7.3,WP2865,IL1 and megakaryocytes in obesity,M1,1,0
1,-2.7,WP69,T-cell receptor signaling pathway,M1,1,0
1,-2.2,GO:0010594,regulation of endothelial cell migration,M1,1,0
1,-3.2,GO:0031664,regulation of lipopolysaccharide-mediated signaling pathway,M1,1,0
1,-7.7,GO:0002221,pattern recognition receptor signaling pathway,M1,1,0
1,-4.9,WP4341,"Non-genomic actions of 1,25 dihydroxyvitamin D3",M1,1,0
1,-2.5,GO:0008037,cell recognition,M1,1,0
1,-2.6,GO:0046683,response to organophosphorus,M1,1,0
1,-4,GO:0032732,positive regulation of interleukin-1 production,M1,1,0
1,-3.1,GO:0050832,defense response to fungus,M1,1,0
1,-4.5,hsa05135,Yersinia infection,M1,1,0
1,-3.6,GO:0060627,regulation of vesicle-mediated transport,M1,1,0
1,-2.3,GO:0090068,positive regulation of cell cycle process,M1,1,0
1,-3.4,GO:0019217,regulation of fatty acid metabolic process,M1,1,0
1,-3.4,WP536,Calcium regulation in cardiac cells,M1,1,0
1,-3.7,hsa04066,HIF-1 signaling pathway,M1,1,0
1,-6.8,R-HSA-202424,Downstream TCR signaling,M1,1,0
1,-4.6,GO:0051347,positive regulation of transferase activity,M1,1,0
1,-6.8,GO:0051250,negative regulation of lymphocyte activation,M1,1,0
1,-6.1,hsa05222,Small cell lung cancer,M1,1,0
1,-2.2,GO:2000181,negative regulation of blood vessel morphogenesis,M1,1,0
1,-2.2,GO:0030500,regulation of bone mineralization,M1,1,0
1,-8.9,GO:1905952,regulation of lipid localization,M1,1,0
1,-3.7,hsa04936,Alcoholic liver disease,M1,1,0
1,-3.4,GO:0006639,acylglycerol metabolic process,M1,1,0
1,-3.2,GO:0019218,regulation of steroid metabolic process,M1,1,0
1,-3.1,GO:1902882,regulation of response to oxidative stress,M1,1,0
1,-3.6,GO:2000343,positive regulation of chemokine (C-X-C motif) ligand 2 production,M1,1,0
1,-3.7,GO:0062197,cellular response to chemical stress,M1,1,0
1,-4.1,M63,PID AVB3 OPN PATHWAY,M1,1,0
1,-2.3,GO:2000114,regulation of establishment of cell polarity,M1,1,0
1,-3,GO:2001242,regulation of intrinsic apoptotic signaling pathway,M1,1,0
1,-3.5,M279,PID RB 1PATHWAY,M1,1,0
1,-4.1,GO:1901214,regulation of neuron death,M1,1,0
1,-2.3,GO:0046486,glycerolipid metabolic process,M1,1,0
1,-2.6,hsa04510,Focal adhesion,M1,1,0
1,-7.7,GO:2001237,negative regulation of extrinsic apoptotic signaling pathway,M1,1,0
1,-2.6,GO:0007178,transmembrane receptor protein serine/threonine kinase signaling pathway,M1,1,0
1,-3.7,GO:0008360,regulation of cell shape,M1,1,0
1,-4.4,hsa04670,Leukocyte transendothelial migration,M1,1,0
1,-4.6,GO:0036293,response to decreased oxygen levels,M1,1,0
1,-3.9,hsa04650,Natural killer cell mediated cytotoxicity,M1,1,0
1,-4.1,GO:0008217,regulation of blood pressure,M1,1,0
1,-8.5,hsa05202,Transcriptional misregulation in cancer,M1,1,0
1,-3.2,GO:0050764,regulation of phagocytosis,M1,1,0
1,-4.6,GO:0045861,negative regulation of proteolysis,M1,1,0
1,-7.7,GO:0002833,positive regulation of response to biotic stimulus,M1,1,0
1,-2.5,GO:0055088,lipid homeostasis,M1,1,0
1,-5.8,GO:0009615,response to virus,M1,1,0
1,-2.7,GO:0010755,regulation of plasminogen activation,M1,1,0
1,-2,GO:1903510,mucopolysaccharide metabolic process,M1,1,0
1,-2.4,GO:0051602,response to electrical stimulus,M1,1,0
1,-2.1,WP195,IL-1 signaling pathway,M1,1,0
1,-7.4,GO:0043367,"CD4-positive, alpha-beta T cell differentiation",M1,1,0
1,-3.6,GO:0031620,regulation of fever generation,M1,1,0
1,-7.7,GO:1903555,regulation of tumor necrosis factor superfamily cytokine production,M1,1,0
1,-5.4,GO:1905953,negative regulation of lipid localization,M1,1,0
1,-2.5,GO:1902903,regulation of supramolecular fiber organization,M1,1,0
1,-3.2,GO:1901653,cellular response to peptide,M1,1,0
1,-4.8,GO:0009612,response to mechanical stimulus,M1,1,0
1,-11,R-HSA-1280218,Adaptive Immune System,M1,1,0
1,-2.6,GO:0070613,regulation of protein processing,M1,1,0
1,-14,R-HSA-913531,Interferon Signaling,M1,1,0
1,-6.7,GO:0071675,regulation of mononuclear cell migration,M1,1,0
1,-2.9,GO:0035023,regulation of Rho protein signal transduction,M1,1,0
1,-21,GO:0001775,cell activation,M1,1,0
1,-3.7,GO:0033673,negative regulation of kinase activity,M1,1,0
1,-2.8,GO:0031644,regulation of nervous system process,M1,1,0
1,-3.9,GO:0030183,B cell differentiation,M1,1,0
1,-3,GO:0006979,response to oxidative stress,M1,1,0
1,-3.2,GO:0032874,positive regulation of stress-activated MAPK cascade,M1,1,0
1,-3,R-HSA-9678108,SARS-CoV-1 Infection,M1,1,0
1,-5.5,GO:0002753,cytosolic pattern recognition receptor signaling pathway,M1,1,0
1,-13,GO:0097530,granulocyte migration,M1,1,0
1,-3.4,hsa04623,Cytosolic DNA-sensing pathway,M1,1,0
1,-3.2,GO:0070304,positive regulation of stress-activated protein kinase signaling cascade,M1,1,0
1,-6.4,WP5039,SARS-CoV-2 innate immunity evasion and cell-specific immune response,M1,1,0
1,-3.8,GO:0034142,toll-like receptor 4 signaling pathway,M1,1,0
1,-4.1,hsa05144,Malaria,M1,1,0
1,-3,WP430,Statin inhibition of cholesterol production,M1,1,0
1,-7.5,GO:0007162,negative regulation of cell adhesion,M1,1,0
1,-2.3,GO:1900015,regulation of cytokine production involved in inflammatory response,M1,1,0
1,-3.1,GO:0030001,metal ion transport,M1,1,0
1,-3.5,GO:0060054,positive regulation of epithelial cell proliferation involved in wound healing,M1,1,0
1,-4.5,GO:0043435,response to corticotropin-releasing hormone,M1,1,0
1,-2.4,GO:0061045,negative regulation of wound healing,M1,1,0
1,-8.1,GO:2000516,"positive regulation of CD4-positive, alpha-beta T cell activation",M1,1,0
1,-3.8,GO:0032374,regulation of cholesterol transport,M1,1,0
1,-2.6,GO:0002260,lymphocyte homeostasis,M1,1,0
1,-3.6,GO:0009620,response to fungus,M1,1,0
1,-3.7,GO:0032376,positive regulation of cholesterol transport,M1,1,0
1,-3,GO:1902106,negative regulation of leukocyte differentiation,M1,1,0
1,-5.5,WP4493,Cells and molecules involved in local acute inflammatory response,M1,1,0
1,-6.1,GO:0010810,regulation of cell-substrate adhesion,M1,1,0
1,-2.4,GO:0007204,positive regulation of cytosolic calcium ion concentration,M1,1,0
1,-2.6,GO:0099175,regulation of postsynapse organization,M1,1,0
1,-4.3,WP4891,COVID-19 adverse outcome pathway,M1,1,0
1,-3.1,R-HSA-8874081,MET activates PTK2 signaling,M1,1,0
1,-3.6,WP4482,Vitamin D in inflammatory diseases,M1,1,0
1,-2.4,GO:0072311,glomerular epithelial cell differentiation,M1,1,0
1,-2.1,GO:1903202,negative regulation of oxidative stress-induced cell death,M1,1,0
1,-2.6,GO:0045471,response to ethanol,M1,1,0
1,-4,GO:0050679,positive regulation of epithelial cell proliferation,M1,1,0
1,-14,GO:0071621,granulocyte chemotaxis,M1,1,0
1,-3.5,GO:0003014,renal system process,M1,1,0
1,-7.3,GO:0050920,regulation of chemotaxis,M1,1,0
1,-2.5,GO:1901615,organic hydroxy compound metabolic process,M1,1,0
1,-3.9,GO:1901655,cellular response to ketone,M1,1,0
1,-2.1,GO:0045069,regulation of viral genome replication,M1,1,0
1,-4.1,GO:0051651,maintenance of location in cell,M1,1,0
1,-5.2,GO:0045582,positive regulation of T cell differentiation,M1,1,0
1,-3.3,GO:1901623,regulation of lymphocyte chemotaxis,M1,1,0
1,-2.2,R-HSA-1169410,Antiviral mechanism by IFN-stimulated genes,M1,1,0
1,-2.2,GO:0042832,defense response to protozoan,M1,1,0
1,-8.8,GO:0032649,regulation of type II interferon production,M1,1,0
1,-2.7,hsa05216,Thyroid cancer,M1,1,0
1,-4,GO:0002526,acute inflammatory response,M1,1,0
1,-4.1,hsa05223,Non-small cell lung cancer,M1,1,0
1,-2.1,GO:0042417,dopamine metabolic process,M1,1,0
1,-2.1,R-HSA-9725370,Signaling by ALK fusions and activated point mutants,M1,1,0
1,-3,GO:0032770,positive regulation of monooxygenase activity,M1,1,0
1,-3.1,GO:0001914,regulation of T cell mediated cytotoxicity,M1,1,0
1,-3.8,WP5090,Complement system in neuronal development and plasticity,M1,1,0
1,-7.7,GO:0010720,positive regulation of cell development,M1,1,0
1,-3.5,GO:0048708,astrocyte differentiation,M1,1,0
1,-3.6,GO:0042063,gliogenesis,M1,1,0
1,-2.6,GO:0032507,maintenance of protein location in cell,M1,1,0
1,-3.1,WP363,Wnt signaling pathway,M1,1,0
1,-4.4,GO:0035150,regulation of tube size,M1,1,0
1,-4,GO:0032755,positive regulation of interleukin-6 production,M1,1,0
1,-2,hsa05410,Hypertrophic cardiomyopathy,M1,1,0
1,-8.9,M145,PID P53 DOWNSTREAM PATHWAY,M1,1,0
