_MEMBER_MyList,_LogP_MyList,GO,Description,_PATTERN_,_RANK_,CHILD_GO_MyList
1,-24.54735326073623,GO:0032501,multicellular organismal process,M1,1,GO:0050865 regulation of cell activation
1,-22.636117776361036,GO:0002376,immune system process,M1,1,GO:0002252 immune effector process
1,-20.63027088571874,GO:0048518,positive regulation of biological process,M1,1,GO:0001819 positive regulation of cytokine production
1,-18.952266151049106,GO:0050896,response to stimulus,M1,1,GO:0006954 inflammatory response
1,-17.803922430754962,GO:0040011,locomotion,M1,1,GO:0040017 positive regulation of locomotion
1,-14.821965667731016,GO:0050789,regulation of biological process,M1,1,GO:0022407 regulation of cell-cell adhesion
1,-14.033476357146528,GO:0044419,biological process involved in interspecies interaction between organisms,M1,1,GO:0032496 response to lipopolysaccharide
1,-13.674184389447083,GO:0032502,developmental process,M1,1,GO:0030097 hemopoiesis
1,-12.605424623721412,GO:0009987,cellular process,M1,1,GO:0002399 MHC class II protein complex assembly
1,-11.704854081234478,GO:0048519,negative regulation of biological process,M1,1,GO:0050866 negative regulation of cell activation
1,-10.154272641931051,GO:0023052,signaling,M1,1,GO:2001233 regulation of apoptotic signaling pathway
1,-9.683670131887764,GO:0051179,localization,M1,1,GO:0010883 regulation of lipid storage
1,-9.061758180919337,GO:0065007,biological regulation,M1,1,GO:0043086 negative regulation of catalytic activity
1,-8.164214282016813,GO:0008152,metabolic process,M1,1,GO:0019216 regulation of lipid metabolic process
1,-7.2852722067902205,GO:0042592,homeostatic process,M1,1,GO:0048871 multicellular organismal homeostasis
1,-5.291268141807483,GO:0016032,viral process,M1,1,GO:0050792 regulation of viral process
1,-4.041921497722808,GO:0022414,reproductive process,M1,1,GO:0048608 reproductive structure development
1,-3.8559048520515997,GO:0040007,growth,M1,1,GO:0001558 regulation of cell growth
1,-3.1714936331460812,GO:0048511,rhythmic process,M1,1,GO:0022602 ovulation cycle process
1,-2.9101658882500443,GO:0043473,pigmentation,M1,1,GO:0050931 pigment cell differentiation
