_MEMBER_MyList,_LogP_MyList,GO,Description,_PATTERN_,_RANK_,CHILD_GO_MyList
1,-20.446314916454067,GO:0009987,cellular process,M1,1,GO:0030198 extracellular matrix organization
1,-17.26278964587471,GO:0032502,developmental process,M1,1,GO:0001944 vasculature development
1,-13.359913554033275,GO:0023052,signaling,M1,1,GO:0007167 enzyme-linked receptor protein signaling pathway
1,-10.878144580036821,GO:0050896,response to stimulus,M1,1,GO:0071363 cellular response to growth factor stimulus
1,-10.031902066867424,GO:0050789,regulation of biological process,M1,1,GO:0050678 regulation of epithelial cell proliferation
1,-10.000745598122423,GO:0032501,multicellular organismal process,M1,1,GO:0003013 circulatory system process
1,-9.38707763868469,GO:0040011,locomotion,M1,1,GO:0030335 positive regulation of cell migration
1,-8.832889676361606,GO:0002376,immune system process,M1,1,GO:0019886 antigen processing and presentation of exogenous peptide antigen via MHC class II
1,-8.188689833336522,GO:0048518,positive regulation of biological process,M1,1,GO:0050679 positive regulation of epithelial cell proliferation
1,-7.567866949436508,GO:0048519,negative regulation of biological process,M1,1,GO:0008285 negative regulation of cell population proliferation
1,-6.641604440076132,GO:0040007,growth,M1,1,GO:0048589 developmental growth
1,-5.844458784633872,GO:0051179,localization,M1,1,GO:0043269 regulation of monoatomic ion transport
1,-5.59117758347763,GO:0008152,metabolic process,M1,1,GO:0043549 regulation of kinase activity
1,-5.4889407000452195,GO:0048511,rhythmic process,M1,1,GO:0048511 rhythmic process
1,-5.37887238917399,GO:0044419,biological process involved in interspecies interaction between organisms,M1,1,GO:0009615 response to virus
1,-4.538762275312852,GO:0022414,reproductive process,M1,1,GO:0048608 reproductive structure development
1,-4.063224497156659,GO:0065007,biological regulation,M1,1,GO:0032409 regulation of transporter activity
1,-3.6029814505611184,GO:0042592,homeostatic process,M1,1,GO:0055074 calcium ion homeostasis
1,-3.26626878483383,GO:0016032,viral process,M1,1,GO:0048525 negative regulation of viral process
