_MEMBER_MyList,_LogP_MyList,GO,Description,_PATTERN_,_RANK_,GiniIndex
1,-7.7,GO:0040013,negative regulation of locomotion,M1,1,0
1,-2.5,R-HSA-6794362,Protein-protein interactions at synapses,M1,1,0
1,-3.1,WP4462,Platelet-mediated interactions with vascular and circulating cells,M1,1,0
1,-3.5,GO:0060324,face development,M1,1,0
1,-6.7,GO:0022407,regulation of cell-cell adhesion,M1,1,0
1,-5.3,GO:0010721,negative regulation of cell development,M1,1,0
1,-5.9,GO:1901652,response to peptide,M1,1,0
1,-2.1,GO:0150116,regulation of cell-substrate junction organization,M1,1,0
1,-4.1,GO:0032412,regulation of monoatomic ion transmembrane transporter activity,M1,1,0
1,-2.5,GO:0001558,regulation of cell growth,M1,1,0
1,-3.5,GO:0071622,regulation of granulocyte chemotaxis,M1,1,0
1,-4,GO:0007528,neuromuscular junction development,M1,1,0
1,-4.2,GO:0043270,positive regulation of monoatomic ion transport,M1,1,0
1,-2.8,GO:0045661,regulation of myoblast differentiation,M1,1,0
1,-3,GO:0070252,actin-mediated cell contraction,M1,1,0
1,-2.1,WP3529,Zinc homeostasis,M1,1,0
1,-5.1,GO:0042326,negative regulation of phosphorylation,M1,1,0
1,-5.7,hsa05202,Transcriptional misregulation in cancer,M1,1,0
1,-4.3,WP428,Wnt signaling,M1,1,0
1,-2.5,R-HSA-1630316,Glycosaminoglycan metabolism,M1,1,0
1,-5.8,GO:0003231,cardiac ventricle development,M1,1,0
1,-8,GO:0000904,cell morphogenesis involved in differentiation,M1,1,0
1,-3,WP2828,Bladder cancer,M1,1,0
1,-3.3,GO:0090497,mesenchymal cell migration,M1,1,0
1,-5.2,GO:0045637,regulation of myeloid cell differentiation,M1,1,0
1,-5.1,GO:0048745,smooth muscle tissue development,M1,1,0
1,-5.9,GO:0048863,stem cell differentiation,M1,1,0
1,-5.4,GO:0009615,response to virus,M1,1,0
1,-2.2,GO:1901890,positive regulation of cell junction assembly,M1,1,0
1,-7.6,GO:0002062,chondrocyte differentiation,M1,1,0
1,-6.4,GO:0034330,cell junction organization,M1,1,0
1,-3.9,GO:0042391,regulation of membrane potential,M1,1,0
1,-2.3,GO:0007623,circadian rhythm,M1,1,0
1,-4.7,GO:0071407,cellular response to organic cyclic compound,M1,1,0
1,-6,GO:0042327,positive regulation of phosphorylation,M1,1,0
1,-8.5,GO:0001503,ossification,M1,1,0
1,-10,hsa04933,AGE-RAGE signaling pathway in diabetic complications,M1,1,0
1,-2,GO:0032774,RNA biosynthetic process,M1,1,0
1,-3.2,GO:0051250,negative regulation of lymphocyte activation,M1,1,0
1,-2.1,GO:0097659,nucleic acid-templated transcription,M1,1,0
1,-6.3,R-HSA-375165,NCAM signaling for neurite out-growth,M1,1,0
1,-10,R-HSA-1474228,Degradation of the extracellular matrix,M1,1,0
1,-4.6,hsa05212,Pancreatic cancer,M1,1,0
1,-3.7,WP4341,"Non-genomic actions of 1,25 dihydroxyvitamin D3",M1,1,0
1,-4,GO:0048485,sympathetic nervous system development,M1,1,0
1,-8.1,WP306,Focal adhesion,M1,1,0
1,-20,GO:0043062,extracellular structure organization,M1,1,0
1,-9,M166,PID ATF2 PATHWAY,M1,1,0
1,-4.4,WP4222,Phosphodiesterases in neuronal function,M1,1,0
1,-2.2,GO:0008064,regulation of actin polymerization or depolymerization,M1,1,0
1,-2.7,GO:0044706,multi-multicellular organism process,M1,1,0
1,-2.8,GO:0060041,retina development in camera-type eye,M1,1,0
1,-4.3,WP4659,Gastrin signaling pathway,M1,1,0
1,-3.9,GO:0030111,regulation of Wnt signaling pathway,M1,1,0
1,-2.8,GO:0010712,regulation of collagen metabolic process,M1,1,0
1,-9.2,GO:0070372,regulation of ERK1 and ERK2 cascade,M1,1,0
1,-3.1,GO:0009404,toxin metabolic process,M1,1,0
1,-3.7,GO:0043086,negative regulation of catalytic activity,M1,1,0
1,-2.6,WP2865,IL1 and megakaryocytes in obesity,M1,1,0
1,-2.2,GO:0071384,cellular response to corticosteroid stimulus,M1,1,0
1,-3.8,GO:0060348,bone development,M1,1,0
1,-4.6,GO:0031102,neuron projection regeneration,M1,1,0
1,-3.2,GO:0045773,positive regulation of axon extension,M1,1,0
1,-2.2,GO:0051968,"positive regulation of synaptic transmission, glutamatergic",M1,1,0
1,-2.3,WP2858,Ectoderm differentiation,M1,1,0
1,-9.6,R-HSA-1650814,Collagen biosynthesis and modifying enzymes,M1,1,0
1,-2.5,GO:0071385,cellular response to glucocorticoid stimulus,M1,1,0
1,-2.8,GO:0055080,monoatomic cation homeostasis,M1,1,0
1,-3,GO:0046887,positive regulation of hormone secretion,M1,1,0
1,-3.1,GO:1901653,cellular response to peptide,M1,1,0
1,-3.9,GO:0060560,developmental growth involved in morphogenesis,M1,1,0
1,-6.3,hsa04940,Type I diabetes mellitus,M1,1,0
1,-4,R-HSA-2173782,Binding and Uptake of Ligands by Scavenger Receptors,M1,1,0
1,-3.9,hsa04917,Prolactin signaling pathway,M1,1,0
1,-7,hsa05323,Rheumatoid arthritis,M1,1,0
1,-2.9,GO:0051051,negative regulation of transport,M1,1,0
1,-2.9,GO:0060538,skeletal muscle organ development,M1,1,0
1,-5.3,GO:0010038,response to metal ion,M1,1,0
1,-2.3,M254,PID MYC REPRESS PATHWAY,M1,1,0
1,-2.2,GO:0048708,astrocyte differentiation,M1,1,0
1,-3.6,M77,PID WNT SIGNALING PATHWAY,M1,1,0
1,-2.4,GO:0030099,myeloid cell differentiation,M1,1,0
1,-3.6,GO:0035914,skeletal muscle cell differentiation,M1,1,0
1,-3.1,GO:0030048,actin filament-based movement,M1,1,0
1,-6.9,R-HSA-202427,Phosphorylation of CD3 and TCR zeta chains,M1,1,0
1,-8.1,GO:0009611,response to wounding,M1,1,0
1,-3.6,GO:0019724,B cell mediated immunity,M1,1,0
1,-7.9,GO:0002478,antigen processing and presentation of exogenous peptide antigen,M1,1,0
1,-2.4,WP3888,VEGFA-VEGFR2 signaling pathway,M1,1,0
1,-5.8,GO:0051960,regulation of nervous system development,M1,1,0
1,-2.3,GO:0010631,epithelial cell migration,M1,1,0
1,-2.6,GO:0070588,calcium ion transmembrane transport,M1,1,0
1,-3.4,GO:0003012,muscle system process,M1,1,0
1,-3.8,GO:0140546,defense response to symbiont,M1,1,0
1,-3.1,R-HSA-8878159,Transcriptional regulation by RUNX3,M1,1,0
1,-2.1,GO:0030832,regulation of actin filament length,M1,1,0
1,-4.3,GO:0001656,metanephros development,M1,1,0
1,-2.4,GO:0001764,neuron migration,M1,1,0
1,-2.2,GO:0043534,blood vessel endothelial cell migration,M1,1,0
1,-10,GO:0050678,regulation of epithelial cell proliferation,M1,1,0
1,-2.1,WP710,DNA damage response (only ATM dependent),M1,1,0
1,-5.1,M118,PID INTEGRIN A9B1 PATHWAY,M1,1,0
1,-4.9,GO:0036022,limb joint morphogenesis,M1,1,0
1,-2.6,GO:0090257,regulation of muscle system process,M1,1,0
1,-3.3,GO:0021915,neural tube development,M1,1,0
1,-4.1,M8,PID ENDOTHELIN PATHWAY,M1,1,0
1,-7.6,GO:0120035,regulation of plasma membrane bounded cell projection organization,M1,1,0
1,-16,GO:0035239,tube morphogenesis,M1,1,0
1,-2.1,GO:2000036,regulation of stem cell population maintenance,M1,1,0
1,-3.4,hsa05210,Colorectal cancer,M1,1,0
1,-2.6,GO:0090102,cochlea development,M1,1,0
1,-3.2,GO:0003073,regulation of systemic arterial blood pressure,M1,1,0
1,-4.5,GO:0045165,cell fate commitment,M1,1,0
1,-4.5,GO:0035567,non-canonical Wnt signaling pathway,M1,1,0
1,-4.7,WP366,TGF-beta signaling pathway,M1,1,0
1,-3.8,GO:0090287,regulation of cellular response to growth factor stimulus,M1,1,0
1,-2.1,GO:1901990,regulation of mitotic cell cycle phase transition,M1,1,0
1,-6.4,hsa05416,Viral myocarditis,M1,1,0
1,-2.9,GO:0003170,heart valve development,M1,1,0
1,-4.6,WP3611,Photodynamic therapy-induced AP-1 survival signaling,M1,1,0
1,-2.2,GO:0006812,monoatomic cation transport,M1,1,0
1,-3.9,GO:0072175,epithelial tube formation,M1,1,0
1,-4.3,R-HSA-186797,Signaling by PDGF,M1,1,0
1,-6.5,GO:1903037,regulation of leukocyte cell-cell adhesion,M1,1,0
1,-3.3,GO:0030516,regulation of axon extension,M1,1,0
1,-4.5,WP3859,TGF-beta signaling in thyroid cells for epithelial-mesenchymal transition,M1,1,0
1,-4,GO:0050670,regulation of lymphocyte proliferation,M1,1,0
1,-3.8,hsa05146,Amoebiasis,M1,1,0
1,-2.4,GO:0050954,sensory perception of mechanical stimulus,M1,1,0
1,-2.9,GO:0009410,response to xenobiotic stimulus,M1,1,0
1,-2.9,GO:0034220,monoatomic ion transmembrane transport,M1,1,0
1,-2.2,GO:0051893,regulation of focal adhesion assembly,M1,1,0
1,-2.4,GO:0051099,positive regulation of binding,M1,1,0
1,-5.6,GO:2000146,negative regulation of cell motility,M1,1,0
1,-5.4,GO:0050808,synapse organization,M1,1,0
1,-5.1,GO:0034762,regulation of transmembrane transport,M1,1,0
1,-5.4,R-HSA-1236394,Signaling by ERBB4,M1,1,0
1,-7.4,R-HSA-6785807,Interleukin-4 and Interleukin-13 signaling,M1,1,0
1,-2,GO:0060048,cardiac muscle contraction,M1,1,0
1,-2.1,GO:0033144,negative regulation of intracellular steroid hormone receptor signaling pathway,M1,1,0
1,-2.1,R-HSA-163685,Integration of energy metabolism,M1,1,0
1,-2.4,GO:1902903,regulation of supramolecular fiber organization,M1,1,0
1,-2.5,GO:2000737,negative regulation of stem cell differentiation,M1,1,0
1,-2.6,GO:0032535,regulation of cellular component size,M1,1,0
1,-2.9,GO:0060412,ventricular septum morphogenesis,M1,1,0
1,-4.3,GO:0050866,negative regulation of cell activation,M1,1,0
1,-3.4,GO:0031345,negative regulation of cell projection organization,M1,1,0
1,-3.5,GO:0007548,sex differentiation,M1,1,0
1,-3.5,GO:0051592,response to calcium ion,M1,1,0
1,-9.3,GO:0050865,regulation of cell activation,M1,1,0
1,-3.7,GO:0033687,osteoblast proliferation,M1,1,0
1,-3.9,R-HSA-388841,Costimulation by the CD28 family,M1,1,0
1,-3,GO:0014015,positive regulation of gliogenesis,M1,1,0
1,-11,GO:0072001,renal system development,M1,1,0
1,-3.3,GO:0061036,positive regulation of cartilage development,M1,1,0
1,-3.1,GO:0086002,cardiac muscle cell action potential involved in contraction,M1,1,0
1,-2.7,hsa04670,Leukocyte transendothelial migration,M1,1,0
1,-2.2,WP3680,Physico-chemical features and toxicity-associated pathways,M1,1,0
1,-2.3,GO:0010743,regulation of macrophage derived foam cell differentiation,M1,1,0
1,-2.4,GO:0048843,negative regulation of axon extension involved in axon guidance,M1,1,0
1,-4,hsa04020,Calcium signaling pathway,M1,1,0
1,-2.1,GO:0014002,astrocyte development,M1,1,0
1,-2.2,GO:0010389,regulation of G2/M transition of mitotic cell cycle,M1,1,0
1,-8,GO:0002009,morphogenesis of an epithelium,M1,1,0
1,-3,GO:0048486,parasympathetic nervous system development,M1,1,0
1,-2.3,M54,PID IL12 2PATHWAY,M1,1,0
1,-2.9,GO:0030098,lymphocyte differentiation,M1,1,0
1,-8,hsa05169,Epstein-Barr virus infection,M1,1,0
1,-3.1,WP3624,Lung fibrosis,M1,1,0
1,-3.1,hsa04728,Dopaminergic synapse,M1,1,0
1,-8.9,M3005,NABA COLLAGENS,M1,1,0
1,-5.2,GO:0071711,basement membrane organization,M1,1,0
1,-3.5,GO:0010001,glial cell differentiation,M1,1,0
1,-2.2,WP2197,Endothelin pathways,M1,1,0
1,-7.1,GO:0051384,response to glucocorticoid,M1,1,0
1,-3.6,GO:0071624,positive regulation of granulocyte chemotaxis,M1,1,0
1,-3.3,GO:1902624,positive regulation of neutrophil migration,M1,1,0
1,-7.2,GO:0050863,regulation of T cell activation,M1,1,0
1,-5.2,GO:0048562,embryonic organ morphogenesis,M1,1,0
1,-4.9,GO:0030900,forebrain development,M1,1,0
1,-2.3,GO:0098901,regulation of cardiac muscle cell action potential,M1,1,0
1,-7.5,GO:0048483,autonomic nervous system development,M1,1,0
1,-2.2,GO:1905330,regulation of morphogenesis of an epithelium,M1,1,0
1,-7.2,GO:0048812,neuron projection morphogenesis,M1,1,0
1,-2.1,GO:0001974,blood vessel remodeling,M1,1,0
1,-2.4,GO:0019933,cAMP-mediated signaling,M1,1,0
1,-2.4,WP2643,Nanoparticle-mediated activation of receptor signaling,M1,1,0
1,-3.8,GO:0001819,positive regulation of cytokine production,M1,1,0
1,-2.7,GO:0010043,response to zinc ion,M1,1,0
1,-2.4,hsa04210,Apoptosis,M1,1,0
1,-2.7,R-HSA-418555,G alpha (s) signalling events,M1,1,0
1,-6.1,GO:0002683,negative regulation of immune system process,M1,1,0
1,-3,GO:1905477,positive regulation of protein localization to membrane,M1,1,0
1,-4,M279,PID RB 1PATHWAY,M1,1,0
1,-3,GO:0033627,cell adhesion mediated by integrin,M1,1,0
1,-2.1,M22,PID GMCSF PATHWAY,M1,1,0
1,-7.1,GO:0042330,taxis,M1,1,0
1,-2.3,GO:0019883,antigen processing and presentation of endogenous antigen,M1,1,0
1,-4.4,hsa04360,Axon guidance,M1,1,0
1,-2.3,hsa04810,Regulation of actin cytoskeleton,M1,1,0
1,-4.6,GO:1901166,neural crest cell migration involved in autonomic nervous system development,M1,1,0
1,-5.9,GO:0060173,limb development,M1,1,0
1,-5.8,GO:0045778,positive regulation of ossification,M1,1,0
1,-7.6,GO:0008285,negative regulation of cell population proliferation,M1,1,0
1,-6.5,R-HSA-9013508,NOTCH3 Intracellular Domain Regulates Transcription,M1,1,0
1,-3.5,M256,PID TAP63 PATHWAY,M1,1,0
1,-3.2,GO:0050792,regulation of viral process,M1,1,0
1,-2.5,WP3845,Canonical and non-canonical Notch signaling,M1,1,0
1,-7,GO:0000902,cell morphogenesis,M1,1,0
1,-4.2,R-HSA-372790,Signaling by GPCR,M1,1,0
1,-5.9,R-HSA-2243919,Crosslinking of collagen fibrils,M1,1,0
1,-2.4,GO:0008361,regulation of cell size,M1,1,0
1,-2.1,WP382,MAPK signaling pathway,M1,1,0
1,-4.3,R-HSA-76002,"Platelet activation, signaling and aggregation",M1,1,0
1,-3.8,GO:0051056,regulation of small GTPase mediated signal transduction,M1,1,0
1,-5.1,GO:0003007,heart morphogenesis,M1,1,0
1,-3.6,GO:0048588,developmental cell growth,M1,1,0
1,-17,GO:0001944,vasculature development,M1,1,0
1,-2.2,GO:0071347,cellular response to interleukin-1,M1,1,0
1,-2.3,GO:0050731,positive regulation of peptidyl-tyrosine phosphorylation,M1,1,0
1,-2.9,GO:1903900,regulation of viral life cycle,M1,1,0
1,-5,hsa04934,Cushing syndrome,M1,1,0
1,-3.1,hsa05217,Basal cell carcinoma,M1,1,0
1,-8.8,GO:0007507,heart development,M1,1,0
1,-6.1,GO:1902105,regulation of leukocyte differentiation,M1,1,0
1,-2.7,WP4197,Immune response to tuberculosis,M1,1,0
1,-3.8,GO:0140059,dendrite arborization,M1,1,0
1,-2.3,M124,PID CXCR4 PATHWAY,M1,1,0
1,-2.2,GO:0120161,regulation of cold-induced thermogenesis,M1,1,0
1,-2.3,GO:1902751,positive regulation of cell cycle G2/M phase transition,M1,1,0
1,-27,M5884,NABA CORE MATRISOME,M1,1,0
1,-10,R-HSA-3000178,ECM proteoglycans,M1,1,0
1,-2.1,GO:0002377,immunoglobulin production,M1,1,0
1,-6.2,hsa04151,PI3K-Akt signaling pathway,M1,1,0
1,-2.1,GO:0031532,actin cytoskeleton reorganization,M1,1,0
1,-2.4,GO:0042733,embryonic digit morphogenesis,M1,1,0
1,-2.4,GO:0008406,gonad development,M1,1,0
1,-2.5,WP2406,Cardiac progenitor differentiation,M1,1,0
1,-9.4,GO:0048568,embryonic organ development,M1,1,0
1,-5.9,GO:0003158,endothelium development,M1,1,0
1,-4,WP4148,Splicing factor NOVA regulated synaptic proteins,M1,1,0
1,-9.3,WP5115,Network map of SARS-CoV-2 signaling pathway,M1,1,0
1,-3.1,GO:0010565,regulation of cellular ketone metabolic process,M1,1,0
1,-2.9,WP2911,miRNA targets in ECM and membrane receptors,M1,1,0
1,-2.2,GO:0071346,cellular response to type II interferon,M1,1,0
1,-7.9,GO:0043410,positive regulation of MAPK cascade,M1,1,0
1,-3.2,GO:0035270,endocrine system development,M1,1,0
1,-3.6,GO:0016049,cell growth,M1,1,0
1,-2.8,WP4884,Pathogenesis of SARS-CoV-2 mediated by nsp9-nsp10 complex,M1,1,0
1,-5.6,GO:0045639,positive regulation of myeloid cell differentiation,M1,1,0
1,-2.9,WP2380,Brain-derived neurotrophic factor (BDNF) signaling pathway,M1,1,0
1,-7.3,GO:0031960,response to corticosteroid,M1,1,0
1,-2.4,R-HSA-111885,Opioid Signalling,M1,1,0
1,-2.5,hsa00230,Purine metabolism,M1,1,0
1,-3.2,GO:0019216,regulation of lipid metabolic process,M1,1,0
1,-9.9,GO:0048598,embryonic morphogenesis,M1,1,0
1,-7.3,GO:0010942,positive regulation of cell death,M1,1,0
1,-2.8,GO:0045664,regulation of neuron differentiation,M1,1,0
1,-4.8,GO:0042698,ovulation cycle,M1,1,0
1,-5.2,GO:0035107,appendage morphogenesis,M1,1,0
1,-2.3,GO:0140467,integrated stress response signaling,M1,1,0
1,-2.3,hsa04978,Mineral absorption,M1,1,0
1,-17,GO:0001568,blood vessel development,M1,1,0
1,-3.3,GO:0050930,induction of positive chemotaxis,M1,1,0
1,-4.4,WP4879,Overlap between signal transduction pathways contributing to LMNA laminopathies,M1,1,0
1,-2.2,GO:0062237,protein localization to postsynapse,M1,1,0
1,-2.8,GO:0043433,negative regulation of DNA-binding transcription factor activity,M1,1,0
1,-2.3,M145,PID P53 DOWNSTREAM PATHWAY,M1,1,0
1,-2.5,GO:1901888,regulation of cell junction assembly,M1,1,0
1,-2.8,WP2332,Interleukin-11 signaling pathway,M1,1,0
1,-3,WP2882,Nuclear receptors meta-pathway,M1,1,0
1,-7.2,GO:0007169,transmembrane receptor protein tyrosine kinase signaling pathway,M1,1,0
1,-2.6,GO:0046661,male sex differentiation,M1,1,0
1,-2.4,GO:0019722,calcium-mediated signaling,M1,1,0
1,-2.3,GO:0034764,positive regulation of transmembrane transport,M1,1,0
1,-2.4,WP3527,Pre-implantation embryo,M1,1,0
1,-2.7,GO:0060713,labyrinthine layer morphogenesis,M1,1,0
1,-15,R-HSA-9006934,Signaling by Receptor Tyrosine Kinases,M1,1,0
1,-3.3,WP304,Kit receptor signaling pathway,M1,1,0
1,-5.1,hsa05332,Graft-versus-host disease,M1,1,0
1,-5,GO:0008217,regulation of blood pressure,M1,1,0
1,-20,R-HSA-1474244,Extracellular matrix organization,M1,1,0
1,-3.6,GO:0002443,leukocyte mediated immunity,M1,1,0
1,-3,GO:0007179,transforming growth factor beta receptor signaling pathway,M1,1,0
1,-4,GO:0048534,hematopoietic or lymphoid organ development,M1,1,0
1,-3.4,GO:0098660,inorganic ion transmembrane transport,M1,1,0
1,-4.3,hsa04911,Insulin secretion,M1,1,0
1,-4.2,GO:0042246,tissue regeneration,M1,1,0
1,-8.7,GO:0072012,glomerulus vasculature development,M1,1,0
1,-3.9,GO:0030856,regulation of epithelial cell differentiation,M1,1,0
1,-5.4,GO:0035904,aorta development,M1,1,0
1,-4,GO:0032944,regulation of mononuclear cell proliferation,M1,1,0
1,-3.3,GO:0048525,negative regulation of viral process,M1,1,0
1,-3.2,GO:0051781,positive regulation of cell division,M1,1,0
1,-2.5,hsa04742,Taste transduction,M1,1,0
1,-3.7,GO:0002573,myeloid leukocyte differentiation,M1,1,0
1,-3.1,GO:0030001,metal ion transport,M1,1,0
1,-3.4,GO:2001236,regulation of extrinsic apoptotic signaling pathway,M1,1,0
1,-2.7,GO:0086001,cardiac muscle cell action potential,M1,1,0
1,-5.6,hsa05140,Leishmaniasis,M1,1,0
1,-2.9,GO:0050769,positive regulation of neurogenesis,M1,1,0
1,-2.7,GO:0034446,substrate adhesion-dependent cell spreading,M1,1,0
1,-3.3,GO:0061028,establishment of endothelial barrier,M1,1,0
1,-2,GO:0052652,cyclic purine nucleotide metabolic process,M1,1,0
1,-4.5,R-HSA-6806834,Signaling by MET,M1,1,0
1,-4.1,M5887,NABA BASEMENT MEMBRANES,M1,1,0
1,-3.6,GO:0021537,telencephalon development,M1,1,0
1,-4.4,GO:0060828,regulation of canonical Wnt signaling pathway,M1,1,0
1,-2.2,GO:0050773,regulation of dendrite development,M1,1,0
1,-3.2,GO:0045589,regulation of regulatory T cell differentiation,M1,1,0
1,-3.2,GO:0001508,action potential,M1,1,0
1,-4.4,GO:0071417,cellular response to organonitrogen compound,M1,1,0
1,-4.3,GO:0048842,positive regulation of axon extension involved in axon guidance,M1,1,0
1,-2.8,GO:0007263,nitric oxide mediated signal transduction,M1,1,0
1,-2.2,GO:0046883,regulation of hormone secretion,M1,1,0
1,-2.6,R-HSA-8940973,RUNX2 regulates osteoblast differentiation,M1,1,0
1,-2.9,GO:0032922,circadian regulation of gene expression,M1,1,0
1,-7,GO:0007229,integrin-mediated signaling pathway,M1,1,0
1,-2.4,WP35,G protein signaling pathways,M1,1,0
1,-7.2,hsa04512,ECM-receptor interaction,M1,1,0
1,-7.4,GO:0032990,cell part morphogenesis,M1,1,0
1,-3.5,GO:2000648,positive regulation of stem cell proliferation,M1,1,0
1,-2.6,R-HSA-112043,PLC beta mediated events,M1,1,0
1,-3.1,GO:0097190,apoptotic signaling pathway,M1,1,0
1,-2.2,GO:0001893,maternal placenta development,M1,1,0
1,-3.8,GO:0051607,defense response to virus,M1,1,0
1,-2.3,GO:0032481,positive regulation of type I interferon production,M1,1,0
1,-2.2,GO:0031347,regulation of defense response,M1,1,0
1,-3.7,GO:0070849,response to epidermal growth factor,M1,1,0
1,-2.3,GO:1902532,negative regulation of intracellular signal transduction,M1,1,0
1,-3.4,GO:0001704,formation of primary germ layer,M1,1,0
1,-2.8,GO:0050768,negative regulation of neurogenesis,M1,1,0
1,-5.4,hsa05330,Allograft rejection,M1,1,0
1,-10,GO:0003013,circulatory system process,M1,1,0
1,-2.4,GO:0098662,inorganic cation transmembrane transport,M1,1,0
1,-3,GO:0008277,regulation of G protein-coupled receptor signaling pathway,M1,1,0
1,-2.1,WP707,DNA damage response,M1,1,0
1,-6.4,hsa04659,Th17 cell differentiation,M1,1,0
1,-2.3,GO:0051302,regulation of cell division,M1,1,0
1,-4.5,M212,PID INTEGRIN5 PATHWAY,M1,1,0
1,-3.4,GO:0036075,replacement ossification,M1,1,0
1,-3.3,WP5265,Neurogenesis regulation in the olfactory epithelium,M1,1,0
1,-2.1,GO:0080135,regulation of cellular response to stress,M1,1,0
1,-2,WP3298,Melatonin metabolism and effects,M1,1,0
1,-2.5,GO:0007568,aging,M1,1,0
1,-2,WP4871,Kisspeptin/kisspeptin receptor system in the ovary,M1,1,0
1,-2.5,GO:0031103,axon regeneration,M1,1,0
1,-2.9,GO:0046688,response to copper ion,M1,1,0
1,-3.9,GO:0050767,regulation of neurogenesis,M1,1,0
1,-4.7,M160,PID AVB3 INTEGRIN PATHWAY,M1,1,0
1,-3.2,GO:2000052,positive regulation of non-canonical Wnt signaling pathway,M1,1,0
1,-2.6,M2,PID SMAD2 3NUCLEAR PATHWAY,M1,1,0
1,-2.4,GO:0030325,adrenal gland development,M1,1,0
1,-2.4,GO:0072091,regulation of stem cell proliferation,M1,1,0
1,-3,hsa04640,Hematopoietic cell lineage,M1,1,0
1,-4.7,GO:0072073,kidney epithelium development,M1,1,0
1,-3.6,hsa05144,Malaria,M1,1,0
1,-3.2,WP3969,H19 action Rb-E2F1 signaling and CDK-Beta-catenin activity,M1,1,0
1,-3.4,GO:0045321,leukocyte activation,M1,1,0
1,-6.3,GO:0030501,positive regulation of bone mineralization,M1,1,0
1,-2.2,R-HSA-1980145,Signaling by NOTCH2,M1,1,0
1,-8.6,M5885,NABA MATRISOME ASSOCIATED,M1,1,0
1,-2.9,GO:0043542,endothelial cell migration,M1,1,0
1,-3.2,GO:0007156,homophilic cell adhesion via plasma membrane adhesion molecules,M1,1,0
1,-3.2,GO:0008016,regulation of heart contraction,M1,1,0
1,-2.8,GO:0044703,multi-organism reproductive process,M1,1,0
1,-3.9,GO:2001233,regulation of apoptotic signaling pathway,M1,1,0
1,-3.8,hsa04972,Pancreatic secretion,M1,1,0
1,-2.2,WP3617,Photodynamic therapy-induced NF-kB survival signaling,M1,1,0
1,-2.9,GO:0030177,positive regulation of Wnt signaling pathway,M1,1,0
1,-3,hsa04720,Long-term potentiation,M1,1,0
1,-7.7,R-HSA-3000171,Non-integrin membrane-ECM interactions,M1,1,0
1,-4,GO:0040008,regulation of growth,M1,1,0
1,-3.5,WP453,Inflammatory response pathway,M1,1,0
1,-9,GO:2000147,positive regulation of cell motility,M1,1,0
1,-2.5,GO:0010811,positive regulation of cell-substrate adhesion,M1,1,0
1,-3.2,GO:0060606,tube closure,M1,1,0
1,-7.3,GO:0007160,cell-matrix adhesion,M1,1,0
1,-3,WP399,Wnt signaling pathway and pluripotency,M1,1,0
1,-4,GO:0051928,positive regulation of calcium ion transport,M1,1,0
1,-2,M14,PID AURORA B PATHWAY,M1,1,0
1,-3.4,GO:0072163,mesonephric epithelium development,M1,1,0
1,-2,GO:0006898,receptor-mediated endocytosis,M1,1,0
1,-2.9,GO:0061387,regulation of extent of cell growth,M1,1,0
1,-3.7,GO:0072111,cell proliferation involved in kidney development,M1,1,0
1,-2.1,GO:0010817,regulation of hormone levels,M1,1,0
1,-4.3,R-HSA-3000480,Scavenging by Class A Receptors,M1,1,0
1,-4.3,GO:0001890,placenta development,M1,1,0
1,-2.6,GO:0098916,anterograde trans-synaptic signaling,M1,1,0
1,-2.1,GO:1901343,negative regulation of vasculature development,M1,1,0
1,-4.9,GO:0007162,negative regulation of cell adhesion,M1,1,0
1,-2.4,hsa05163,Human cytomegalovirus infection,M1,1,0
1,-9.4,GO:0043408,regulation of MAPK cascade,M1,1,0
1,-2.4,GO:0035282,segmentation,M1,1,0
1,-2.9,R-HSA-9013695,NOTCH4 Intracellular Domain Regulates Transcription,M1,1,0
1,-6,hsa05310,Asthma,M1,1,0
1,-3.2,GO:0048871,multicellular organismal homeostasis,M1,1,0
1,-3.2,M1529,SA G1 AND S PHASES,M1,1,0
1,-2.4,hsa04970,Salivary secretion,M1,1,0
1,-2.2,GO:0006026,aminoglycan catabolic process,M1,1,0
1,-3.1,hsa05206,MicroRNAs in cancer,M1,1,0
1,-6.3,GO:0010720,positive regulation of cell development,M1,1,0
1,-5.6,GO:0050920,regulation of chemotaxis,M1,1,0
1,-3.7,GO:0002027,regulation of heart rate,M1,1,0
1,-2.7,GO:0070828,heterochromatin organization,M1,1,0
1,-8.1,R-HSA-5173214,O-glycosylation of TSR domain-containing proteins,M1,1,0
1,-2.2,GO:0050714,positive regulation of protein secretion,M1,1,0
1,-4.8,hsa04926,Relaxin signaling pathway,M1,1,0
1,-2.9,GO:0035886,vascular associated smooth muscle cell differentiation,M1,1,0
1,-6,hsa05224,Breast cancer,M1,1,0
1,-3.5,hsa04725,Cholinergic synapse,M1,1,0
1,-3.6,GO:0050890,cognition,M1,1,0
1,-3.3,hsa04611,Platelet activation,M1,1,0
1,-2.7,GO:0097193,intrinsic apoptotic signaling pathway,M1,1,0
1,-3.2,hsa05225,Hepatocellular carcinoma,M1,1,0
1,-2.8,GO:1904064,positive regulation of cation transmembrane transport,M1,1,0
1,-3.8,WP4216,Chromosomal and microsatellite instability in colorectal cancer,M1,1,0
1,-2.7,GO:0048675,axon extension,M1,1,0
1,-2.7,GO:2001257,regulation of cation channel activity,M1,1,0
1,-3.8,GO:0002252,immune effector process,M1,1,0
1,-2.3,GO:0032102,negative regulation of response to external stimulus,M1,1,0
1,-2.8,GO:0007626,locomotory behavior,M1,1,0
1,-2.4,GO:0051282,regulation of sequestering of calcium ion,M1,1,0
1,-2.4,R-HSA-112040,G-protein mediated events,M1,1,0
1,-2.9,GO:0150115,cell-substrate junction organization,M1,1,0
1,-5.2,GO:0035108,limb morphogenesis,M1,1,0
1,-6.5,GO:0150063,visual system development,M1,1,0
1,-3.7,GO:0032941,secretion by tissue,M1,1,0
1,-5.7,R-HSA-202433,Generation of second messenger molecules,M1,1,0
1,-4.9,GO:0043065,positive regulation of apoptotic process,M1,1,0
1,-4.6,hsa04971,Gastric acid secretion,M1,1,0
1,-4.7,GO:0198738,cell-cell signaling by wnt,M1,1,0
1,-4.9,GO:0042476,odontogenesis,M1,1,0
1,-3.3,GO:0060350,endochondral bone morphogenesis,M1,1,0
1,-2.4,GO:0035019,somatic stem cell population maintenance,M1,1,0
1,-4.6,GO:0071772,response to BMP,M1,1,0
1,-2.8,hsa04723,Retrograde endocannabinoid signaling,M1,1,0
1,-8.9,WP5087,Malignant pleural mesothelioma,M1,1,0
1,-2.4,GO:0010469,regulation of signaling receptor activity,M1,1,0
1,-4.6,GO:0071773,cellular response to BMP stimulus,M1,1,0
1,-7.9,GO:0002399,MHC class II protein complex assembly,M1,1,0
1,-3.7,R-HSA-5661231,Metallothioneins bind metals,M1,1,0
1,-2.2,WP2032,Thyroid stimulating hormone (TSH) signaling pathway,M1,1,0
1,-2.7,GO:0007389,pattern specification process,M1,1,0
1,-2.9,GO:0051604,protein maturation,M1,1,0
1,-5.8,GO:2000027,regulation of animal organ morphogenesis,M1,1,0
1,-2,GO:0046634,regulation of alpha-beta T cell activation,M1,1,0
1,-12,GO:0031175,neuron projection development,M1,1,0
1,-5.8,hsa04713,Circadian entrainment,M1,1,0
1,-3.6,GO:0055074,calcium ion homeostasis,M1,1,0
1,-4.6,GO:0001935,endothelial cell proliferation,M1,1,0
1,-3.6,GO:0045667,regulation of osteoblast differentiation,M1,1,0
1,-4.1,GO:0032409,regulation of transporter activity,M1,1,0
1,-2.5,WP5144,NRP1-triggered signaling pathways in pancreatic cancer,M1,1,0
1,-2.2,GO:0031100,animal organ regeneration,M1,1,0
1,-2,GO:0045823,positive regulation of heart contraction,M1,1,0
1,-2.4,GO:0019217,regulation of fatty acid metabolic process,M1,1,0
1,-2.2,GO:0051129,negative regulation of cellular component organization,M1,1,0
1,-3.8,hsa04115,p53 signaling pathway,M1,1,0
1,-2.6,hsa04919,Thyroid hormone signaling pathway,M1,1,0
1,-6.8,GO:0009612,response to mechanical stimulus,M1,1,0
1,-7.2,GO:0002696,positive regulation of leukocyte activation,M1,1,0
1,-2.5,GO:0071496,cellular response to external stimulus,M1,1,0
1,-3.2,GO:0021783,preganglionic parasympathetic fiber development,M1,1,0
1,-3.9,R-HSA-6783589,Interleukin-6 family signaling,M1,1,0
1,-2.5,hsa04727,GABAergic synapse,M1,1,0
1,-2.6,GO:0051279,regulation of release of sequestered calcium ion into cytosol,M1,1,0
1,-8.5,GO:0002504,antigen processing and presentation of peptide or polysaccharide antigen via MHC class II,M1,1,0
1,-12,GO:0030199,collagen fibril organization,M1,1,0
1,-2.8,GO:0050919,negative chemotaxis,M1,1,0
1,-3.7,hsa05152,Tuberculosis,M1,1,0
1,-7.3,R-HSA-202430,Translocation of ZAP-70 to Immunological synapse,M1,1,0
1,-2.6,R-HSA-9620244,Long-term potentiation,M1,1,0
1,-2.5,GO:0001892,embryonic placenta development,M1,1,0
1,-12,GO:0048729,tissue morphogenesis,M1,1,0
1,-8.5,WP2374,Oncostatin M signaling pathway,M1,1,0
1,-2.5,GO:0045860,positive regulation of protein kinase activity,M1,1,0
1,-2.1,GO:0061337,cardiac conduction,M1,1,0
1,-3.1,hsa04927,Cortisol synthesis and secretion,M1,1,0
1,-2.9,GO:0051348,negative regulation of transferase activity,M1,1,0
1,-6,GO:0007420,brain development,M1,1,0
1,-2.3,R-HSA-8941326,RUNX2 regulates bone development,M1,1,0
1,-6.5,GO:0032989,cellular component morphogenesis,M1,1,0
1,-4.6,hsa04310,Wnt signaling pathway,M1,1,0
1,-3.5,GO:0007157,heterophilic cell-cell adhesion via plasma membrane cell adhesion molecules,M1,1,0
1,-2.1,WP3591,Sleep regulation,M1,1,0
1,-4.7,WP2118,Arrhythmogenic right ventricular cardiomyopathy,M1,1,0
1,-2.6,GO:0022408,negative regulation of cell-cell adhesion,M1,1,0
1,-6.8,R-HSA-389948,PD-1 signaling,M1,1,0
1,-3.2,GO:0034341,response to type II interferon,M1,1,0
1,-7.6,hsa04974,Protein digestion and absorption,M1,1,0
1,-3.2,GO:0060021,roof of mouth development,M1,1,0
1,-4.7,GO:0007610,behavior,M1,1,0
1,-3.2,GO:1902285,semaphorin-plexin signaling pathway involved in neuron projection guidance,M1,1,0
1,-2.3,GO:0042060,wound healing,M1,1,0
1,-2.4,GO:0030178,negative regulation of Wnt signaling pathway,M1,1,0
1,-2.9,R-HSA-8963898,Plasma lipoprotein assembly,M1,1,0
1,-2.8,GO:1902622,regulation of neutrophil migration,M1,1,0
1,-2.3,GO:0001569,branching involved in blood vessel morphogenesis,M1,1,0
1,-10,hsa04514,Cell adhesion molecules,M1,1,0
1,-4.2,GO:0090398,cellular senescence,M1,1,0
1,-6,GO:0043010,camera-type eye development,M1,1,0
1,-4.1,hsa05032,Morphine addiction,M1,1,0
1,-4.2,GO:0060993,kidney morphogenesis,M1,1,0
1,-2.9,GO:0002691,regulation of cellular extravasation,M1,1,0
1,-3.2,WP5053,Development of ureteric collection system,M1,1,0
1,-4.9,WP3596,miR-517 relationship with ARCN1 and USP1,M1,1,0
1,-4.7,GO:0001666,response to hypoxia,M1,1,0
1,-3.5,GO:0007611,learning or memory,M1,1,0
1,-4.5,GO:0061458,reproductive system development,M1,1,0
1,-6.3,GO:0061326,renal tubule development,M1,1,0
1,-2.4,M99,PID TXA2PATHWAY,M1,1,0
1,-3.5,GO:0086103,G protein-coupled receptor signaling pathway involved in heart process,M1,1,0
1,-2.1,GO:0048536,spleen development,M1,1,0
1,-11,R-HSA-1474290,Collagen formation,M1,1,0
1,-2.1,R-HSA-111997,CaM pathway,M1,1,0
1,-4.2,GO:0001775,cell activation,M1,1,0
1,-2.1,WP5130,Th17 cell differentiation pathway,M1,1,0
1,-4.1,GO:0060022,hard palate development,M1,1,0
1,-7.7,GO:0048858,cell projection morphogenesis,M1,1,0
1,-3.1,GO:0034767,positive regulation of monoatomic ion transmembrane transport,M1,1,0
1,-2.3,GO:0098655,monoatomic cation transmembrane transport,M1,1,0
1,-3.8,GO:1903522,regulation of blood circulation,M1,1,0
1,-5.1,hsa05321,Inflammatory bowel disease,M1,1,0
1,-8.5,GO:0045765,regulation of angiogenesis,M1,1,0
1,-2.1,GO:0050852,T cell receptor signaling pathway,M1,1,0
1,-3.3,GO:0002695,negative regulation of leukocyte activation,M1,1,0
1,-5.6,hsa04612,Antigen processing and presentation,M1,1,0
1,-7,GO:0009725,response to hormone,M1,1,0
1,-2.4,GO:0007519,skeletal muscle tissue development,M1,1,0
1,-6.5,R-HSA-8875878,MET promotes cell motility,M1,1,0
1,-2.9,GO:0046578,regulation of Ras protein signal transduction,M1,1,0
1,-3.5,GO:1903707,negative regulation of hemopoiesis,M1,1,0
1,-2.9,GO:0071526,semaphorin-plexin signaling pathway,M1,1,0
1,-8.5,GO:0031589,cell-substrate adhesion,M1,1,0
1,-2.1,M196,PID IL23 PATHWAY,M1,1,0
1,-2.8,WP536,Calcium regulation in cardiac cells,M1,1,0
1,-4.9,GO:0050804,modulation of chemical synaptic transmission,M1,1,0
1,-2.5,GO:0086019,cell-cell signaling involved in cardiac conduction,M1,1,0
1,-2.3,GO:0097746,blood vessel diameter maintenance,M1,1,0
1,-3.9,GO:0035987,endodermal cell differentiation,M1,1,0
1,-2.1,GO:0043393,regulation of protein binding,M1,1,0
1,-3.9,GO:0031214,biomineral tissue development,M1,1,0
1,-5.1,GO:0030855,epithelial cell differentiation,M1,1,0
1,-2.4,GO:0034368,protein-lipid complex remodeling,M1,1,0
1,-4.2,GO:0042692,muscle cell differentiation,M1,1,0
1,-5.1,WP2328,Allograft rejection,M1,1,0
1,-4.8,GO:0071560,cellular response to transforming growth factor beta stimulus,M1,1,0
1,-2.9,GO:0072028,nephron morphogenesis,M1,1,0
1,-3.4,GO:0030326,embryonic limb morphogenesis,M1,1,0
1,-3.5,GO:0035023,regulation of Rho protein signal transduction,M1,1,0
1,-4.5,GO:0007379,segment specification,M1,1,0
1,-2.5,M47,PID INTEGRIN CS PATHWAY,M1,1,0
1,-10,GO:0007423,sensory organ development,M1,1,0
1,-2.7,GO:0001885,endothelial cell development,M1,1,0
1,-3.3,GO:0048841,regulation of axon extension involved in axon guidance,M1,1,0
1,-4.5,R-HSA-8957275,Post-translational protein phosphorylation,M1,1,0
1,-2.9,GO:0060411,cardiac septum morphogenesis,M1,1,0
1,-10,GO:0061437,renal system vasculature development,M1,1,0
1,-3.9,GO:0032103,positive regulation of response to external stimulus,M1,1,0
1,-3.9,WP364,IL6 signaling pathway,M1,1,0
1,-3.3,GO:0035909,aorta morphogenesis,M1,1,0
1,-2.4,GO:0048638,regulation of developmental growth,M1,1,0
1,-4.4,GO:0032956,regulation of actin cytoskeleton organization,M1,1,0
1,-3.2,WP53,ID signaling pathway,M1,1,0
1,-2.5,GO:0060669,embryonic placenta morphogenesis,M1,1,0
1,-2.5,GO:0048146,positive regulation of fibroblast proliferation,M1,1,0
1,-2.7,WP3594,Circadian rhythm genes,M1,1,0
1,-3.2,GO:0003179,heart valve morphogenesis,M1,1,0
1,-5.2,GO:0007411,axon guidance,M1,1,0
1,-8.2,R-HSA-5083635,Defective B3GALTL causes PpS,M1,1,0
1,-4.8,hsa05218,Melanoma,M1,1,0
1,-5.1,GO:0045444,fat cell differentiation,M1,1,0
1,-7.3,GO:0060537,muscle tissue development,M1,1,0
1,-4.5,GO:0048644,muscle organ morphogenesis,M1,1,0
1,-4.2,GO:0030097,hemopoiesis,M1,1,0
1,-3.5,GO:0085029,extracellular matrix assembly,M1,1,0
1,-3.4,GO:0030029,actin filament-based process,M1,1,0
1,-2.5,GO:0044403,biological process involved in symbiotic interaction,M1,1,0
1,-9.4,GO:0030335,positive regulation of cell migration,M1,1,0
1,-3.8,GO:0016064,immunoglobulin mediated immune response,M1,1,0
1,-4,hsa04380,Osteoclast differentiation,M1,1,0
1,-10,hsa05165,Human papillomavirus infection,M1,1,0
1,-4.1,GO:0051962,positive regulation of nervous system development,M1,1,0
1,-6,hsa04935,"Growth hormone synthesis, secretion and action",M1,1,0
1,-6.6,R-HSA-9031628,NGF-stimulated transcription,M1,1,0
1,-2.6,GO:0050727,regulation of inflammatory response,M1,1,0
1,-4.2,GO:0002685,regulation of leukocyte migration,M1,1,0
1,-3,WP4258,lncRNA in canonical Wnt signaling and colorectal cancer,M1,1,0
1,-2.6,hsa04012,ErbB signaling pathway,M1,1,0
1,-2.3,GO:0044089,positive regulation of cellular component biogenesis,M1,1,0
1,-2.1,GO:0051385,response to mineralocorticoid,M1,1,0
1,-5.4,GO:1901654,response to ketone,M1,1,0
1,-5.8,GO:0030336,negative regulation of cell migration,M1,1,0
1,-2.7,GO:0060326,cell chemotaxis,M1,1,0
1,-2.1,GO:0050922,negative regulation of chemotaxis,M1,1,0
1,-2.8,M175,PID ERBB2 ERBB3 PATHWAY,M1,1,0
1,-4.1,GO:1903131,mononuclear cell differentiation,M1,1,0
1,-7.6,GO:0045766,positive regulation of angiogenesis,M1,1,0
1,-3.1,R-HSA-9006925,Intracellular signaling by second messengers,M1,1,0
1,-2.8,GO:0016358,dendrite development,M1,1,0
1,-3.7,GO:0061005,cell differentiation involved in kidney development,M1,1,0
1,-3.2,GO:0007369,gastrulation,M1,1,0
1,-2.9,GO:0061035,regulation of cartilage development,M1,1,0
1,-3.4,GO:0062012,regulation of small molecule metabolic process,M1,1,0
1,-3.1,M65,PID FRA PATHWAY,M1,1,0
1,-2.2,GO:0071300,cellular response to retinoic acid,M1,1,0
1,-3.5,GO:0010594,regulation of endothelial cell migration,M1,1,0
1,-2.7,hsa04010,MAPK signaling pathway,M1,1,0
1,-3.2,GO:1904375,regulation of protein localization to cell periphery,M1,1,0
1,-3.4,GO:0016485,protein processing,M1,1,0
1,-2,GO:0043462,regulation of ATP-dependent activity,M1,1,0
1,-3.2,R-HSA-2214320,Anchoring fibril formation,M1,1,0
1,-5.7,GO:0070167,regulation of biomineral tissue development,M1,1,0
1,-3.6,WP4538,Regulatory circuits of the STAT3 signaling pathway,M1,1,0
1,-3.3,GO:0060019,radial glial cell differentiation,M1,1,0
1,-2.3,GO:0010880,regulation of release of sequestered calcium ion into cytosol by sarcoplasmic reticulum,M1,1,0
1,-5.6,GO:0034765,regulation of monoatomic ion transmembrane transport,M1,1,0
1,-6.5,GO:1903706,regulation of hemopoiesis,M1,1,0
1,-3.2,WP4877,Host-pathogen interaction of human coronaviruses - MAPK signaling,M1,1,0
1,-2.6,GO:0048013,ephrin receptor signaling pathway,M1,1,0
1,-5.5,hsa04928,"Parathyroid hormone synthesis, secretion and action",M1,1,0
1,-3.6,GO:1902106,negative regulation of leukocyte differentiation,M1,1,0
1,-6,R-HSA-5668914,Diseases of metabolism,M1,1,0
1,-6.5,GO:0001654,eye development,M1,1,0
1,-5.5,R-HSA-9675108,Nervous system development,M1,1,0
1,-7.3,M183,PID IL6 7 PATHWAY,M1,1,0
1,-10,GO:0070848,response to growth factor,M1,1,0
1,-2.3,GO:0006939,smooth muscle contraction,M1,1,0
1,-2.9,GO:0042474,middle ear morphogenesis,M1,1,0
1,-6.2,hsa05164,Influenza A,M1,1,0
1,-4.7,R-HSA-76005,Response to elevated platelet cytosolic Ca2+,M1,1,0
1,-2.8,GO:0015908,fatty acid transport,M1,1,0
1,-2.3,GO:0048813,dendrite morphogenesis,M1,1,0
1,-4.3,WP1742,TP53 network,M1,1,0
1,-3.1,R-HSA-166520,Signaling by NTRKs,M1,1,0
1,-2.5,GO:0030217,T cell differentiation,M1,1,0
1,-2.8,R-HSA-445355,Smooth Muscle Contraction,M1,1,0
1,-2.9,GO:0010977,negative regulation of neuron projection development,M1,1,0
1,-5.1,GO:0001823,mesonephros development,M1,1,0
1,-3.1,GO:0060349,bone morphogenesis,M1,1,0
1,-2.1,GO:0090092,regulation of transmembrane receptor protein serine/threonine kinase signaling pathway,M1,1,0
1,-2.8,GO:0001937,negative regulation of endothelial cell proliferation,M1,1,0
1,-2.1,GO:0007605,sensory perception of sound,M1,1,0
1,-2.1,WP4150,Wnt signaling in kidney disease,M1,1,0
1,-2.1,GO:0045670,regulation of osteoclast differentiation,M1,1,0
1,-2.3,GO:0045604,regulation of epidermal cell differentiation,M1,1,0
1,-2.4,GO:0048565,digestive tract development,M1,1,0
1,-2,WP481,Insulin signaling,M1,1,0
1,-4.8,GO:0003208,cardiac ventricle morphogenesis,M1,1,0
1,-2.3,GO:0036465,synaptic vesicle recycling,M1,1,0
1,-6,WP4685,Melanoma,M1,1,0
1,-4.5,GO:0014032,neural crest cell development,M1,1,0
1,-2.5,GO:0050926,regulation of positive chemotaxis,M1,1,0
1,-2,GO:0045616,regulation of keratinocyte differentiation,M1,1,0
1,-2,GO:0003281,ventricular septum development,M1,1,0
1,-2.7,GO:0007492,endoderm development,M1,1,0
1,-2.9,GO:0014074,response to purine-containing compound,M1,1,0
1,-3.5,GO:0060674,placenta blood vessel development,M1,1,0
1,-5.1,GO:0001933,negative regulation of protein phosphorylation,M1,1,0
1,-7.1,GO:0051249,regulation of lymphocyte activation,M1,1,0
1,-5.9,GO:0043583,ear development,M1,1,0
1,-3.7,M236,PID DELTA NP63 PATHWAY,M1,1,0
1,-4.2,GO:0021675,nerve development,M1,1,0
1,-4.6,GO:0044849,estrous cycle,M1,1,0
1,-8.1,hsa04658,Th1 and Th2 cell differentiation,M1,1,0
1,-9.1,GO:0061061,muscle structure development,M1,1,0
1,-3.2,GO:0048678,response to axon injury,M1,1,0
1,-3,GO:0051098,regulation of binding,M1,1,0
1,-2.7,R-HSA-422356,Regulation of insulin secretion,M1,1,0
1,-3.5,WP2864,Apoptosis-related network due to altered Notch3 in ovarian cancer,M1,1,0
1,-2.4,M17,PID NOTCH PATHWAY,M1,1,0
1,-2.6,GO:0051493,regulation of cytoskeleton organization,M1,1,0
1,-7.6,GO:0050867,positive regulation of cell activation,M1,1,0
1,-2.8,GO:0032870,cellular response to hormone stimulus,M1,1,0
1,-3.8,GO:0045619,regulation of lymphocyte differentiation,M1,1,0
1,-4.5,GO:0030857,negative regulation of epithelial cell differentiation,M1,1,0
1,-2.2,GO:0090279,regulation of calcium ion import,M1,1,0
1,-4.9,GO:0002381,immunoglobulin production involved in immunoglobulin-mediated immune response,M1,1,0
1,-3,hsa04916,Melanogenesis,M1,1,0
1,-3.4,GO:0034103,regulation of tissue remodeling,M1,1,0
1,-5.8,WP4262,Breast cancer pathway,M1,1,0
1,-7.5,GO:0040011,locomotion,M1,1,0
1,-3.3,R-HSA-5660526,Response to metal ions,M1,1,0
1,-3.9,GO:0061333,renal tubule morphogenesis,M1,1,0
1,-3.4,GO:0035115,embryonic forelimb morphogenesis,M1,1,0
1,-2.2,WP4874,CAMKK2 pathway,M1,1,0
1,-3.7,GO:0048660,regulation of smooth muscle cell proliferation,M1,1,0
1,-2.5,GO:0071277,cellular response to calcium ion,M1,1,0
1,-3.5,GO:1903038,negative regulation of leukocyte cell-cell adhesion,M1,1,0
1,-4.8,hsa05223,Non-small cell lung cancer,M1,1,0
1,-2.6,GO:0050927,positive regulation of positive chemotaxis,M1,1,0
1,-4.3,GO:0071356,cellular response to tumor necrosis factor,M1,1,0
1,-6.2,GO:0050921,positive regulation of chemotaxis,M1,1,0
1,-3,GO:0002460,adaptive immune response based on somatic recombination of immune receptors built from immunoglobulin superfamily domains,M1,1,0
1,-5.1,GO:1903708,positive regulation of hemopoiesis,M1,1,0
1,-2.2,WP2064,Neural crest differentiation,M1,1,0
1,-3,GO:0072088,nephron epithelium morphogenesis,M1,1,0
1,-4.5,GO:0048608,reproductive structure development,M1,1,0
1,-3.4,GO:0072164,mesonephric tubule development,M1,1,0
1,-4.8,WP4217,Ebola virus infection in host,M1,1,0
1,-2.1,GO:0097553,calcium ion transmembrane import into cytosol,M1,1,0
1,-4.6,GO:0042063,gliogenesis,M1,1,0
1,-2.2,WP45,G1 to S cell cycle control,M1,1,0
1,-2.3,GO:0014020,primary neural tube formation,M1,1,0
1,-2.7,GO:0006468,protein phosphorylation,M1,1,0
1,-5.3,hsa05145,Toxoplasmosis,M1,1,0
1,-7,GO:0043009,chordate embryonic development,M1,1,0
1,-3.5,GO:0098911,regulation of ventricular cardiac muscle cell action potential,M1,1,0
1,-2.6,GO:0051046,regulation of secretion,M1,1,0
1,-2.6,WP179,Cell cycle,M1,1,0
1,-6,GO:0048002,antigen processing and presentation of peptide antigen,M1,1,0
1,-7.3,GO:0009792,embryo development ending in birth or egg hatching,M1,1,0
1,-3.2,hsa04022,cGMP-PKG signaling pathway,M1,1,0
1,-3,hsa05322,Systemic lupus erythematosus,M1,1,0
1,-3.1,GO:0051412,response to corticosterone,M1,1,0
1,-17,M3008,NABA ECM GLYCOPROTEINS,M1,1,0
1,-4.5,R-HSA-109582,Hemostasis,M1,1,0
1,-4,WP4239,Epithelial to mesenchymal transition in colorectal cancer,M1,1,0
1,-3.2,GO:0045620,negative regulation of lymphocyte differentiation,M1,1,0
1,-4.7,GO:0031400,negative regulation of protein modification process,M1,1,0
1,-3.2,R-HSA-4086400,PCP/CE pathway,M1,1,0
1,-5.5,GO:0050673,epithelial cell proliferation,M1,1,0
1,-8.2,WP5055,Burn wound healing,M1,1,0
1,-2.5,GO:0072332,intrinsic apoptotic signaling pathway by p53 class mediator,M1,1,0
1,-5.3,R-HSA-198725,Nuclear Events (kinase and transcription factor activation),M1,1,0
1,-2.2,hsa05167,Kaposi sarcoma-associated herpesvirus infection,M1,1,0
1,-2.3,GO:0055008,cardiac muscle tissue morphogenesis,M1,1,0
1,-2.9,GO:0042129,regulation of T cell proliferation,M1,1,0
1,-3.4,GO:0001958,endochondral ossification,M1,1,0
1,-3.6,GO:0016331,morphogenesis of embryonic epithelium,M1,1,0
1,-2.1,GO:0003279,cardiac septum development,M1,1,0
1,-4.1,GO:0031667,response to nutrient levels,M1,1,0
1,-2.9,hsa05219,Bladder cancer,M1,1,0
1,-6,GO:0050870,positive regulation of T cell activation,M1,1,0
1,-2.2,GO:0048566,embryonic digestive tract development,M1,1,0
1,-3.8,GO:0009991,response to extracellular stimulus,M1,1,0
1,-2.1,GO:0006874,cellular calcium ion homeostasis,M1,1,0
1,-2.3,M290,PID IL12 STAT4 PATHWAY,M1,1,0
1,-7.5,WP3967,miR-509-3p alteration of YAP1/ECM axis,M1,1,0
1,-4.7,GO:0061138,morphogenesis of a branching epithelium,M1,1,0
1,-8.2,GO:0050679,positive regulation of epithelial cell proliferation,M1,1,0
1,-2.2,GO:1902305,regulation of sodium ion transmembrane transport,M1,1,0
1,-6.6,GO:0048589,developmental growth,M1,1,0
1,-3.4,WP2018,RANKL/RANK signaling pathway,M1,1,0
1,-2.2,GO:0055123,digestive system development,M1,1,0
1,-2.7,R-HSA-1250196,SHC1 events in ERBB2 signaling,M1,1,0
1,-3.5,GO:0019935,cyclic-nucleotide-mediated signaling,M1,1,0
1,-6,WP4787,Osteoblast differentiation and related diseases,M1,1,0
1,-3.2,R-HSA-5576893,Phase 2 - plateau phase,M1,1,0
1,-2.5,GO:0071549,cellular response to dexamethasone stimulus,M1,1,0
1,-3.5,WP5097,CCL18 signaling pathway,M1,1,0
1,-2.2,GO:0021988,olfactory lobe development,M1,1,0
1,-3.4,R-HSA-373760,L1CAM interactions,M1,1,0
1,-2.9,GO:0062014,negative regulation of small molecule metabolic process,M1,1,0
1,-2.8,GO:0009314,response to radiation,M1,1,0
1,-2.3,WP2839,Hair follicle development: organogenesis - part 2 of 3,M1,1,0
1,-3.1,R-HSA-202424,Downstream TCR signaling,M1,1,0
1,-3.3,GO:0090022,regulation of neutrophil chemotaxis,M1,1,0
1,-2.4,hsa05213,Endometrial cancer,M1,1,0
1,-3,GO:0032570,response to progesterone,M1,1,0
1,-3.4,R-HSA-157118,Signaling by NOTCH,M1,1,0
1,-3,GO:0048754,branching morphogenesis of an epithelial tube,M1,1,0
1,-7.8,GO:0048667,cell morphogenesis involved in neuron differentiation,M1,1,0
1,-3.3,M5883,NABA SECRETED FACTORS,M1,1,0
1,-3.6,GO:0006936,muscle contraction,M1,1,0
1,-3.9,GO:0060385,axonogenesis involved in innervation,M1,1,0
1,-2.5,M276,PID FGF PATHWAY,M1,1,0
1,-4.4,GO:0098742,cell-cell adhesion via plasma-membrane adhesion molecules,M1,1,0
1,-3,GO:0043116,negative regulation of vascular permeability,M1,1,0
1,-5.5,GO:1903039,positive regulation of leukocyte cell-cell adhesion,M1,1,0
1,-13,R-HSA-877300,Interferon gamma signaling,M1,1,0
1,-2.1,GO:0043535,regulation of blood vessel endothelial cell migration,M1,1,0
1,-5.9,hsa05414,Dilated cardiomyopathy,M1,1,0
1,-2.9,GO:0007589,body fluid secretion,M1,1,0
1,-6,GO:0048545,response to steroid hormone,M1,1,0
1,-2.3,WP2806,Complement system,M1,1,0
1,-2.8,M60,PID NFAT TFPATHWAY,M1,1,0
1,-2.2,GO:0090109,regulation of cell-substrate junction assembly,M1,1,0
1,-8.6,GO:0002495,antigen processing and presentation of peptide antigen via MHC class II,M1,1,0
1,-2.8,GO:0055010,ventricular cardiac muscle tissue morphogenesis,M1,1,0
1,-2.1,R-HSA-9029569,NR1H3 & NR1H2 regulate gene expression linked to cholesterol transport and efflux,M1,1,0
1,-2.4,GO:0034369,plasma lipoprotein particle remodeling,M1,1,0
1,-2.7,WP2857,Mesodermal commitment pathway,M1,1,0
1,-3,GO:0061298,retina vasculature development in camera-type eye,M1,1,0
1,-5.9,GO:0002761,regulation of myeloid leukocyte differentiation,M1,1,0
1,-3.1,hsa05417,Lipid and atherosclerosis,M1,1,0
1,-3.1,WP3678,Amplification and expansion of oncogenic pathways as metastatic traits,M1,1,0
1,-2.2,GO:0048010,vascular endothelial growth factor receptor signaling pathway,M1,1,0
1,-3.4,GO:0060325,face morphogenesis,M1,1,0
1,-2.3,R-HSA-977443,GABA receptor activation,M1,1,0
1,-2.4,GO:0006875,cellular metal ion homeostasis,M1,1,0
1,-7.9,WP3932,Focal adhesion: PI3K-Akt-mTOR-signaling pathway,M1,1,0
1,-3.5,R-HSA-187037,Signaling by NTRK1 (TRKA),M1,1,0
1,-6.8,WP619,Type II interferon signaling,M1,1,0
1,-4.1,GO:0051145,smooth muscle cell differentiation,M1,1,0
1,-5.9,GO:0048844,artery morphogenesis,M1,1,0
1,-3.8,GO:2001222,regulation of neuron migration,M1,1,0
1,-3.2,WP61,Notch signaling pathway,M1,1,0
1,-8.6,WP4754,IL-18 signaling pathway,M1,1,0
1,-4.2,GO:0048839,inner ear development,M1,1,0
1,-9.3,GO:0008283,cell population proliferation,M1,1,0
1,-4,R-HSA-114608,Platelet degranulation,M1,1,0
1,-3.3,GO:0002520,immune system development,M1,1,0
1,-8,GO:0048762,mesenchymal cell differentiation,M1,1,0
1,-2.5,GO:0001843,neural tube closure,M1,1,0
1,-5.3,GO:0043068,positive regulation of programmed cell death,M1,1,0
1,-4.3,GO:0090596,sensory organ morphogenesis,M1,1,0
1,-4.7,GO:0019882,antigen processing and presentation,M1,1,0
1,-2.2,GO:0021772,olfactory bulb development,M1,1,0
1,-2.6,GO:2001238,positive regulation of extrinsic apoptotic signaling pathway,M1,1,0
1,-10,R-HSA-2022090,Assembly of collagen fibrils and other multimeric structures,M1,1,0
1,-3.1,R-HSA-2129379,Molecules associated with elastic fibres,M1,1,0
1,-3.1,R-HSA-416476,G alpha (q) signalling events,M1,1,0
1,-3.2,GO:0050730,regulation of peptidyl-tyrosine phosphorylation,M1,1,0
1,-3.6,GO:0055065,metal ion homeostasis,M1,1,0
1,-2.3,GO:0034367,protein-containing complex remodeling,M1,1,0
1,-4.1,GO:1903115,regulation of actin filament-based movement,M1,1,0
1,-5.2,GO:0097485,neuron projection guidance,M1,1,0
1,-2.5,GO:0048145,regulation of fibroblast proliferation,M1,1,0
1,-2.1,GO:1904377,positive regulation of protein localization to cell periphery,M1,1,0
1,-3.5,GO:0071396,cellular response to lipid,M1,1,0
1,-4.2,WP4844,Influence of laminopathies on Wnt signaling,M1,1,0
1,-3.6,hsa04024,cAMP signaling pathway,M1,1,0
1,-2.4,GO:0010971,positive regulation of G2/M transition of mitotic cell cycle,M1,1,0
1,-7.6,GO:0002694,regulation of leukocyte activation,M1,1,0
1,-2.8,GO:0050918,positive chemotaxis,M1,1,0
1,-6.7,GO:0001936,regulation of endothelial cell proliferation,M1,1,0
1,-9.8,GO:0001501,skeletal system development,M1,1,0
1,-6.7,hsa04921,Oxytocin signaling pathway,M1,1,0
1,-2,GO:0071805,potassium ion transmembrane transport,M1,1,0
1,-5.8,R-HSA-909733,Interferon alpha/beta signaling,M1,1,0
1,-2.8,hsa05226,Gastric cancer,M1,1,0
1,-3.2,GO:0003002,regionalization,M1,1,0
1,-2.5,hsa04110,Cell cycle,M1,1,0
1,-2.7,GO:0051961,negative regulation of nervous system development,M1,1,0
1,-2,hsa04726,Serotonergic synapse,M1,1,0
1,-3,GO:0048705,skeletal system morphogenesis,M1,1,0
1,-3.4,GO:0033674,positive regulation of kinase activity,M1,1,0
1,-5.5,GO:0048511,rhythmic process,M1,1,0
1,-4.7,GO:0060415,muscle tissue morphogenesis,M1,1,0
1,-3.5,GO:0001706,endoderm formation,M1,1,0
1,-3.8,GO:0034612,response to tumor necrosis factor,M1,1,0
1,-4.3,WP2877,Vitamin D receptor pathway,M1,1,0
1,-2.4,GO:0048704,embryonic skeletal system morphogenesis,M1,1,0
1,-2.3,GO:0001701,in utero embryonic development,M1,1,0
1,-2.2,GO:1904893,negative regulation of receptor signaling pathway via STAT,M1,1,0
1,-3.9,hsa04924,Renin secretion,M1,1,0
1,-3.9,GO:0022898,regulation of transmembrane transporter activity,M1,1,0
1,-5.5,GO:0045936,negative regulation of phosphate metabolic process,M1,1,0
1,-2.2,GO:0050900,leukocyte migration,M1,1,0
1,-2.7,GO:0050801,monoatomic ion homeostasis,M1,1,0
1,-4.1,GO:0001655,urogenital system development,M1,1,0
1,-2.5,GO:0019934,cGMP-mediated signaling,M1,1,0
1,-3.2,hsa04912,GnRH signaling pathway,M1,1,0
1,-9.5,R-HSA-1280215,Cytokine Signaling in Immune system,M1,1,0
1,-20,GO:0030198,extracellular matrix organization,M1,1,0
1,-3.8,GO:0008037,cell recognition,M1,1,0
1,-2.5,GO:0043370,"regulation of CD4-positive, alpha-beta T cell differentiation",M1,1,0
1,-7.2,GO:0019884,antigen processing and presentation of exogenous antigen,M1,1,0
1,-3.4,GO:0098771,inorganic ion homeostasis,M1,1,0
1,-5.4,WP5236,Markers of kidney cell lineage,M1,1,0
1,-2.4,hsa04068,FoxO signaling pathway,M1,1,0
1,-3,hsa05031,Amphetamine addiction,M1,1,0
1,-2,GO:0044772,mitotic cell cycle phase transition,M1,1,0
1,-2.7,GO:0060740,prostate gland epithelium morphogenesis,M1,1,0
1,-3.3,GO:0001838,embryonic epithelial tube formation,M1,1,0
1,-3.1,WP4155,Endometrial cancer,M1,1,0
1,-4.7,R-HSA-9012852,Signaling by NOTCH3,M1,1,0
1,-5.9,M165,PID SYNDECAN 4 PATHWAY,M1,1,0
1,-2.3,R-HSA-399719,Trafficking of AMPA receptors,M1,1,0
1,-6.9,GO:0060562,epithelial tube morphogenesis,M1,1,0
1,-2.6,GO:0007268,chemical synaptic transmission,M1,1,0
1,-2.5,GO:0051591,response to cAMP,M1,1,0
1,-3.2,GO:0045621,positive regulation of lymphocyte differentiation,M1,1,0
1,-10,GO:0051216,cartilage development,M1,1,0
1,-3.7,GO:0060711,labyrinthine layer development,M1,1,0
1,-4.3,GO:0001938,positive regulation of endothelial cell proliferation,M1,1,0
1,-2.2,hsa04064,NF-kappa B signaling pathway,M1,1,0
1,-3.9,hsa01522,Endocrine resistance,M1,1,0
1,-3.8,GO:0090066,regulation of anatomical structure size,M1,1,0
1,-4.5,GO:0045859,regulation of protein kinase activity,M1,1,0
1,-2.7,GO:0045582,positive regulation of T cell differentiation,M1,1,0
1,-4,hsa05150,Staphylococcus aureus infection,M1,1,0
1,-6.1,GO:0001934,positive regulation of protein phosphorylation,M1,1,0
1,-3.5,WP3286,Copper homeostasis,M1,1,0
1,-4.1,GO:0007413,axonal fasciculation,M1,1,0
1,-5.8,GO:0003206,cardiac chamber morphogenesis,M1,1,0
1,-2.8,hsa04145,Phagosome,M1,1,0
1,-3.1,WP4963,p53 transcriptional gene network,M1,1,0
1,-3.2,GO:0002449,lymphocyte mediated immunity,M1,1,0
1,-5.3,GO:0060071,"Wnt signaling pathway, planar cell polarity pathway",M1,1,0
1,-2,R-HSA-111996,Ca-dependent events,M1,1,0
1,-2.1,GO:0031507,heterochromatin formation,M1,1,0
1,-2.1,GO:0007612,learning,M1,1,0
1,-3.5,GO:0072080,nephron tubule development,M1,1,0
1,-5.1,hsa05410,Hypertrophic cardiomyopathy,M1,1,0
1,-2,GO:0006897,endocytosis,M1,1,0
1,-2.5,GO:0010460,positive regulation of heart rate,M1,1,0
1,-3.1,GO:0072078,nephron tubule morphogenesis,M1,1,0
1,-3.3,GO:0030282,bone mineralization,M1,1,0
1,-11,R-HSA-216083,Integrin cell surface interactions,M1,1,0
1,-2.4,WP3972,PDGFR-beta pathway,M1,1,0
1,-4.5,GO:0001763,morphogenesis of a branching structure,M1,1,0
1,-2.2,WP408,Oxidative stress response,M1,1,0
1,-4.5,hsa04371,Apelin signaling pathway,M1,1,0
1,-7.1,GO:0120039,plasma membrane bounded cell projection morphogenesis,M1,1,0
1,-6.6,GO:0040007,growth,M1,1,0
1,-7,GO:0032970,regulation of actin filament-based process,M1,1,0
1,-2.3,GO:0002064,epithelial cell development,M1,1,0
1,-2.3,GO:1903078,positive regulation of protein localization to plasma membrane,M1,1,0
1,-2.1,GO:0046470,phosphatidylcholine metabolic process,M1,1,0
1,-2.2,GO:0035150,regulation of tube size,M1,1,0
1,-2.9,GO:0050671,positive regulation of lymphocyte proliferation,M1,1,0
1,-3.3,GO:0007613,memory,M1,1,0
1,-4.6,R-HSA-397014,Muscle contraction,M1,1,0
1,-9,M53,PID INTEGRIN3 PATHWAY,M1,1,0
1,-2.1,hsa04218,Cellular senescence,M1,1,0
1,-2.8,GO:0090130,tissue migration,M1,1,0
1,-2.2,GO:0090132,epithelium migration,M1,1,0
1,-2.2,M272,PID CD8 TCR DOWNSTREAM PATHWAY,M1,1,0
1,-3.6,WP363,Wnt signaling pathway,M1,1,0
1,-4.5,GO:0036293,response to decreased oxygen levels,M1,1,0
1,-4.7,GO:0048771,tissue remodeling,M1,1,0
1,-2.5,GO:0006816,calcium ion transport,M1,1,0
1,-3.7,GO:0003018,vascular process in circulatory system,M1,1,0
1,-8.9,GO:0008015,blood circulation,M1,1,0
1,-8,GO:0031344,regulation of cell projection organization,M1,1,0
1,-9.7,GO:0001822,kidney development,M1,1,0
1,-2.8,GO:0048662,negative regulation of smooth muscle cell proliferation,M1,1,0
1,-7.6,GO:1904018,positive regulation of vasculature development,M1,1,0
1,-5,GO:1904062,regulation of monoatomic cation transmembrane transport,M1,1,0
1,-2.4,R-HSA-5576891,Cardiac conduction,M1,1,0
1,-13,R-HSA-913531,Interferon Signaling,M1,1,0
1,-3.5,GO:0071900,regulation of protein serine/threonine kinase activity,M1,1,0
1,-2.2,M277,PID INTEGRIN A4B1 PATHWAY,M1,1,0
1,-3.3,WP4875,Disruption of postsynaptic signaling by CNV,M1,1,0
1,-2.5,GO:0051047,positive regulation of secretion,M1,1,0
1,-2.6,hsa04015,Rap1 signaling pathway,M1,1,0
1,-4.8,WP4255,Non-small cell lung cancer,M1,1,0
1,-2.1,GO:0006351,DNA-templated transcription,M1,1,0
1,-5,R-HSA-2132295,MHC class II antigen presentation,M1,1,0
1,-3.9,GO:0071548,response to dexamethasone,M1,1,0
1,-3.4,GO:0001657,ureteric bud development,M1,1,0
1,-6.7,GO:0032835,glomerulus development,M1,1,0
1,-3.8,GO:0090023,positive regulation of neutrophil chemotaxis,M1,1,0
1,-6.4,GO:0097435,supramolecular fiber organization,M1,1,0
1,-2.1,GO:0016525,negative regulation of angiogenesis,M1,1,0
1,-2.5,GO:1904892,regulation of receptor signaling pathway via STAT,M1,1,0
1,-4.4,hsa04668,TNF signaling pathway,M1,1,0
1,-2.3,hsa04750,Inflammatory mediator regulation of TRP channels,M1,1,0
1,-2.7,GO:0048640,negative regulation of developmental growth,M1,1,0
1,-4.3,GO:0002040,sprouting angiogenesis,M1,1,0
1,-3.7,hsa05220,Chronic myeloid leukemia,M1,1,0
1,-4.6,M23,PID WNT NONCANONICAL PATHWAY,M1,1,0
1,-7.2,GO:0006935,chemotaxis,M1,1,0
1,-2.2,GO:0050771,negative regulation of axonogenesis,M1,1,0
1,-4.3,GO:0048864,stem cell development,M1,1,0
1,-2.2,M5882,NABA PROTEOGLYCANS,M1,1,0
1,-4.3,GO:0051924,regulation of calcium ion transport,M1,1,0
1,-2.5,GO:0032330,regulation of chondrocyte differentiation,M1,1,0
1,-12,GO:0048514,blood vessel morphogenesis,M1,1,0
1,-4.3,GO:0010810,regulation of cell-substrate adhesion,M1,1,0
1,-8.9,R-HSA-8948216,Collagen chain trimerization,M1,1,0
1,-2.4,hsa04330,Notch signaling pathway,M1,1,0
1,-3.7,GO:1901655,cellular response to ketone,M1,1,0
1,-3.1,GO:0070555,response to interleukin-1,M1,1,0
1,-3.4,GO:0003229,ventricular cardiac muscle tissue development,M1,1,0
1,-3.5,GO:0071241,cellular response to inorganic substance,M1,1,0
1,-4.6,hsa05412,Arrhythmogenic right ventricular cardiomyopathy,M1,1,0
1,-5,R-HSA-1566948,Elastic fibre formation,M1,1,0
1,-2.7,R-HSA-392154,Nitric oxide stimulates guanylate cyclase,M1,1,0
1,-3.6,GO:0046649,lymphocyte activation,M1,1,0
1,-5.4,GO:0070482,response to oxygen levels,M1,1,0
1,-2.8,GO:0086003,cardiac muscle cell contraction,M1,1,0
1,-3,GO:0110053,regulation of actin filament organization,M1,1,0
1,-5.9,hsa04672,Intestinal immune network for IgA production,M1,1,0
1,-2.9,GO:0001841,neural tube formation,M1,1,0
1,-3.2,hsa00430,Taurine and hypotaurine metabolism,M1,1,0
1,-2.5,GO:0060675,ureteric bud morphogenesis,M1,1,0
1,-4.9,GO:0002690,positive regulation of leukocyte chemotaxis,M1,1,0
1,-9.5,WP289,Myometrial relaxation and contraction pathways,M1,1,0
1,-3.4,GO:0060670,branching involved in labyrinthine layer morphogenesis,M1,1,0
1,-3.9,R-HSA-112314,Neurotransmitter receptors and postsynaptic signal transmission,M1,1,0
1,-4.9,WP4658,Small cell lung cancer,M1,1,0
1,-2.9,GO:0071294,cellular response to zinc ion,M1,1,0
1,-2.9,GO:0032965,regulation of collagen biosynthetic process,M1,1,0
1,-4.5,hsa05320,Autoimmune thyroid disease,M1,1,0
1,-5.8,GO:0043269,regulation of monoatomic ion transport,M1,1,0
1,-8,GO:0030278,regulation of ossification,M1,1,0
1,-3,GO:0035136,forelimb morphogenesis,M1,1,0
1,-3.2,GO:0045651,positive regulation of macrophage differentiation,M1,1,0
1,-4.6,GO:0072009,nephron epithelium development,M1,1,0
1,-5.8,GO:0010976,positive regulation of neuron projection development,M1,1,0
1,-2,GO:0050795,regulation of behavior,M1,1,0
1,-2.5,WP4336,ncRNAs involved in Wnt signaling in hepatocellular carcinoma,M1,1,0
1,-6.7,GO:0098609,cell-cell adhesion,M1,1,0
1,-6.9,WP2431,Spinal cord injury,M1,1,0
1,-8.4,hsa04270,Vascular smooth muscle contraction,M1,1,0
1,-2.6,GO:0071901,negative regulation of protein serine/threonine kinase activity,M1,1,0
1,-5,WP5284,Cell interactions of the pancreatic cancer microenvironment,M1,1,0
1,-5.5,GO:0003205,cardiac chamber development,M1,1,0
1,-2.2,GO:0045682,regulation of epidermis development,M1,1,0
1,-3.1,GO:0140058,neuron projection arborization,M1,1,0
1,-2.6,hsa05205,Proteoglycans in cancer,M1,1,0
1,-3.1,hsa05143,African trypanosomiasis,M1,1,0
1,-3.1,GO:0007565,female pregnancy,M1,1,0
1,-4.8,GO:0048706,embryonic skeletal system development,M1,1,0
1,-3.4,GO:0001755,neural crest cell migration,M1,1,0
1,-4.1,GO:0071345,cellular response to cytokine stimulus,M1,1,0
1,-8.8,GO:0019886,antigen processing and presentation of exogenous peptide antigen via MHC class II,M1,1,0
1,-20,GO:0045229,external encapsulating structure organization,M1,1,0
1,-8.2,GO:0001525,angiogenesis,M1,1,0
1,-7.2,R-HSA-3906995,Diseases associated with O-glycosylation of proteins,M1,1,0
1,-6.8,GO:0031099,regeneration,M1,1,0
1,-4.3,GO:0007584,response to nutrient,M1,1,0
1,-2,GO:0032414,positive regulation of ion transmembrane transporter activity,M1,1,0
1,-2,GO:0046637,regulation of alpha-beta T cell differentiation,M1,1,0
1,-2.3,GO:0071276,cellular response to cadmium ion,M1,1,0
1,-2.5,GO:0046683,response to organophosphorus,M1,1,0
1,-3.9,GO:0070665,positive regulation of leukocyte proliferation,M1,1,0
1,-5.4,GO:0006954,inflammatory response,M1,1,0
1,-8.7,GO:0040017,positive regulation of locomotion,M1,1,0
1,-2.3,R-HSA-399721,"Glutamate binding, activation of AMPA receptors and synaptic plasticity",M1,1,0
1,-2.9,GO:0099173,postsynapse organization,M1,1,0
1,-3.1,M255,PID HIF1 TFPATHWAY,M1,1,0
1,-4.5,WP5083,Neuroinflammation and glutamatergic signaling,M1,1,0
1,-5.1,R-HSA-1442490,Collagen degradation,M1,1,0
1,-5.4,GO:0002763,positive regulation of myeloid leukocyte differentiation,M1,1,0
1,-4.7,WP236,Adipogenesis,M1,1,0
1,-4,GO:0051347,positive regulation of transferase activity,M1,1,0
1,-5.5,GO:0007178,transmembrane receptor protein serine/threonine kinase signaling pathway,M1,1,0
1,-5.6,GO:0043549,regulation of kinase activity,M1,1,0
1,-2.8,GO:1903532,positive regulation of secretion by cell,M1,1,0
1,-2.4,GO:0021953,central nervous system neuron differentiation,M1,1,0
1,-2.1,WP383,Striated muscle contraction pathway,M1,1,0
1,-2.2,R-HSA-9006931,Signaling by Nuclear Receptors,M1,1,0
1,-2.2,GO:0009954,proximal/distal pattern formation,M1,1,0
1,-2.6,WP4541,Hippo-Merlin signaling dysregulation,M1,1,0
1,-2.1,GO:0014013,regulation of gliogenesis,M1,1,0
1,-3.8,M198,PID SYNDECAN 1 PATHWAY,M1,1,0
1,-2.8,GO:0031644,regulation of nervous system process,M1,1,0
1,-3.5,WP2261,Glioblastoma signaling pathways,M1,1,0
1,-4.2,WP4263,Pancreatic adenocarcinoma pathway,M1,1,0
1,-2.5,GO:0045931,positive regulation of mitotic cell cycle,M1,1,0
1,-9.1,GO:1901342,regulation of vasculature development,M1,1,0
1,-4.7,GO:0043434,response to peptide hormone,M1,1,0
1,-7.1,GO:0044057,regulation of system process,M1,1,0
1,-2.8,WP98,Prostaglandin synthesis and regulation,M1,1,0
1,-2.4,GO:1904427,positive regulation of calcium ion transmembrane transport,M1,1,0
1,-6,GO:0002521,leukocyte differentiation,M1,1,0
1,-2.3,GO:0021545,cranial nerve development,M1,1,0
1,-3.3,GO:0086004,regulation of cardiac muscle cell contraction,M1,1,0
1,-11,GO:0071363,cellular response to growth factor stimulus,M1,1,0
1,-3.8,GO:0010632,regulation of epithelial cell migration,M1,1,0
1,-7.1,GO:0048880,sensory system development,M1,1,0
1,-5.1,GO:1902107,positive regulation of leukocyte differentiation,M1,1,0
1,-2.5,GO:0071280,cellular response to copper ion,M1,1,0
1,-3.7,hsa05214,Glioma,M1,1,0
1,-2.6,GO:0009952,anterior/posterior pattern specification,M1,1,0
1,-6.3,R-HSA-3000170,Syndecan interactions,M1,1,0
1,-6,GO:0010035,response to inorganic substance,M1,1,0
1,-4.2,R-HSA-8878166,Transcriptional regulation by RUNX2,M1,1,0
1,-3.2,WP673,ErbB signaling pathway,M1,1,0
1,-9.9,GO:0061564,axon development,M1,1,0
1,-4.9,GO:0070663,regulation of leukocyte proliferation,M1,1,0
1,-2.1,GO:2000181,negative regulation of blood vessel morphogenesis,M1,1,0
1,-5.9,GO:0048736,appendage development,M1,1,0
1,-2.3,GO:0033137,negative regulation of peptidyl-serine phosphorylation,M1,1,0
1,-2.2,GO:1990806,ligand-gated ion channel signaling pathway,M1,1,0
1,-8.6,GO:0060485,mesenchyme development,M1,1,0
1,-2.5,GO:2000050,regulation of non-canonical Wnt signaling pathway,M1,1,0
1,-3.5,WP4747,Netrin-UNC5B signaling pathway,M1,1,0
1,-2.7,GO:0099536,synaptic signaling,M1,1,0
1,-3.7,GO:0034350,regulation of glial cell apoptotic process,M1,1,0
1,-5.5,GO:0031346,positive regulation of cell projection organization,M1,1,0
1,-2.2,GO:0071375,cellular response to peptide hormone stimulus,M1,1,0
1,-3.7,GO:0045580,regulation of T cell differentiation,M1,1,0
1,-2.3,GO:0035296,regulation of tube diameter,M1,1,0
1,-3.6,GO:0035148,tube formation,M1,1,0
1,-5.6,GO:0007517,muscle organ development,M1,1,0
1,-8.2,M167,PID AP1 PATHWAY,M1,1,0
1,-11,M18,PID INTEGRIN1 PATHWAY,M1,1,0
1,-7.9,GO:0002503,peptide antigen assembly with MHC class II protein complex,M1,1,0
1,-3.8,GO:0045926,negative regulation of growth,M1,1,0
1,-4.1,R-HSA-381426,Regulation of Insulin-like Growth Factor (IGF) transport and uptake by Insulin-like Growth Factor Binding Proteins (IGFBPs),M1,1,0
1,-3.1,GO:0051090,regulation of DNA-binding transcription factor activity,M1,1,0
1,-3.3,WP5098,T-cell activation SARS-CoV-2,M1,1,0
1,-4.1,GO:0014033,neural crest cell differentiation,M1,1,0
1,-5.9,R-HSA-1251985,Nuclear signaling by ERBB4,M1,1,0
1,-10,hsa05200,Pathways in cancer,M1,1,0
1,-3.6,GO:0003015,heart process,M1,1,0
1,-2.5,R-HSA-8848021,Signaling by PTK6,M1,1,0
1,-4.2,hsa05216,Thyroid cancer,M1,1,0
1,-2.2,R-HSA-3858494,Beta-catenin independent WNT signaling,M1,1,0
1,-11,GO:0061448,connective tissue development,M1,1,0
1,-5.4,M115,PID REG GR PATHWAY,M1,1,0
1,-4.3,GO:1901699,cellular response to nitrogen compound,M1,1,0
1,-4.6,GO:0048732,gland development,M1,1,0
1,-2.2,M28,PID IL4 2PATHWAY,M1,1,0
1,-2.7,R-HSA-2559583,Cellular Senescence,M1,1,0
1,-2.9,GO:0045687,positive regulation of glial cell differentiation,M1,1,0
1,-2.4,GO:0061180,mammary gland epithelium development,M1,1,0
1,-2.5,WP5231,Hippocampal synaptogenesis and neurogenesis,M1,1,0
1,-2.8,GO:0032946,positive regulation of mononuclear cell proliferation,M1,1,0
1,-7.9,GO:0010975,regulation of neuron projection development,M1,1,0
1,-2.7,M11,PID PRL SIGNALING EVENTS PATHWAY,M1,1,0
1,-4.8,M169,PID INTEGRIN2 PATHWAY,M1,1,0
1,-2,WP4674,Head and neck squamous cell carcinoma,M1,1,0
1,-2.5,GO:0048477,oogenesis,M1,1,0
1,-2.8,GO:0098815,modulation of excitatory postsynaptic potential,M1,1,0
1,-5.8,R-HSA-422475,Axon guidance,M1,1,0
1,-3,GO:0043588,skin development,M1,1,0
1,-3,GO:0042472,inner ear morphogenesis,M1,1,0
1,-3.1,GO:0060323,head morphogenesis,M1,1,0
1,-3.4,GO:0033673,negative regulation of kinase activity,M1,1,0
1,-5.5,GO:0010563,negative regulation of phosphorus metabolic process,M1,1,0
1,-2.1,GO:0000079,regulation of cyclin-dependent protein serine/threonine kinase activity,M1,1,0
1,-2.4,GO:0045137,development of primary sexual characteristics,M1,1,0
1,-3.6,GO:1990138,neuron projection extension,M1,1,0
1,-6.7,GO:0060840,artery development,M1,1,0
1,-4.7,R-HSA-112316,Neuronal System,M1,1,0
1,-4.1,GO:0106030,neuron projection fasciculation,M1,1,0
1,-3.1,GO:0061548,ganglion development,M1,1,0
1,-2.1,GO:0001570,vasculogenesis,M1,1,0
1,-4.5,GO:0045446,endothelial cell differentiation,M1,1,0
1,-5.1,GO:0010959,regulation of metal ion transport,M1,1,0
1,-2.7,hsa04724,Glutamatergic synapse,M1,1,0
1,-13,GO:0007167,enzyme-linked receptor protein signaling pathway,M1,1,0
1,-4.9,GO:0002688,regulation of leukocyte chemotaxis,M1,1,0
1,-10,GO:0061440,kidney vasculature development,M1,1,0
1,-2,GO:0000278,mitotic cell cycle,M1,1,0
1,-6.4,WP4172,PI3K-Akt signaling pathway,M1,1,0
1,-6.2,M3468,NABA ECM REGULATORS,M1,1,0
1,-3.8,GO:0061299,retina vasculature morphogenesis in camera-type eye,M1,1,0
1,-2.6,WP1533,Vitamin B12 metabolism,M1,1,0
1,-5,hsa05222,Small cell lung cancer,M1,1,0
1,-6.5,GO:0072006,nephron development,M1,1,0
1,-7.1,R-HSA-3781865,Diseases of glycosylation,M1,1,0
1,-3.7,GO:0006469,negative regulation of protein kinase activity,M1,1,0
1,-2.9,GO:0072089,stem cell proliferation,M1,1,0
1,-3.4,GO:0035113,embryonic appendage morphogenesis,M1,1,0
1,-3.9,GO:0071364,cellular response to epidermal growth factor stimulus,M1,1,0
1,-2.5,M226,PID VEGFR1 PATHWAY,M1,1,0
1,-2.8,GO:0010171,body morphogenesis,M1,1,0
1,-4.7,GO:0071559,response to transforming growth factor beta,M1,1,0
1,-3.4,hsa04261,Adrenergic signaling in cardiomyocytes,M1,1,0
1,-5.2,GO:0002687,positive regulation of leukocyte migration,M1,1,0
1,-2.6,R-HSA-202403,TCR signaling,M1,1,0
1,-3.9,GO:0034351,negative regulation of glial cell apoptotic process,M1,1,0
1,-5.2,GO:1905114,cell surface receptor signaling pathway involved in cell-cell signaling,M1,1,0
1,-4.4,R-HSA-5173105,O-linked glycosylation,M1,1,0
1,-2.8,GO:0021782,glial cell development,M1,1,0
1,-2.7,GO:0050770,regulation of axonogenesis,M1,1,0
1,-3.4,WP2814,Mammary gland development pathway - Puberty (Stage 2 of 4),M1,1,0
1,-3,GO:0090090,negative regulation of canonical Wnt signaling pathway,M1,1,0
1,-2.8,GO:1902749,regulation of cell cycle G2/M phase transition,M1,1,0
1,-2.4,GO:0045071,negative regulation of viral genome replication,M1,1,0
1,-2.5,R-HSA-9006927,Signaling by Non-Receptor Tyrosine Kinases,M1,1,0
1,-8,hsa04510,Focal adhesion,M1,1,0
1,-3.6,R-HSA-112315,Transmission across Chemical Synapses,M1,1,0
1,-6.6,GO:0090175,regulation of establishment of planar polarity,M1,1,0
1,-9.2,hsa05166,Human T-cell leukemia virus 1 infection,M1,1,0
1,-2.3,hsa05418,Fluid shear stress and atherosclerosis,M1,1,0
1,-3,R-HSA-449147,Signaling by Interleukins,M1,1,0
1,-2.6,GO:0045581,negative regulation of T cell differentiation,M1,1,0
1,-3.1,GO:0042110,T cell activation,M1,1,0
1,-2.9,GO:0099537,trans-synaptic signaling,M1,1,0
1,-2.7,GO:0043114,regulation of vascular permeability,M1,1,0
1,-5,GO:0042471,ear morphogenesis,M1,1,0
1,-7.5,R-HSA-8874081,MET activates PTK2 signaling,M1,1,0
1,-2.7,GO:0048538,thymus development,M1,1,0
1,-6.5,GO:0030500,regulation of bone mineralization,M1,1,0
1,-7.2,GO:0002501,peptide antigen assembly with MHC protein complex,M1,1,0
1,-3.4,GO:0072171,mesonephric tubule morphogenesis,M1,1,0
1,-4,GO:0071248,cellular response to metal ion,M1,1,0
1,-2.6,GO:0060512,prostate gland morphogenesis,M1,1,0
1,-2.1,GO:0002440,production of molecular mediator of immune response,M1,1,0
1,-2.3,GO:2000045,regulation of G1/S transition of mitotic cell cycle,M1,1,0
1,-2.3,GO:1903539,protein localization to postsynaptic membrane,M1,1,0
1,-4.7,GO:0016055,Wnt signaling pathway,M1,1,0
1,-7.4,GO:0045785,positive regulation of cell adhesion,M1,1,0
1,-2.5,R-HSA-6794361,Neurexins and neuroligins,M1,1,0
1,-7,GO:0007409,axonogenesis,M1,1,0
1,-4.5,GO:0003151,outflow tract morphogenesis,M1,1,0
1,-2.1,GO:0032231,regulation of actin filament bundle assembly,M1,1,0
1,-2.3,GO:2000630,positive regulation of miRNA metabolic process,M1,1,0
1,-7.2,GO:0002396,MHC protein complex assembly,M1,1,0
1,-2.9,GO:1903169,regulation of calcium ion transmembrane transport,M1,1,0
1,-6.7,GO:0051251,positive regulation of lymphocyte activation,M1,1,0
1,-2.5,GO:0062009,secondary palate development,M1,1,0
1,-2.3,GO:2001235,positive regulation of apoptotic signaling pathway,M1,1,0
1,-2.1,GO:0090263,positive regulation of canonical Wnt signaling pathway,M1,1,0
1,-2.6,GO:1903829,positive regulation of protein localization,M1,1,0
1,-2.1,R-HSA-111933,Calmodulin induced events,M1,1,0
1,-3.1,GO:0032868,response to insulin,M1,1,0
1,-3.9,R-HSA-388396,GPCR downstream signalling,M1,1,0
1,-3.2,GO:0030509,BMP signaling pathway,M1,1,0
1,-3.2,GO:0003214,cardiac left ventricle morphogenesis,M1,1,0
1,-5.3,GO:0019932,second-messenger-mediated signaling,M1,1,0
1,-3.8,GO:1905475,regulation of protein localization to membrane,M1,1,0
1,-2.2,hsa04550,Signaling pathways regulating pluripotency of stem cells,M1,1,0
1,-3.5,GO:0097084,vascular associated smooth muscle cell development,M1,1,0
1,-3.1,GO:0050868,negative regulation of T cell activation,M1,1,0
1,-3.4,GO:0015909,long-chain fatty acid transport,M1,1,0
1,-2.8,WP4970,Galanin receptor pathway,M1,1,0
1,-2.1,GO:0003180,aortic valve morphogenesis,M1,1,0
1,-2.2,hsa04929,GnRH secretion,M1,1,0
1,-7.4,GO:0070374,positive regulation of ERK1 and ERK2 cascade,M1,1,0
1,-7.3,GO:0045596,negative regulation of cell differentiation,M1,1,0
1,-2.7,hsa04390,Hippo signaling pathway,M1,1,0
1,-5.7,GO:0070169,positive regulation of biomineral tissue development,M1,1,0
1,-5.4,GO:0022409,positive regulation of cell-cell adhesion,M1,1,0
1,-2.2,GO:0046903,secretion,M1,1,0
1,-2,GO:0071260,cellular response to mechanical stimulus,M1,1,0
1,-2.1,GO:0097305,response to alcohol,M1,1,0
1,-3,GO:0002693,positive regulation of cellular extravasation,M1,1,0
1,-3,GO:1903076,regulation of protein localization to plasma membrane,M1,1,0
1,-3,GO:0001649,osteoblast differentiation,M1,1,0
1,-3.4,GO:0001667,ameboidal-type cell migration,M1,1,0
1,-3.8,GO:0008038,neuron recognition,M1,1,0
1,-3.4,R-HSA-5140745,"WNT5A-dependent internalization of FZD2, FZD5 and ROR2",M1,1,0
1,-2.1,GO:0014059,regulation of dopamine secretion,M1,1,0
1,-2.3,GO:0035456,response to interferon-beta,M1,1,0
1,-2.6,GO:0045649,regulation of macrophage differentiation,M1,1,0
1,-3.7,GO:0060384,innervation,M1,1,0
1,-7.7,R-HSA-419037,NCAM1 interactions,M1,1,0
1,-5.5,GO:0099177,regulation of trans-synaptic signaling,M1,1,0
