Description,Maro1_s,Maro1_Hits,Maro2_s,Maro2_Hits,Maro3_s,Maro3_Hits,des
Hemostasis,4.153079477710465,RHOB|CD2|CD9|CD48|CD74|CXADR|FN1|HGF|HSPA5|IRF1|ITGA4|ITGAL|ITGAX|KCNMA1|OLR1|SERPINE1|SERPINA1|PLAUR|SRGN|PRKCA|PRKCB|PRKCE|PRKCH|RAD51B|S100A10|SLC8A1|SPN|TGFB2|THBD|TIMP1|TUBA1A|TNFRSF10B|DOCK4|APBB1IP|DOCK10|JAML|DGKH,2.356472941980188,ACTN2|SERPING1|CD36|CENPE|CFD|F13A1|IGF1|PDE9A|PRKCG|PRKCQ|SLC8A1|TTN|YES1|PIK3R3|GNA14|KCNMB4,2.670977672215032,ANGPT1|ANGPT2|RHOB|SERPING1|CAV1|CD9|CLU|COL1A1|COL1A2|DGKG|CFD|DOCK3|F3|FN1|FYN|GUCY1A2|GUCY1A1|GUCY1B1|HSPA5|IGF1|IRF1|ISLR|ITGA1|KCNMA1|SERPINE1|PCDH7|PDE1A|SERPINE2|PPP2R5D|PRKCA|PRKCE|PRKCH|PRKG1|RARRES2|S100A10|SDC2|SPARC|TFPI|TGFB2|THBS1|TIMP1|TIMP3|TSPAN7|VEGFC|WEE1|YES1|TUBA1A|PDE5A|DGKI|GNA14|TUBB3|PROCR|PDE10A|DOCK9|ZFPM2|CARMIL1,Hemostasis
cyclic-nucleotide-mediated signaling,5.163287999315713,APOE|DEFB1|EDNRB|PDE3A,10.162289562289562,CD36|HTR2B|PDE9A|AKAP6|PDE7B|ADGRG6,6.582052120815614,ADCY2|ADM|APOE|AQP1|DEFB1|GUCY1A2|GUCY1A1|GUCY1B1|NPR2|PDE3A|PRKG1|PDE7B,cyclic-nucleotide-mediated signaling
response to peptide hormone,2.64461092647878,ANXA1|COL3A1|CTSK|EDNRB|FBP1|NR4A1|INSIG1|NFKB1|NR4A2|PDE3B|PPARG|TIMP1|NR4A3|SYAP1,2.974328652377433,ACTN2|CYP1B1|GCNT1|IGF1R|PDK4|CXCL12|BTG2|BCAR3|PIK3R3|KL|HDAC9|RETN,2.568605705684142,ADM|CAV1|CAV2|CDO1|COL1A1|COL3A1|CCN2|CTSK|CYP1B1|EDNRA|EGR1|FBN1|FOXO1|FOS|GAB1|GHR|IGF1R|IGFBP5|INSIG1|MAP1B|NPR2|DDR2|ENPP1|PPARG|PRKCI|RARRES2|CXCL12|TIMP1|PLCB1|ERRFI1|SYAP1|STXBP4,response to peptide hormone
monoatomic ion homeostasis,2.612195999653807,APOE|BCL2|EDNRB|HMOX1|KCNMA1|PRKCB|S100A8|S100A9|CCL3|SLC1A3|SLC8A1|SOD2|RAB39A|CNNM2|SLC39A8|SLC9A7|MCU|TMTC2|CCR2,3.788309126770665,CACNB4|GPR12|GRIK2|HTR2B|NEO1|PRKN|PDK4|RYR1|CCL8|CCL13|CCL14|CXCL12|SLC8A1|TFRC|FZD9|KL|SV2B|SLC40A1|FAM20A|RAB20|SLC9A9,1.8110380095735272,ADM|ANK2|ANK3|APOE|CACNB4|CAV1|CAV2|CKB|CP|DMPK|EDNRA|EXT1|KCNMA1|MT2A|NEO1|PRKN|PLN|RYR2|CXCL12|SGCD|SOD2|TRPC1|SV2B|FAM20A|CNNM2|SLC24A3|STEAP4|MCU|TMTC2|MICU3|SCARA5,monoatomic ion homeostasis
positive regulation of cell adhesion,5.639981600912288,ANXA1|BCL6|CD1D|CD28|CD74|CDK6|CD55|FN1|HLA-DOA|HLA-DPA1|HLA-DPB1|HLA-DQA1|HLA-DQA2|HLA-DQB1|HLA-DRA|HLA-DRB1|HLA-DRB5|IL1B|ITGA4|NEDD9|PLAUR|PRKCA|PRKCE|S100A10|TGFB2|TNF|NR4A3|ADAM19|RIPK2|CD83|MAP4K4|FERMT2|APBB1IP|CASS4|NFKBIZ|NLRP3|IL4I1|FMN1|CCR2,3.795045894630957,CD36|CR1|FOXO3|GCNT1|IGF1|IL2RA|IL7|PRKCQ|CCL2|CXCL12|TFRC|TPM1|YES1|PLPP3|VNN1|MAGI1|CD209|EPB41L5|PDCD1LG2|FMN1,3.625590950366277,ANGPT1|ANK3|BCL6|CAV1|CD70|CDH13|CDK6|COL8A1|CSF1|CD55|DPP4|ECM2|FBLN2|FN1|FYN|GLI3|HAS2|HES1|HYAL1|IGF1|IGFBP2|CCN1|LAMA2|LAMB1|SMAD3|MDK|MYOC|NEDD9|VIT|PRKCA|PRKCE|S100A10|CCL2|CXCL12|SFRP1|SFRP2|SOX4|TGFB2|THY1|TPM1|VCAM1|YES1|ZBTB16|PLPP3|RIPK2|MAGI1|CYTH3|MAP4K4|EDIL3|CITED2|FERMT2|EMILIN1|ABI3BP|CARMIL1|EPB41L5|NFKBIZ|CCDC80|VWC2|CD24,positive regulation of cell adhesion
regulation of leukocyte activation,5.711563564460442,ANXA1|BCL2|BCL6|CD1D|CD2|CD28|CD74|CDKN1A|CD55|GPR183|FCGR3A|FN1|HLA-DOA|HLA-DPA1|HLA-DPB1|HLA-DQA1|HLA-DQA2|HLA-DQB1|HLA-DRA|HLA-DRB1|HLA-DRB5|HMOX1|ID2|IL1B|IRF1|JUNB|LDLR|LGALS3|NEDD9|CCL3|SPN|TNF|TNFAIP3|NR4A3|RIPK2|CD83|RIPOR2|GPNMB|BATF|ADGRE2|TREM2|PAG1|SAMSN1|NFKBIZ|CLEC7A|NLRP3|SHLD1|IL4I1|CCR2,2.752994831255701,CTSC|CR1|FOXO3|IGF1|IL2RA|IL7|IRF4|LMO1|PRKCQ|CCL2|TFRC|YES1|VNN1|CD209|PELI1|PDCD1LG2|TSLP|CLEC4G,1.882158716821856,BCL6|CAV1|CD70|CD55|DPP4|FGF10|FN1|FYN|GLI3|HES1|ID2|IGF1|IGFBP2|IRF1|JUNB|KLRD1|LGALS3|MDK|NEDD9|PLA2G2A|RORA|CCL2|SFRP1|SOX4|ZEB1|THBS1|THY1|VCAM1|YES1|ZBTB16|PDE5A|RIPK2|GPNMB|NFKBIZ|ZBTB46|LRFN5|APLF|CD24,regulation of leukocyte activation
regulation of trans-synaptic signaling,2.2853897701889223,APOE|CX3CR1|FABP5|IL1B|PRKCB|PRKCE|SLC1A3|TNF|DYSF|EIF4A3|NSMF|SIPA1L1|TSHZ3|NETO2|SYAP1|CCR2,3.93580476900149,CACNB4|GRIA4|GRIK2|GRIK3|HIP1|HRH1|NPTX2|PRKN|PLCL1|PRKCG|CCL2|SYT1|SYN3|DLGAP2|SNCAIP|SV2B|KCNMB4|MCTP2|RETN|CELF4|LRRC4C,2.245720651876639,APOE|CACNB4|DMPK|FYN|HIP1|LAMA2|MAP1B|NTRK2|PRKN|SERPINE2|PLCL1|PRKCE|PTN|PTPRD|CCL2|SNCG|CDKL5|SYN3|CASK|DGKI|DLGAP2|AKAP12|SNCAIP|EIF4A3|SV2B|NLGN4Y|NLGN1|SHANK2|PLCB1|SIPA1L1|TSHZ3|LRRC4C|CLSTN2|USP46|TMEM108|SYAP1|CNTN4,regulation of trans-synaptic signaling
Complement system,7.18601938049094,C3|CD55|FCGR3A|FCN1|ITGAX|PLAUR|PRKCA|SPP1|CD93|C5AR2,5.657357075913777,SERPING1|CR1|CFD|F13A1|FCER2|CFP,3.969588134718695,ADM|CFB|SERPING1|C1S|C3|CD55|DCN|CFD|CFH|CFI|LAMB1|PRKCA|THBS1,Complement system
response to transforming growth factor beta,4.14907071373584,COL3A1|CTSK|CX3CR1|PDE3A|TGFB2|CLDN1|FERMT2|HIPK2|CHST11|NFKBIZ,3.810858585858585,HPGD|IGF1R|SOX5|YES1|USP9Y|WWOX|EPB41L5,6.875893733352025,ACTA2|CAV1|CAV2|COL1A1|COL1A2|COL3A1|COL4A2|CTSK|FBN1|FMOD|FOS|FYN|ID1|IGF1R|ITGB8|JUN|LTBP3|SMAD3|DDR2|PDE3A|PTPRK|SFRP1|SOX5|ZEB1|TGFB2|YES1|USP9Y|LTBP4|CILP|ITGA8|CITED2|FERMT2|MXRA5|HIPK2|WWOX|SOX6|EPB41L5|NFKBIZ|PDGFD,response to transforming growth factor beta
response to peptide,3.2100704995745715,ANXA1|COL3A1|CTSK|EDNRB|FBP1|NR4A1|INSIG1|ITGA4|MMP2|NFKB1|NFKBIA|NR4A2|PDE3B|PPARG|TIMP1|TNF|TNFAIP3|NR4A3|RIPK2|TREM2|SYAP1,3.0085725677830943,ACTN2|CALCR|CD36|CYP1B1|GCNT1|IGF1|IGF1R|PDK4|CXCL12|BTG2|BCAR3|PIK3R3|KL|HDAC9|RETN,2.663132930461581,ADM|CACNA2D1|CAV1|CAV2|CDO1|COL1A1|COL3A1|CCN2|CTSK|CYP1B1|EDNRA|EGR1|FBN1|FOXO1|FOS|FYN|GAB1|GHR|ID1|IGF1|IGF1R|IGFBP5|INSIG1|MAP1B|MMP2|MMP3|NFKBIA|NPR2|DDR2|ENPP1|PPARG|PRKCI|RARRES2|CXCL12|TIMP1|VCAM1|RIPK2|PLCB1|ERRFI1|SYAP1|STXBP4,response to peptide
lipid transport,2.861763729826011,PLIN2|ANXA1|APOC1|APOE|CES1|FABP5|ACSL1|LDLR|MSR1|PPARG|RBP4|ABCC3|PITPNC1|ATP10A,2.682129209988448,ABCD2|CD36|ABCA9|ATP8A1|ABCA6|OSBP2|APOL4|OSBPL6|RBP7|XKR6,2.0846382083521595,PLIN2|APOC1|APOD|APOE|CAV1|CES1|CLU|CRABP2|AKR1C1|FABP4|PLA2G2A|PPARG|RBP4|UGCG|ABCA10|ABCA8|GULP1|LIMA1|ATP10A|APOLD1|OSBPL6|OSBPL10|SELENOM|PRELID2,lipid transport
regulation of cell-cell adhesion,5.110708691787039,ANXA1|BCL6|CD1D|CD9|CD28|CD74|CD55|HLA-DOA|HLA-DPA1|HLA-DPB1|HLA-DQA1|HLA-DQA2|HLA-DQB1|HLA-DRA|HLA-DRB1|HLA-DRB5|IL1B|IRF1|ITGA4|LGALS3|PLAUR|PRKCA|SPN|TNF|NR4A3|ADAM19|RIPK2|CD83|RIPOR2|GPNMB|RGCC|PAG1|NFKBIZ|NLRP3|IL4I1|CCR2,3.911757082021848,CR1|FOXO3|GCNT1|IGF1|IL2RA|IL7|PRKCQ|CCL2|CXCL12|TFRC|YES1|PLPP3|VNN1|MAGI1|KLF4|CD209|PELI1|EPB41L5|PDCD1LG2|CLEC4G|NEXMIF,2.4732965708563768,ANK3|BCL6|CAV1|CD9|CD70|CD55|DPP4|EFNA5|FYN|GLI3|HAS2|HES1|IGF1|IGFBP2|IRF1|LGALS3|MDK|SERPINE2|PLA2G2A|PRKCA|PRKG1|CCL2|CXCL12|SOX4|THY1|VCAM1|YES1|ZBTB16|PLPP3|PDE5A|RIPK2|MAGI1|KLF4|CITED2|GPNMB|EMILIN1|RGCC|TENM3|EPB41L5|NFKBIZ|CD24,regulation of cell-cell adhesion
positive regulation of MAPK cascade,3.379606690461194,APOE|CD74|GPR183|FLT3|HGF|HLA-DRB1|IL1B|GADD45B|PRKCA|PRKCE|MAP2K6|CCL3|CCL3L1|CCL4|TGFB2|TNF|RIPK2|GPNMB|FERMT2|HIPK2|TREM2|NEK10|SCIMP|NCF1,3.141071319253137,CALCR|CD36|HTR2B|IGF1|IGF1R|IGFBP4|CCL2|CCL8|CCL13|CCL14|CCL18|BCAR3|MARCO|KL|ARHGAP8|PDGFC|PELI2,2.9918418730980068,ACTA2|ANGPT1|APOE|CAV2|CHI3L1|CCN2|EGFR|ERBB4|FGF10|GHR|IGF1|IGF1R|IGFBP4|IGFBP6|ITGA1|JUN|MID1|GADD45B|NTRK2|DDR2|PDGFRA|PDGFRB|PLA2G2A|PRKCA|PRKCE|MAP2K6|ROBO1|CCL2|TGFB2|THBS1|PDE5A|RIPK2|AKAP12|SEMA3A|GPNMB|FERMT2|ANKRD6|TNIK|PLCB1|SASH1|HIPK2|NOX4|CDON|ACKR3|GAREM1|PDGFD|NEK10|BMPER|SH3RF3|CD24,positive regulation of MAPK cascade
NABA ECM REGULATORS,3.514506957517418,CSTB|CTSK|CTSL|MMP2|MMP19|SERPINE1|SERPINA1|SERPINB9|TIMP1|ADAM19|ADAM28|P3H2,3.4585943468296407,SERPING1|CTSC|CTSD|F13A1|MMP16|SERPINI2|HTRA1|CPAMD8|FAM20A,3.733516959286168,SERPING1|CTSK|HYAL1|LOXL1|MMP2|MMP3|MMP19|PCSK6|SERPINE1|PCSK5|SERPINE2|HTRA1|SLPI|TIMP1|TIMP3|ADAM12|ADAMTS3|ADAMTS5|ADAMTS7|ADAMTS6|SULF1|FAM20A|ADAMTSL3|MMP28|ITIH5|ADAMTS12|ADAMTSL1|ADAMTS17|ADAMTS19|HTRA4,NABA ECM REGULATORS
cGMP-mediated signaling,7.744931998973569,APOE|EDNRB|PDE3A,10.162289562289562,CD36|HTR2B|PDE9A,8.776069494420819,APOE|AQP1|GUCY1A2|GUCY1A1|GUCY1B1|NPR2|PDE3A|PRKG1,cGMP-mediated signaling
modulation of chemical synaptic transmission,2.146952402179531,APOE|CX3CR1|IL1B|PRKCB|PRKCE|SLC1A3|TNF|DYSF|EIF4A3|NSMF|SIPA1L1|TSHZ3|NETO2|SYAP1|CCR2,3.9438865036400967,CACNB4|GRIA4|GRIK2|GRIK3|HIP1|HRH1|NPTX2|PRKN|PLCL1|PRKCG|CCL2|SYT1|SYN3|DLGAP2|SNCAIP|SV2B|KCNMB4|MCTP2|RETN|CELF4|LRRC4C,2.2503319879174533,APOE|CACNB4|DMPK|FYN|HIP1|LAMA2|MAP1B|NTRK2|PRKN|SERPINE2|PLCL1|PRKCE|PTN|PTPRD|CCL2|SNCG|CDKL5|SYN3|CASK|DGKI|DLGAP2|AKAP12|SNCAIP|EIF4A3|SV2B|NLGN4Y|NLGN1|SHANK2|PLCB1|SIPA1L1|TSHZ3|LRRC4C|CLSTN2|USP46|TMEM108|SYAP1|CNTN4,modulation of chemical synaptic transmission
receptor-mediated endocytosis,3.896518583334528,APOE|CD9|CTSL|CXCL8|ITGA4|LDLR|MSR1|SORL1|DNM3,5.680782985130811,CD36|HTR2B|MRC1|ITSN1|TFRC|MARCO|FCHSD2|CALCRL|FNBP1L|STON2,2.94352641427779,ADM|APOE|CAV1|CAV2|CD9|DPP4|HSPG2|NEDD4|MAGI2|CALCRL|RAMP2|LRP1B|FNBP1L|ACKR3|TMEM108|SLC9B2,receptor-mediated endocytosis
negative regulation of cell adhesion,4.4682299994078285,ANXA1|BCL6|CD9|CD74|GBP1|HLA-DRB1|IRF1|LGALS3|MMP2|SERPINE1|PDE3B|SPN|MAP4K4|RIPOR2|PLXNC1|GPNMB|KANK1|RGCC|PAG1|IL4I1,3.5177156177156177,CR1|CYP1B1|IL2RA|PLXNA2|CXCL12|KLF4|PELI1|SEMA6A|EPB41L5|PDCD1LG2|CLEC4G|NEXMIF,3.6074708739085577,ANGPT1|ANGPT2|APOD|BCL6|CD9|CDH13|COL1A1|CYP1B1|DAB1|DUSP1|EFNA5|FBLN1|GBP1|GLI3|IRF1|LGALS3|MDK|MMP2|MYOC|SERPINE1|SERPINE2|PLA2G2A|PLXNA2|PRKG1|CXCL12|THBS1|CASK|PDE5A|SEMA5A|KLF4|MAP4K4|SEMA3E|PLXNC1|DLC1|GPNMB|KANK1|RGCC|EPB41L5,negative regulation of cell adhesion
PID TXA2PATHWAY,4.978884856483009,PRKCA|PRKCB|PRKCE|PRKCH,6.5329004329004325,PRKCG|PRKCQ|YES1|GNA14,4.231319220524323,EGFR|FYN|PRKCA|PRKCE|PRKCH|VCAM1|YES1|GNA14,PID TXA2PATHWAY
Response to elevated platelet cytosolic Ca2+,5.722001999241668,CD9|FN1|HGF|HSPA5|SERPINE1|SERPINA1|SRGN|PRKCA|PRKCB|TGFB2|TIMP1,5.460334690185436,ACTN2|SERPING1|CD36|CFD|F13A1|IGF1|PRKCG|TTN,3.9787031476572,SERPING1|CD9|CLU|CFD|FN1|HSPA5|IGF1|ISLR|SERPINE1|PCDH7|PRKCA|RARRES2|SPARC|TGFB2|THBS1|TIMP1|TIMP3|VEGFC,Response to elevated platelet cytosolic Ca2+
cellular response to tumor necrosis factor,4.521365707508894,BIRC3|CTSK|GBP1|CXCL8|NFKB1|NFKBIA|CCL3|CCL3L1|CCL4|TNF|CLDN1|ST18,3.9550532350532346,CYP1B1|FOXO3|CCL2|CCL8|CCL13|CCL14|CCL18|TNFRSF25,3.5222873511391666,CD70|CHI3L1|COL1A1|CTSK|CYP1B1|EXT1|FABP4|FOS|GBP1|HAS2|HES1|HYAL1|NFKBIA|RORA|CCL2|SFRP1|THBS1|VCAM1|AKAP12|ADAMTS7|PID1|ADAMTS12,cellular response to tumor necrosis factor
complement activation,5.808698999230177,C3|CD55|FCN1|RGCC,9.527146464646464,SERPING1|C4BPB|CR1|CFD|CFP,6.787741249591103,CFB|SERPING1|C1R|C1S|C3|CLU|CD55|CFD|CFH|CFI|RGCC,complement activation
positive regulation of binding,3.1683812723073697,APOE|HMGB2|PLAUR|PPARG|S100A10|RIPK2|RIPOR2|HIPK2,3.6376377410468312,IGF1|IRF4|STMN1|PRKN|PLCL1|KLF4|EPB41L5,2.860948791149969,APOE|CAV1|H1-0|HMGB2|HES1|IGF1|PRKN|PLCL1|PPARG|S100A10|TCF7L2|RIPK2|KLF4|HIPK2|EPB41L5|EBF2|CTHRC1,positive regulation of binding
regulation of small GTPase mediated signal transduction,3.274702791512315,APOE|BCL6|COL3A1|FBP1|TGFB2|MAP4K4|RIPOR2|ARHGAP26|RAP1GAP2|KANK1|SIPA1L1|ARHGAP15|TAGAP|P2RY8,3.069147854382754,IGF1|STMN1|ITSN1|FAM13A|PSD3|ARHGAP8|AUTS2|PLEKHG5|GARNL3|STARD13,3.0811955397777795,APOE|BCL6|CHN1|COL3A1|CSF1|DOCK3|FGF10|IGF1|MYOC|PDGFRB|ROBO1|TGFB2|CYTH3|SLIT2|ARHGAP29|MAP4K4|FAM13A|SPRY1|DLC1|MAPRE2|KANK1|PSD3|PLEKHG4|SIPA1L1|AUTS2|CDON|ARHGAP20|GARNL3|SYDE1|ARHGAP42|SCAI,regulation of small GTPase mediated signal transduction
circulatory system process,4.083691417640609,APOE|EDNRB|FABP5|GCH1|GSN|HMOX1|HTR7|ID2|MMP2|OLR1|PDE3A|PKP2|PPARG|MAP2K6|RGS2|SGK1|SLC1A3|SLC2A3|SLC8A1|SOD2|TNF|CXCR4|ABCC3|IER3|DOCK4|FERMT2|TBC1D8|RNLS|SUCNR1,3.141071319253137,SERPING1|CD36|DMD|HRH1|HTR2B|LRP5|CXCL12|SLC8A1|TFRC|TPM1|TTN|YES1|KL|ATP8A1|KCNMB4|IMMP2L|NAV2,3.470536572793688,ACTA2|ADM|ANGPT1|ANK2|APOE|SERPING1|CACNA1C|CACNA2D1|CAV1|CD34|COL1A2|COMP|DMD|EDNRA|ELN|EXT1|FYN|GSN|GUCY1A1|GUCY1B1|ID2|ITGA1|LEPR|LRP5|SMAD3|MMP2|NPR2|PCSK5|PDE3A|PLN|PPARG|PRKG1|MAP2K6|RYR2|CXCL12|SGCD|SLC2A3|SOD2|SOD3|NR2F2|TPM1|VEGFC|YES1|IER3|SLIT2|AKAP12|GJC1|ABCC9|RAMP2|FERMT2|EMILIN1|TBC1D8|PTP4A3|NOX4|SLC24A3|IMMP2L|NCALD|ARHGAP42,circulatory system process
Melanoma,5.808698999230177,CDK6|CDKN1A|DDB2|HGF|MITF|GADD45B,5.081144781144781,IGF1|IGF1R|PIK3R3|PDGFC,3.049038850083704,CCND1|CDK6|DDB2|ERBB4|FOS|MITF|GADD45B,Melanoma
regulation of secretion,2.87213009153695,ANXA1|APOE|CD74|CES1|EDNRB|HLA-DRB1|HMOX1|IL1B|PPARG|PRKCB|PRKCE|MAP2K6|RBP4|S100A8|S100A10|SGK1|SPP1|TGFB2|TNF|DYSF|RGCC|ADGRE2|SYT17|TREM2|MCU|CCR2,2.3191278874321664,CACNB4|IGF1|LRP5|PRKN|PRKCG|RFX3|CXCL12|SYT1|TTN|RPH3AL|SNCAIP|SV2B|KCNMB4|MCTP2|RETN|CADPS2,1.6898453939336442,APOE|AQP1|CACNB4|CES1|EFNA5|FGF10|FOXO1|IGF1|LRP5|CCN3|PRKN|PPARG|PRKCE|MAP2K6|RBP4|S100A10|CXCL12|SFRP1|SNCG|SOX4|TCF7L2|TGFB2|VEGFC|CASK|MYOM1|SNCAIP|SV2B|NLGN1|PLCB1|RGCC|STXBP6|MCU|CADPS2|C1QTNF3|SLC9B2|STXBP4,regulation of secretion
regulation of anatomical structure size,2.8335117069415494,APOE|CAPG|EDNRB|FN1|GCH1|GSN|HTR7|IFRD1|KCNMA1|MMP2|PRKCE|RGS2|SLC8A1|SOD2|SPP1|TNF|DOCK4|RAP1GAP2|KANK1|FMN1,2.416642030056664,ACTN2|FGF13|HRH1|HTR2B|CXCL12|SLC8A1|FCHSD2|DAAM2|KCNMB4|SEMA6A|DIP2B|SPTBN4|FMN1,2.4682695453058554,ADM|APOE|AQP1|CAV1|COMP|CRABP2|EDNRA|EFNA5|ELN|EXT1|FN1|GSN|GUCY1A1|IFRD1|ITGA1|KCNMA1|MAP1B|MMP2|PRKCE|PRKG1|CXCL12|SOD2|SOD3|SPTBN1|CDKL5|SEMA5A|SLIT2|NTN1|ULK2|SEMA3E|SEMA3A|OLFM1|SEMA3C|CIT|KANK1|DAAM2|LMOD1|LIMA1|CARMIL1|PLEKHH2|ARHGAP42,regulation of anatomical structure size
Pathways in cancer,3.1504808131417907,BIRC3|BCL2|BRCA2|CDK6|CDKN1A|CKS2|DDB2|EDNRB|FLT3|FN1|HGF|HMOX1|CXCL8|MITF|MMP2|GADD45B|NFKB1|NFKBIA|PPARG|PRKCA|PRKCB|PTGER4|TGFB2|CXCR4,2.239148547623124,CCND3|IGF1|IGF1R|IL2RA|IL7|IL12RB2|LRP5|PRKCG|CXCL12|SKP2|FZD9|PIK3R3|PLEKHG5,2.677444930501266,ADCY2|ADCY9|CCND1|RUNX1T1|CCND2|CDK6|CKS1B|COL4A1|COL4A2|DDB2|EDNRA|EGFR|ESR1|MECOM|FGF7|FGF10|FOXO1|FN1|FOS|GLI3|HES1|IGF1|IGF1R|JUN|LAMA2|LAMA4|LAMB1|LRP5|SMAD3|MGST1|MITF|MMP2|GADD45B|NFKBIA|NOTCH3|PDGFRA|PDGFRB|PPARG|PRKCA|MAPK8|MAPK10|PTGER4|CXCL12|TCF7L2|TGFB2|VEGFC|ZBTB16|PLCB1,Pathways in cancer
positive regulation of cell activation,5.838184780952157,ANXA1|BCL2|BCL6|CD1D|CD2|CD28|CD74|CDKN1A|CD55|GPR183|FCGR3A|HLA-DOA|HLA-DPA1|HLA-DPB1|HLA-DQA1|HLA-DQA2|HLA-DQB1|HLA-DRA|HLA-DRB1|HLA-DRB5|IL1B|CCL3|TNF|NR4A3|RIPK2|CD83|TREM2|NFKBIZ|CLEC7A|NLRP3|SHLD1|IL4I1|CCR2,3.4820027688047994,CTSC|CR1|FOXO3|IGF1|IL2RA|IL7|PRKCQ|CCL2|TFRC|YES1|VNN1|CD209|PELI1|PDCD1LG2|TSLP,1.9545687769934688,ACTA2|BCL6|CAV1|CD70|CCN2|CD55|DPP4|FGF10|FYN|GLI3|HES1|IGF1|IGFBP2|MDK|DDR2|PDGFRB|CCL2|SOX4|THBS1|THY1|VCAM1|YES1|ZBTB16|RIPK2|NFKBIZ|CD24,positive regulation of cell activation
positive regulation of T cell activation,6.158620625689827,ANXA1|BCL6|CD1D|CD28|CD74|CD55|HLA-DOA|HLA-DPA1|HLA-DPB1|HLA-DQA1|HLA-DQA2|HLA-DQB1|HLA-DRA|HLA-DRB1|HLA-DRB5|IL1B|RIPK2|CD83|NFKBIZ|NLRP3|IL4I1|CCR2,4.407740051113545,CR1|FOXO3|IGF1|IL2RA|IL7|PRKCQ|CCL2|TFRC|YES1|VNN1|CD209|PDCD1LG2,2.3790549834273307,BCL6|CAV1|CD70|CD55|DPP4|FYN|GLI3|HES1|IGF1|IGFBP2|MDK|CCL2|SOX4|THY1|VCAM1|YES1|ZBTB16|RIPK2|NFKBIZ|CD24,positive regulation of T cell activation
cellular response to transforming growth factor beta stimulus,4.329465092593921,COL3A1|CTSK|CX3CR1|PDE3A|TGFB2|CLDN1|FERMT2|HIPK2|CHST11|NFKBIZ,3.9765480895915672,HPGD|IGF1R|SOX5|YES1|USP9Y|WWOX|EPB41L5,6.990875233909752,ACTA2|CAV1|CAV2|COL1A1|COL1A2|COL3A1|COL4A2|CTSK|FBN1|FMOD|FOS|FYN|ID1|IGF1R|ITGB8|JUN|LTBP3|SMAD3|DDR2|PDE3A|PTPRK|SFRP1|SOX5|ZEB1|TGFB2|YES1|USP9Y|LTBP4|CILP|ITGA8|CITED2|FERMT2|HIPK2|WWOX|SOX6|EPB41L5|NFKBIZ|PDGFD,cellular response to transforming growth factor beta stimulus
regulation of neuron apoptotic process,3.81941852004176,APOE|BCL2|CX3CR1|HMOX1|NR4A2|CCL3|SOD2|TGFB2|TNF|NSMF|HIPK2|TREM2,3.7586550435865504,FOXO3|GABRB2|GRIK2|PRKN|PRKCG|CCL2|BTG2|FZD9|OXR1,2.569705280044452,ANGPT1|APOE|CCND1|ITGA1|JUN|MDK|NTRK2|PRKN|PRKCI|CCL2|SOD2|TGFB2|ALKBH1|CRLF1|SEMA3E|NUPR1|HIPK2|RETREG1|OXR1,regulation of neuron apoptotic process
response to tumor necrosis factor,4.624935696069525,BIRC3|CTSK|GBP1|GCH1|CXCL8|NFKB1|NFKBIA|CCL3|CCL3L1|CCL4|TNF|TUBA1A|CLDN1|ST18,3.9011632916846186,CYP1B1|FOXO3|AFF3|CCL2|CCL8|CCL13|CCL14|CCL18|TNFRSF25,3.369012459943537,CD70|CHI3L1|COL1A1|CTSK|CYP1B1|EXT1|FABP4|FOS|GBP1|HAS2|HES1|HYAL1|AFF3|NFKBIA|RORA|CCL2|SFRP1|THBS1|VCAM1|TUBA1A|AKAP12|ADAMTS7|PID1|ADAMTS12,response to tumor necrosis factor
regulation of neuron death,3.197448990401932,APOE|BCL2|CX3CR1|HMOX1|NR4A2|CCL3|SOD2|SORL1|TGFB2|TNF|NR4A3|GPNMB|NSMF|HIPK2|TREM2,2.796960429987953,FOXO3|GABRB2|GRIK2|PRKN|PRKCG|CCL2|BTG2|FZD9|RRAS2|OXR1,2.807939666219505,ANGPT1|APOE|CCND1|CD34|CLU|CSF1|EGR1|FOS|FYN|GHR|ITGA1|JUN|MDK|NTRK2|DDR2|PRKN|PRKCI|CCL2|SNCG|SOD2|TGFB2|ALKBH1|CRLF1|SEMA3E|GPNMB|RRAS2|NUPR1|HIPK2|RETREG1|DDIT4|OXR1,regulation of neuron death
positive regulation of cell-cell adhesion,5.862985905765038,ANXA1|BCL6|CD1D|CD28|CD74|CD55|HLA-DOA|HLA-DPA1|HLA-DPB1|HLA-DQA1|HLA-DQA2|HLA-DQB1|HLA-DRA|HLA-DRB1|HLA-DRB5|IL1B|ITGA4|PLAUR|TNF|NR4A3|ADAM19|RIPK2|CD83|NFKBIZ|NLRP3|IL4I1|CCR2,4.273860096290004,CR1|FOXO3|GCNT1|IGF1|IL2RA|IL7|PRKCQ|CCL2|TFRC|YES1|PLPP3|VNN1|MAGI1|CD209|PDCD1LG2,2.399065726278588,ANK3|BCL6|CAV1|CD70|CD55|DPP4|FYN|GLI3|HAS2|HES1|IGF1|IGFBP2|MDK|CCL2|SOX4|THY1|VCAM1|YES1|ZBTB16|PLPP3|RIPK2|MAGI1|CITED2|EMILIN1|NFKBIZ|CD24,positive regulation of cell-cell adhesion
cellular response to organic cyclic compound,3.690232305393288,ANXA1|CES1|FBP1|FLT3|HSPA1A|HSPA5|HTR7|IL1B|INSIG1|MMP2|MSR1|NFKB1|PDE3A|PDE4B|CCL3|SGK1|SLC1A3|SLC8A1|SPP1|TNF|NR4A3|AKR1C3|RIGI|TIPARP|P2RY13|TRERF1|NCF1,2.331348781937017,CYP1B1|GABRB2|HRH1|HTR1F|HTR2B|IGF1R|PRKN|RYR1|CCL2|SLC8A1|AKAP6|GNA14|PAQR7,2.3811541495891784,ADCY2|AQP1|CAV1|CES1|CKB|COL1A1|CYP1B1|EFNA5|EGFR|EGR1|ESR1|GABRB1|HSPA5|ID1|ID3|IFIT1|IGF1R|IGFBP5|INSIG1|MMP2|NEDD4|NPR2|PRKN|PDE3A|PDE4B|PGR|RORA|RYR2|CCL2|SFRP1|TFPI|PLPP1|AKR1C3|CYP7B1|GNA14|PLCB1|RIGI|ERRFI1|DDIT4|TRERF1|SMYD3,cellular response to organic cyclic compound
muscle structure development,2.2128377139924487,ATF3|BCL2|CD9|CENPF|COL3A1|CXADR|EDNRB|NR4A1|IFRD1|PKP2|SLC8A1|TGFB2|RIPOR2|BASP1|GPCPD1|HIVEP3,2.54057239057239,ACTN2|CACNB4|DMD|ETV1|IGF1|RBPJ|RYR1|SLC8A1|TPM1|TTN|BTG2|LARGE1|DISP1|RNF165,3.702404317958783,ADM|ANK2|ADGRB3|CACNB4|CAV1|CAV2|CD9|COL3A1|COL6A3|COMP|CRYAB|CSRP2|DMD|HBEGF|EDNRA|EGR1|ELN|FGF10|FHL1|FLNB|FOS|HES1|ID3|IFRD1|IGF1|IGFBP5|LAMA2|MEOX2|MYH11|MYLK|PDGFRA|PDGFRB|RORA|RYR2|SGCD|SMTN|TAGLN|TCF7L2|NR2F2|TGFB2|TPM1|ADAM12|SORBS2|ITGA8|LARGE1|RAMP2|CITED2|MYL9|BASP1|ADAMTS5|ITGA11|ZFPM2|LMOD1|NUPR1|PDLIM3|NOX4|CDON|SOX6|SMYD3|ARID5B|MYPN|PRICKLE1|GSC,muscle structure development
regulation of lymphocyte activation,5.681669796463712,ANXA1|BCL2|BCL6|CD1D|CD2|CD28|CD74|CDKN1A|CD55|GPR183|FCGR3A|HLA-DOA|HLA-DPA1|HLA-DPB1|HLA-DQA1|HLA-DQA2|HLA-DQB1|HLA-DRA|HLA-DRB1|HLA-DRB5|ID2|IL1B|IRF1|JUNB|LGALS3|NEDD9|SPN|TNFAIP3|RIPK2|CD83|RIPOR2|GPNMB|BATF|PAG1|SAMSN1|NFKBIZ|CLEC7A|NLRP3|SHLD1|IL4I1|CCR2,2.9092836917886618,CR1|FOXO3|IGF1|IL2RA|IL7|IRF4|LMO1|PRKCQ|CCL2|TFRC|YES1|VNN1|CD209|PELI1|PDCD1LG2|CLEC4G,1.9432102185708129,BCL6|CAV1|CD70|CD55|DPP4|FGF10|FYN|GLI3|HES1|ID2|IGF1|IGFBP2|IRF1|JUNB|KLRD1|LGALS3|MDK|NEDD9|PLA2G2A|CCL2|SFRP1|SOX4|ZEB1|THY1|VCAM1|YES1|ZBTB16|PDE5A|RIPK2|GPNMB|NFKBIZ|APLF|CD24,regulation of lymphocyte activation
cellular response to interleukin-1,6.150387175655481,GBP1|IL1B|CXCL8|MMP2|NFKB1|CCL3|CCL3L1|CCL4|ST18,4.483363042186571,CCL2|CCL8|CCL13|CCL14|CCL18,4.355769785833862,EGR1|GBP1|HAS2|HES1|HYAL1|IL1R1|MMP2|PTGIS|RORA|CCL2|SFRP1|AKAP12|ADAMTS7|PLCB1|ADAMTS12,cellular response to interleukin-1
behavior,2.067016447831496,ACVR2A|APOE|BCL2|CSTB|CX3CR1|ID2|LDLR|NEDD9|NR4A2|PEX13|PRKCE|SGK1|SLC1A3|SOD2|TUBA1A|EIF4A3|HIPK2|TREM2,2.86285257850332,CACNB4|ETV1|FGF13|GRIK2|HRH1|HTR2B|NPTX2|PRKN|PRKCG|SCN9A|CXCL12|BTG2|FZD9|ATP8A1|OXR1|CAMK2N1|SPTBN4|NAV2|C3orf70,2.1958246366806624,APOE|ADGRB3|CACNB4|CCND2|DAB1|DPP4|EGFR|EGR1|EXT1|FOS|FYN|GLI3|ID2|KCND2|MDK|MEIS2|NEDD9|NTRK2|PRKN|PEX13|SERPINE2|PRKCE|PTN|CXCL12|SNCG|SOD2|THBS1|THBS4|TUBA1A|ITGA8|NRXN3|EIF4A3|NLGN4Y|SHANK2|PLCB1|HIPK2|OXR1|CAMK2N1|USP46|VWA1|KIRREL3|SDK1|NEGR1|NPW|RNF180,behavior
positive regulation of leukocyte cell-cell adhesion,6.383185713439755,ANXA1|BCL6|CD1D|CD28|CD74|CD55|HLA-DOA|HLA-DPA1|HLA-DPB1|HLA-DQA1|HLA-DQA2|HLA-DQB1|HLA-DRA|HLA-DRB1|HLA-DRB5|IL1B|ITGA4|TNF|NR4A3|RIPK2|CD83|NFKBIZ|NLRP3|IL4I1|CCR2,4.355266955266956,CR1|FOXO3|GCNT1|IGF1|IL2RA|IL7|PRKCQ|CCL2|TFRC|YES1|VNN1|CD209|PDCD1LG2,2.2784026572054046,BCL6|CAV1|CD70|CD55|DPP4|FYN|GLI3|HAS2|HES1|IGF1|IGFBP2|MDK|CCL2|SOX4|THY1|VCAM1|YES1|ZBTB16|RIPK2|NFKBIZ|CD24,positive regulation of leukocyte cell-cell adhesion
positive regulation of GTPase activity,3.0751935878277408,NEDD9|RGS1|S100A10|CCL3|CCL3L1|CCL4|MAP4K4|FERMT2|TBC1D8|RAP1GAP2|SIPA1L1|DOCK10,3.6987745098039215,RGS16|CCL2|CCL8|CCL13|CCL14|CCL18|BCAR3|RGL1|RALGPS2|GARNL3|SGSM1,2.395673382208624,CAV2|CHN1|NEDD9|RGS16|S100A10|CCL2|SFRP1|CDKL5|THY1|PKP4|ARHGAP29|MAP4K4|RGS6|FERMT2|MAPRE2|TBC1D8|DOCK9|SIPA1L1|RALGPS2|GARNL3|SYDE1|ARHGAP42,positive regulation of GTPase activity
actin filament-based process,2.7219030964134614,ANXA1|BCL2|BCL6|CAPG|CXADR|GSN|MYO1E|NEDD9|PKP2|TNF|PSTPIP2|TESK2|ARHGAP26|KANK1|SIPA1L1|CASS4|MYO1G|LIMD2|MCU|FMNL2|PHACTR1|GAS2L3|FMN1,2.173936307043268,ACTN2|RND3|HIP1|TPM1|TTN|DAAM2|AUTS2|FNBP1L|MYO5C|EPB41L5|SPTBN4|STARD13|FRMD3|FMN1,2.866377536484219,ANK2|AQP1|RND3|BCL6|CACNA1C|CACNA2D1|CALD1|CSRP2|ELN|FGF7|FGF10|FLNB|GAB1|GSN|HIP1|MYH11|MYO1E|NEDD9|PDGFRA|PDGFRB|PLS3|PRKCI|PRKG1|RYR2|SGCD|SMTN|SPTBN1|TNXB|TPM1|TPM2|GJC1|ABCC9|DLC1|MYL9|TNIK|KANK1|SYNE2|DAAM2|LMOD1|SIPA1L1|AUTS2|PDLIM3|LIMA1|FNBP1L|CARMIL1|ENAH|RHOJ|SHROOM4|EPB41L5|HMCN1|MYPN|SYDE1|MCU|NOSTRIN|JMY|THSD7A|FRMD3,actin filament-based process
Myometrial relaxation and contraction pathways,6.25552199917096,ATF3|GABPB1|IL1B|NFKB1|PDE4B|PKIB|PRKCA|PRKCB|PRKCE|PRKCH|RGS1|RGS2|SLC8A1|RGS18,3.5177156177156177,IGFBP4|PRKCG|PRKCQ|RGS16|RYR1|SLC8A1,4.36693842631036,ACTA2|ADCY2|ADCY9|ADM|CALD1|FOS|GUCY1A1|IGFBP2|IGFBP4|IGFBP5|IGFBP6|JUN|PDE4B|PRKCA|PRKCE|PRKCH|PRKD1|RGS16|RYR2|RGS5|RGS6|RAMP2|ACKR3,Myometrial relaxation and contraction pathways
regulation of mononuclear cell proliferation,6.023835999201665,ANXA1|BCL2|BCL6|CD1D|CD28|CD74|CDKN1A|CD55|GPR183|FCGR3A|HLA-DPA1|HLA-DPB1|HLA-DRB1|IL1B|IRF1|LGALS3|SPN|RIPK2|GPNMB|IL4I1|CCR2,4.140192043895747,CR1|IGF1|IL2RA|IL7|LMO1|PRKCQ|TFRC|CD209|PELI1|PDCD1LG2|CLEC4G,1.9502376654268485,BCL6|CD70|CSF1|CD55|FGF10|HES1|IGF1|IGFBP2|IRF1|LGALS3|PLA2G2A|VCAM1|PDE5A|RIPK2|GPNMB|CD24,regulation of mononuclear cell proliferation
regulation of GTPase activity,3.0639291424510824,BCL6|NEDD9|RGS1|S100A10|CCL3|CCL3L1|CCL4|MAP4K4|RIPOR2|PLXNC1|FERMT2|TBC1D8|RAP1GAP2|SIPA1L1|DOCK10|ARHGAP15,3.517715617715617,STMN1|PLXNA2|RGS16|CCL2|CCL8|CCL13|CCL14|CCL18|BCAR3|RGL1|RALGPS2|GARNL3|SGSM1|ALS2CL,2.441145704148648,BCL6|CAV2|CHN1|EFNA5|EPHA3|NEDD9|NTRK2|PLXNA2|PRKG1|RGS16|S100A10|CCL2|SFRP1|CDKL5|THY1|PKP4|ARHGAP29|MAP4K4|RGS6|PLXNC1|SPRY1|FERMT2|MAPRE2|TBC1D8|DOCK9|SIPA1L1|RALGPS2|GARNL3|SYDE1|ARHGAP42,regulation of GTPase activity
positive regulation of phosphorylation,2.749155251544053,ACVR2A|BCL2|C3|CD74|CDKN1A|CX3CR1|EDNRB|ACSL1|FLT3|HGF|HLA-DRB1|IL1B|NEDD9|PLAUR|PPARG|MAP2K6|TGFB2|TNF|RIPK2|TNFRSF10B|GPNMB|FERMT2|RGCC|HIPK2|TREM2|ITLN1|CASS4|SYAP1|NIBAN1|NEK10|NCF1,2.3272418844937928,CALCR|CCND3|CD36|CENPE|HTR2B|IGF1|IGF1R|ROR1|ENPP2|TFRC|YES1|BCAR3|PIK3R3|PLPP3|MARCO|GPRC5B|FAM20A|PDGFC|PELI2|TSLP,2.524794802068585,ANGPT1|CCND1|BMP5|C3|CAV1|CCND2|CHI3L1|CLU|CSF1|CCN2|DAB1|DOCK3|HBEGF|EFNA5|EGFR|EGR1|ERBB4|FGF7|FGF10|FYN|GHR|HES1|IGF1|IGF1R|CCN1|LEPR|NEDD9|NTRK2|ROR1|DDR2|PDGFRA|PDGFRB|ENPP2|PPARG|PRKD1|MAP2K6|RARRES2|ROBO1|SFRP2|TGFB2|THBS1|THBS4|TNXB|VEGFC|YES1|PLPP3|PDE5A|RIPK2|CRLF1|GPNMB|FERMT2|RBPMS|TNIK|SASH1|RGCC|HIPK2|NOX4|CDON|FAM20A|TCIM|CEMIP|SMYD3|PDGFD|SYAP1|NIBAN1|NEK10|CD24,positive regulation of phosphorylation
positive regulation of ERK1 and ERK2 cascade,4.395772215633648,APOE|CD74|GPR183|HLA-DRB1|PRKCA|CCL3|CCL3L1|CCL4|TNF|RIPK2|GPNMB|FERMT2|TREM2|SCIMP,4.943816543816544,CALCR|CD36|HTR2B|IGF1|CCL2|CCL8|CCL13|CCL14|CCL18|MARCO|ARHGAP8|PDGFC,3.3354993855484536,ACTA2|ANGPT1|APOE|CHI3L1|CCN2|EGFR|ERBB4|FGF10|IGF1|JUN|DDR2|PDGFRA|PDGFRB|PLA2G2A|PRKCA|CCL2|RIPK2|AKAP12|GPNMB|FERMT2|NOX4|ACKR3|GAREM1|PDGFD|BMPER,positive regulation of ERK1 and ERK2 cascade
response to hormone,3.0228943771503984,ANXA1|BCL2|COL3A1|CTSK|CTSL|EDNRB|ACSL1|FBP1|FLT3|HMGB2|HMOX1|NR4A1|HSPA1A|INSIG1|MMP2|MMP19|NFKB1|NR4A2|PDE3B|SERPINB9|PPARG|PRKCE|PTGER4|SGK1|SPP1|TGFB2|TIMP1|TNF|NR4A3|AKR1C3|CLDN1|NSMF|TRERF1|SYAP1,1.9832019171304884,ACTN2|CALCR|CLDN4|CYP1B1|FOSB|GCNT1|IGF1R|ME1|PDK4|CXCL12|BTG2|BCAR3|PIK3R3|KL|HDAC9|RETN|PAQR7,2.9845912359055493,ADM|AQP1|BCKDHB|CCND1|CAV1|CAV2|CDO1|CKB|COL1A1|COL3A1|CSF1|CCN2|CTSK|CYP1B1|AKR1C1|AKR1C2|EDNRA|EFNA5|EGR1|ESR1|FBN1|FOXO1|FOS|FOSB|GAB1|GABRB1|GHR|HMGB2|HES1|IGF1R|IGFBP2|IGFBP5|IGFBP7|INSIG1|LEPR|MAP1B|MDK|MMP2|MMP19|NEDD4|NPR2|DDR2|TNFRSF11B|PDGFRB|ENPP1|PGR|PPARG|PRKCE|PRKCI|PTGDS|PTGER4|RARRES2|ROBO2|CXCL12|SFRP1|SFRP4|SLIT3|TFPI|TGFB2|THBS1|TIMP1|TIMP3|UGCG|PLPP1|AKR1C3|SLIT2|CYP7B1|RAMP2|CITED2|PLCB1|ERRFI1|DDIT4|PID1|TRERF1|SMYD3|RERG|SYAP1|STXBP4|CD24,response to hormone
Platelet degranulation,4.863096836564799,CD9|FN1|HGF|HSPA5|SERPINE1|SERPINA1|SRGN|TGFB2|TIMP1,4.962978623443739,ACTN2|SERPING1|CD36|CFD|F13A1|IGF1|TTN,3.9033099786232137,SERPING1|CD9|CLU|CFD|FN1|HSPA5|IGF1|ISLR|SERPINE1|PCDH7|RARRES2|SPARC|TGFB2|THBS1|TIMP1|TIMP3|VEGFC,Platelet degranulation
cell chemotaxis,9.316923147280084,ANXA1|CX3CR1|CXADR|GPR183|EDNRB|CXCL2|CXCL3|HGF|HMGB2|NR4A1|IL1B|CXCL8|LGALS3|MMP2|PDE4B|S100A8|S100A9|CCL3|CCL3L1|CCL4|TGFB2|CXCR4|DOCK4|ADGRE2|CKLF|JAML|CCR2,4.074977497749775,HRH1|PRKCQ|CCL2|CCL8|CCL13|CCL14|CCL18|CXCL12|PLEKHG5,2.9325974795713137,HBEGF|GAB1|HMGB2|ITGA1|LGALS3|MDK|MMP2|CCN3|PDE4B|PDGFRA|PDGFRB|PTN|CCL2|CXCL12|TGFB2|VCAM1|SCG2|SEMA5A|CYP7B1|CKLF,cell chemotaxis
regulation of muscle system process,2.744267243730792,NR4A1|PDE4B|PKP2|PPARG|PRKCA|RGS2|SLC8A1|TNNI2|NR4A3|DOCK4,3.2407301360057263,DMD|FGF13|FOXO3|IGF1|PDE9A|SLC8A1|TPM1|AKAP6|CALCRL,3.148501309760225,ANK2|CACNA1C|CAV1|CCN2|DMD|DMPK|FOXO1|GUCY1A1|IGF1|IGFBP5|SMAD3|PDE4B|PLN|PPARG|PRKCA|PRKG1|RYR2|SLN|TNNC2|TPM1|PDE5A|CALCRL|MYL9|TNNI3K|ERRFI1|MLIP|ARHGAP42,regulation of muscle system process
regulation of cell morphogenesis,3.698600179101664,ANXA1|FN1|CCL3|CXCR4|PLXNC1|FERMT2|KANK1|SYT17|BCL11A|ARHGAP15|ATP10A|FMNL2|PALM2AKAP2,3.359777365491651,CLDN4|COCH|PRKN|ENPP2|PLXNA2|CCL2|CCL13|SYT1|TPM1,2.6596863671867177,EFNA5|FN1|FYN|PRKN|ENPP2|PLXNA2|PTPRD|CCL2|SPARC|CDKL5|TPM1|SEMA3E|PLXNC1|DLC1|FERMT2|KANK1|GRIP1|WDPCP|ATP10A|RHOJ|SH3D19|PALM2AKAP2,regulation of cell morphogenesis
positive regulation of hydrolase activity,3.307589588313844,CTSK|CTSL|GSN|HMGB2|HSPA1A|NEDD9|PPARG|RGS1|S100A8|S100A9|S100A10|CCL3|CCL3L1|CCL4|TNF|TXK|RIPK2|MAP4K4|ST18|FERMT2|TBC1D8|RAP1GAP2|SIPA1L1|ABHD5|DOCK10|CLEC7A|NLRP3,2.5718272354476217,CLDN4|CR1|CTSD|HIP1|HTR2B|RGS16|CCL2|CCL8|CCL13|CCL14|CCL18|BCAR3|RGL1|RALGPS2|GARNL3|SGSM1,2.446580006243414,CAV2|CHN1|CCN2|CTSK|EDNRA|EGFR|ESR1|F3|FYN|GSN|HIP1|HMGB2|CCN1|ITGA1|SMAD3|NEDD9|PDGFRA|PDGFRB|PPARG|PRKD1|MAPK8|RGS16|ROBO1|S100A10|CCL2|SFRP1|SFRP2|CDKL5|THY1|PKP4|CRADD|RIPK2|ARHGAP29|MAP4K4|RGS6|MAGI2|DLC1|FERMT2|MAPRE2|TBC1D8|DOCK9|SIPA1L1|ABHD5|RALGPS2|GARNL3|SYDE1|ARHGAP42,positive regulation of hydrolase activity
regulation of T cell proliferation,6.0943727205037925,ANXA1|BCL6|CD1D|CD28|CD55|HLA-DPA1|HLA-DPB1|HLA-DRB1|IL1B|IRF1|LGALS3|SPN|RIPK2|GPNMB|IL4I1|CCR2,4.997847325716179,CR1|IGF1|IL2RA|LMO1|PRKCQ|TFRC|CD209|PELI1|PDCD1LG2|CLEC4G,2.265952369461113,BCL6|CD70|CD55|HES1|IGF1|IGFBP2|IRF1|LGALS3|PLA2G2A|VCAM1|PDE5A|RIPK2|GPNMB|CD24,regulation of T cell proliferation
negative regulation of cell migration,3.531688991531947,APOE|RHOB|BCL2|CD74|COL3A1|CX3CR1|HMOX1|MITF|NEDD9|SERPINE1|PPARG|PTGER4|TIMP1|TNF|RIPOR2|KANK1|C5AR2|RGCC|TMIGD3,2.438949494949495,CYP1B1|FOXO3|CCL2|CXCL12|TPM1|KLF4|SRGAP1|STARD13|SPRED1|NEXMIF,3.8702466470395818,ANGPT2|APOD|APOE|RHOB|BMP5|COL3A1|CYP1B1|DCN|DPP4|DUSP1|HAS1|IGFBP5|MEOX2|MITF|NBL1|NEDD9|CCN3|SERPINE1|PPARG|PRKG1|PTGER4|PTPRG|PTPRK|ROBO1|CCL2|CXCL12|SFRP1|SFRP2|NR2F2|THBS1|THY1|TIMP1|TNFAIP6|TPM1|KLF4|SLIT2|MAGI2|CITED2|DLC1|EMILIN1|KANK1|SULF1|PLCB1|RGCC|SRGAP1|MMP28|NAV3|PODN|SCAI,negative regulation of cell migration
positive regulation of peptidyl-tyrosine phosphorylation,3.465964043739553,CD74|FLT3|HGF|NEDD9|TNF|RIPK2|TREM2|CASS4|NCF1,3.537150510631173,CD36|IGF1|ENPP2|YES1|PLPP3|GPRC5B|TSLP,3.109201416186381,ANGPT1|DOCK3|HBEGF|EFNA5|ERBB4|FGF7|FGF10|FYN|GHR|HES1|IGF1|NEDD9|ENPP2|THBS4|YES1|PLPP3|RIPK2|CRLF1|NOX4,positive regulation of peptidyl-tyrosine phosphorylation
muscle system process,3.424075199546209,EDNRB|GSN|HMOX1|HTR7|IL1B|KCNMA1|PKP2|MAP2K6|RGS2|SLC8A1|SNTB1|TNF|TNNI2|CXCR4,2.8882296650717705,APBB2|DMD|DTNA|HTR2B|IGF1|RYR1|SLC8A1|TPM1|TTN,3.637449856240208,ANK2|APBB2|CACNA1C|CACNA2D1|CALD1|COMP|CRYAB|DMD|DMPK|EDNRA|GSN|GUCY1A1|IGF1|KCNMA1|MYH11|MYLK|MYOC|FXYD1|PLN|PRKG1|MAP2K6|RYR2|SGCD|SMTN|SNTB1|TNNC2|TPM1|TPM2|SSPN|SORBS2|PDE5A|GJC1|ABCC9|SULF1|LMOD1,muscle system process
Gastrin signaling pathway,7.273501355557787,BIRC3|RHOB|CDKN1A|CXCL8|NFKB1|NFKBIA|SERPINE1|PPARG|PRKCA|PRKCE|PRKCH|CLDN1,3.976548089591568,FOXO3|PRKCQ|YES1|PIK3R3|KLF4,4.63605410248752,RHOB|CCND1|EGFR|EGR1|FOXO1|FOS|FYN|JUN|NFKBIA|SERPINE1|PPARG|PRKCA|PRKCE|PRKCH|PRKD1|MAPK8|YES1|KLF4,Gastrin signaling pathway
Cytokine Signaling in Immune system,5.060729539055332,ANXA1|BIRC3|BCL2|BCL6|CDKN1A|FLT3|FN1|IFI6|GBP1|CXCL2|HGF|HLA-DPA1|HLA-DPB1|HLA-DQA1|HLA-DQA2|HLA-DQB1|HLA-DRA|HLA-DRB1|HLA-DRB5|HMOX1|IRF8|IFI27|IFIT2|IFIT3|IL1B|CXCL8|IRF1|ITGAX|JUNB|KPNA2|LTB|CIITA|MMP2|MX2|NFKB1|NFKBIA|MAP2K6|CCL3|CCL3L1|CCL4|SOD2|TIMP1|TNF|IL1R2|RIPK2|IL18R1|ISG15|EIF4A3|IFI30|BATF|RIGI|XAF1|CCR2,2.25519302615193,CD36|CEBPD|EDA|F13A1|FCER2|FOXO3|IL2RA|IL7|IL12RB2|IRF4|CCL2|YES1|PIK3R3|TNFRSF25|IFITM3|PELI2|PELI1|TSLP,2.0692889886673744,CCND1|BCL6|CD70|CEBPD|COL1A2|CSF1|EGR1|FOXO1|FLNB|FN1|FOS|FYN|IFI6|GBP1|GHR|IFI27|IFIT1|IFIT3|IL1R1|IRF1|JUN|JUNB|SMAD3|MID1|MMP2|MMP3|MT2A|MX1|NEDD4|NFKBIA|TNFRSF11B|PPP2R5D|MAPK8|MAPK10|MAP2K6|RORA|CCL2|SOD2|ZEB1|TIMP1|VCAM1|YES1|RIPK2|SOCS3|IL32|CRLF1|ISG15|EIF4A3|IFITM3|RIGI|XAF1,Cytokine Signaling in Immune system
peptidyl-tyrosine phosphorylation,3.0687466411027358,FLT3|MATK|MAP2K6|TXK|RIPK2|TESK2|HIPK2,3.4513436249285303,FRK|IGF1R|IL12RB2|ROR1|TTN|YES1,3.725689879706952,CAV1|EGFR|EPHA3|ERBB4|EFEMP1|FRK|FYN|GHR|IGF1R|NTRK2|ROR1|DDR2|PDGFRA|PDGFRB|MAP2K6|WEE1|YES1|RIPK2|HIPK2|EPHA6,peptidyl-tyrosine phosphorylation
inorganic ion homeostasis,2.7366618841638712,APOE|BCL2|EDNRB|HMOX1|KCNMA1|PRKCB|S100A8|S100A9|CCL3|SLC1A3|SLC8A1|SOD2|CNNM2|SLC39A8|MCU|TMTC2|CCR2,3.8020575267688432,CACNB4|GPR12|GRIK2|HTR2B|NEO1|PRKN|RYR1|CCL8|CCL13|CCL14|CXCL12|SLC8A1|TFRC|FZD9|KL|SV2B|SLC40A1|FAM20A,2.257355057600736,ADM|ANK2|ANK3|APOE|CACNB4|CAV1|CAV2|CKB|CP|DMPK|EDNRA|EXT1|KCNMA1|MT2A|NEO1|PRKN|ENPP1|PLN|RYR2|CXCL12|SFRP4|SGCD|SOD2|TRPC1|SV2B|FAM20A|CNNM2|SLC24A3|STEAP4|MCU|TMTC2|MICU3|SCARA5,inorganic ion homeostasis
chemotaxis,5.158124711316397,ALCAM|ANXA1|CX3CR1|CXADR|DEFB1|GPR183|EDNRB|CXCL2|CXCL3|HGF|HMGB2|NR4A1|IL1B|CXCL8|ANOS1|LGALS3|LSP1|MMP2|PDE4B|PLAUR|S100A8|S100A9|CCL3|CCL3L1|CCL4|SPN|TGFB2|CXCR4|DOCK4|RIPOR2|PLXNC1|GPNMB|C5AR2|ADGRE2|CKLF|JAML|CCR2,3.292581818181818,ETV1|HRH1|NEO1|ENPP2|PLXNA2|PRKCQ|CCL2|CCL8|CCL13|CCL14|CCL18|CXCL12|FEZ1|CNTN6|PLEKHG5|DSCAML1|SEMA6A|RNF165,3.968977428851816,ANGPT1|CHN1|DEFB1|DPP4|HBEGF|EDNRA|EFNA5|EPHA3|EXT1|FGF7|FGF10|FYN|GAB1|GAP43|GLI3|HMGB2|CCN1|ITGA1|ANOS1|LGALS3|LSP1|MDK|MMP2|NEO1|NFIB|NOTCH3|CCN3|PDE4B|PDGFRA|PDGFRB|ENPP2|PLXNA2|PTN|RARRES2|ROBO1|ROBO2|CCL2|CXCL12|SLIT3|TGFB2|VCAM1|VEGFC|SCG2|UNC5C|ALKBH1|SEMA5A|SLIT2|NRXN3|CYP7B1|NTN1|FEZ1|SEMA3E|PLXNC1|SEMA3A|TUBB3|GPNMB|SEMA3C|FLRT2|PLEKHG4|CKLF|ENAH|MYPN|NEXN|CNTN4|HMCN2|EPHA6|CRPPA,chemotaxis
negative regulation of cell-cell adhesion,4.420278262828818,ANXA1|BCL6|CD9|CD74|HLA-DRB1|IRF1|LGALS3|SPN|RIPOR2|GPNMB|RGCC|PAG1|IL4I1,4.015343680709535,CR1|IL2RA|CXCL12|KLF4|PELI1|EPB41L5|PDCD1LG2|CLEC4G|NEXMIF,2.167261064170995,BCL6|CD9|GLI3|IRF1|LGALS3|MDK|SERPINE2|PLA2G2A|PRKG1|CXCL12|PDE5A|KLF4|GPNMB|RGCC|EPB41L5,negative regulation of cell-cell adhesion
blood circulation,4.324093547814027,APOE|EDNRB|GCH1|GSN|HMOX1|HTR7|ID2|MMP2|OLR1|PDE3A|PKP2|PPARG|MAP2K6|RGS2|SGK1|SLC8A1|SOD2|TNF|CXCR4|IER3|DOCK4|FERMT2|TBC1D8|RNLS|SUCNR1,3.177291525678622,SERPING1|DMD|HRH1|HTR2B|LRP5|CXCL12|SLC8A1|TPM1|TTN|YES1|KL|KCNMB4|IMMP2L|NAV2,3.895333575222144,ACTA2|ADM|ANGPT1|ANK2|APOE|SERPING1|CACNA1C|CACNA2D1|CAV1|CD34|COL1A2|COMP|DMD|EDNRA|ELN|EXT1|GSN|GUCY1A1|GUCY1B1|ID2|ITGA1|LRP5|SMAD3|MMP2|NPR2|PCSK5|PDE3A|PLN|PPARG|PRKG1|MAP2K6|RYR2|CXCL12|SGCD|SOD2|SOD3|NR2F2|TPM1|VEGFC|YES1|IER3|SLIT2|AKAP12|GJC1|ABCC9|RAMP2|FERMT2|EMILIN1|TBC1D8|PTP4A3|IMMP2L|NCALD|ARHGAP42,blood circulation
regulation of T cell activation,5.731660550964524,ANXA1|BCL6|CD1D|CD2|CD28|CD74|CD55|HLA-DOA|HLA-DPA1|HLA-DPB1|HLA-DQA1|HLA-DQA2|HLA-DQB1|HLA-DRA|HLA-DRB1|HLA-DRB5|IL1B|IRF1|JUNB|LGALS3|SPN|RIPK2|CD83|RIPOR2|GPNMB|BATF|PAG1|NFKBIZ|NLRP3|IL4I1|CCR2,3.881617233341371,CR1|FOXO3|IGF1|IL2RA|IL7|IRF4|LMO1|PRKCQ|CCL2|TFRC|YES1|VNN1|CD209|PELI1|PDCD1LG2|CLEC4G,2.121271439467101,BCL6|CAV1|CD70|CD55|DPP4|FYN|GLI3|HES1|IGF1|IGFBP2|IRF1|JUNB|LGALS3|MDK|PLA2G2A|CCL2|SOX4|ZEB1|THY1|VCAM1|YES1|ZBTB16|PDE5A|RIPK2|GPNMB|NFKBIZ|CD24,regulation of T cell activation
positive regulation of cell motility,5.045940544785811,ANXA1|RHOB|BCL2|CD74|CX3CR1|DEFB1|FN1|HGF|HMOX1|HSPA5|HSPB1|IL1B|CXCL8|ITGA4|ITGAX|LGALS3|MMP2|NEDD9|SERPINE1|PRKCA|PRKCE|CCL3|CCL4|SLC8A1|SOD2|SPN|TGFB2|TNF|CXCR4|PLA2G7|NR4A3|CLDN1|MAP4K4|DOCK4|RIPOR2|GPNMB|FERMT2|NSMF|TREM2|CASS4|CLEC7A|MCU|CCR2,2.617559432710948,CLDN4|CYP1B1|IGF1|IGF1R|INSM1|ENPP2|CXCL12|SLC8A1|PIK3R3|PLPP3|HDAC9|ATP8A1|RRAS2|DAAM2|PDGFC|SEMA6A|EPB41L5,3.989122497464009,ACTA2|ANGPT1|AQP1|RHOB|CAV1|CDH13|COL1A1|CSF1|CYP1B1|DEFB1|HBEGF|EGFR|F3|FGF7|FGF10|FN1|GAB1|HAS2|HSPA5|HSPB1|HYAL1|IGF1|IGF1R|IGFBP5|CCN1|IL1R1|JUN|LAMB1|LGALS3|SMAD3|MCAM|MDK|MMP2|MYLK|MYOC|NEDD9|DDR2|SERPINE1|PDGFRA|PDGFRB|ENPP2|PRKCA|PRKCE|PRKD1|PTN|RARRES2|CXCL12|SOD2|SPARC|TGFB2|THBS1|THBS4|THY1|TNFAIP6|VEGFC|PLPP3|SEMA5A|NTN1|MAP4K4|AKAP12|SEMA3E|SEMA3A|GPNMB|SEMA3C|FERMT2|MAPRE2|RRAS2|SYNE2|SASH1|DAAM2|CARMIL1|ACKR3|CEMIP|RHOJ|EPB41L5|SMOC2|PDGFD|SYDE1|MCU|CAVIN1,positive regulation of cell motility
lipid localization,2.9504502853232646,PLIN2|ANXA1|APOC1|APOE|CES1|FABP5|ACSL1|IL1B|LDLR|MSR1|PPARG|RBP4|TNF|ABCC3|PITPNC1|ATP10A,2.419592752926086,ABCD2|CD36|ABCA9|ATP8A1|ABCA6|OSBP2|APOL4|OSBPL6|RBP7|XKR6,1.958944083576076,PLIN2|APOC1|APOD|APOE|CAV1|CES1|CLU|CRABP2|AKR1C1|FABP4|ENPP1|PLA2G2A|PPARG|RBP4|UGCG|ABCA10|ABCA8|GULP1|LIMA1|ATP10A|APOLD1|OSBPL6|OSBPL10|SELENOM|PRELID2,lipid localization
response to amyloid-beta,5.163287999315713,ITGA4|MMP2|TNF|TREM2,6.774859708193041,CALCR|CD36|IGF1|IGF1R,3.8395304038091087,CACNA2D1|FYN|IGF1|IGF1R|MMP2|MMP3|VCAM1,response to amyloid-beta
response to muscle stretch,10.72375199857879,GSN|NFKB1|NFKBIA|SLC8A1,10.553146853146853,DMD|SLC8A1|TTN,7.974409300218918,DMD|FOS|GSN|JUN|NFKBIA|DDR2|RYR2,response to muscle stretch
regulation of peptidyl-tyrosine phosphorylation,3.00685595254268,CD74|FLT3|HGF|NEDD9|PRKCE|TNF|RIPK2|TREM2|CASS4|SAMSN1|NCF1,3.228021390374332,CD36|IGF1|IL7|ENPP2|YES1|PLPP3|GPRC5B|PDGFC|TSLP,3.36846196771152,ANGPT1|CAV1|DOCK3|HBEGF|EFNA5|EGFR|ERBB4|FGF7|FGF10|FYN|GHR|HES1|IGF1|NEDD9|ENPP2|PRKCE|SFRP1|SFRP2|THBS4|THY1|YES1|PLPP3|RIPK2|SOCS3|GPRC5A|CRLF1|NOX4|ERRFI1|PDGFD,regulation of peptidyl-tyrosine phosphorylation
NABA SECRETED FACTORS,3.048296850907964,CXCL2|CXCL3|HGF|IL1B|CXCL8|LTB|S100A8|S100A9|S100A10|CCL3|CCL4|TGFB2|TNF|CCL4L2|S100Z,3.1997879671349057,EDA|FGF13|IGF1|IL7|CCL2|CCL8|CCL13|CCL14|CCL18|CXCL12|EGFL7|PDGFC,2.676957057882736,ANGPT1|ANGPT2|BMP5|CSF1|HBEGF|FGF7|FGF10|FGF14|FRZB|IGF1|MDK|PTN|S100A3|S100A10|S100A13|CCL2|CXCL12|SFRP1|SFRP2|SFRP4|TGFB2|VEGFC|ANGPTL1|CRLF1|FSTL1|ANGPTL2|ANGPTL4|PDGFD|FGFBP2|ISM1|VWC2,NABA SECRETED FACTORS
humoral immune response,5.651707134386117,BCL2|C3|CD28|CD55|DEFB1|GPR183|FCN1|CXCL2|CXCL3|HLA-DQB1|HLA-DRB1|CXCL8|LYZ|S100A9|TNF|CD83|RGCC|TREM2,3.707862407862408,SERPING1|C4BPB|CR1|CFD|RBPJ|IL7|CFP|CCL2|CCL13,2.2681395821729486,CFB|SERPING1|C1R|C1S|C3|CLU|CD55|DEFB1|CFD|CFH|CFI|SH2D1A|RARRES2|CCL2|SLPI|SPON2|RGCC,humoral immune response
cardiac muscle contraction,4.709755945321765,GSN|PKP2|MAP2K6|SLC8A1|CXCR4,4.943816543816544,DMD|SLC8A1|TPM1|TTN,4.402859188923959,ANK2|CACNA1C|CACNA2D1|DMD|GSN|MAP2K6|RYR2|SGCD|TPM1|GJC1|ABCC9,cardiac muscle contraction
positive regulation of protein phosphorylation,3.009520929963267,ACVR2A|BCL2|C3|CD74|CDKN1A|CX3CR1|EDNRB|ACSL1|FLT3|HGF|HLA-DRB1|IL1B|NEDD9|PLAUR|PPARG|MAP2K6|TGFB2|TNF|RIPK2|TNFRSF10B|GPNMB|FERMT2|RGCC|HIPK2|TREM2|ITLN1|CASS4|SYAP1|NIBAN1|NEK10|NCF1,2.2928842744998734,CALCR|CCND3|CD36|CENPE|HTR2B|IGF1|ENPP2|TFRC|YES1|BCAR3|PIK3R3|PLPP3|MARCO|GPRC5B|FAM20A|PDGFC|PELI2|TSLP,2.6401546111349536,ANGPT1|CCND1|BMP5|C3|CAV1|CCND2|CHI3L1|CLU|CSF1|CCN2|DAB1|DOCK3|HBEGF|EFNA5|EGFR|EGR1|ERBB4|FGF7|FGF10|FYN|GHR|HES1|IGF1|CCN1|LEPR|NEDD9|NTRK2|DDR2|PDGFRB|ENPP2|PPARG|PRKD1|MAP2K6|RARRES2|ROBO1|SFRP2|TGFB2|THBS1|THBS4|TNXB|VEGFC|YES1|PLPP3|PDE5A|RIPK2|CRLF1|GPNMB|FERMT2|RBPMS|TNIK|SASH1|RGCC|HIPK2|NOX4|CDON|FAM20A|TCIM|CEMIP|SMYD3|PDGFD|SYAP1|NIBAN1|NEK10|CD24,positive regulation of protein phosphorylation
cellular response to peptide,2.9230872383222826,FBP1|NR4A1|INSIG1|ITGA4|NFKB1|NR4A2|PDE3B|PPARG|TNF|NR4A3|RIPK2|TREM2|SYAP1,2.655307917888563,ACTN2|CD36|CYP1B1|IGF1|IGF1R|PDK4|BCAR3|PIK3R3|HDAC9,2.6752857007186046,CACNA2D1|CAV1|CAV2|CYP1B1|EDNRA|FBN1|FOXO1|FOS|FYN|GAB1|GHR|ID1|IGF1|IGF1R|INSIG1|MAP1B|NPR2|DDR2|ENPP1|PPARG|PRKCI|RARRES2|VCAM1|RIPK2|PLCB1|ERRFI1|SYAP1|STXBP4,cellular response to peptide
Glioma,5.57635103926097,CDK6|CDKN1A|DDB2|GADD45B|PRKCA|PRKCB,4.8778989898989895,IGF1|IGF1R|PRKCG|PIK3R3,3.949231272489369,CCND1|CDK6|DDB2|EGFR|IGF1|IGF1R|GADD45B|PDGFRA|PDGFRB|PRKCA,Glioma
regulation of leukocyte cell-cell adhesion,5.716497427813825,ANXA1|BCL6|CD1D|CD28|CD74|CD55|HLA-DOA|HLA-DPA1|HLA-DPB1|HLA-DQA1|HLA-DQA2|HLA-DQB1|HLA-DRA|HLA-DRB1|HLA-DRB5|IL1B|IRF1|ITGA4|LGALS3|SPN|TNF|NR4A3|RIPK2|CD83|RIPOR2|GPNMB|PAG1|NFKBIZ|NLRP3|IL4I1|CCR2,4.113307679974347,CR1|FOXO3|GCNT1|IGF1|IL2RA|IL7|PRKCQ|CCL2|CXCL12|TFRC|YES1|VNN1|KLF4|CD209|PELI1|PDCD1LG2|CLEC4G,2.1940173736052047,BCL6|CAV1|CD70|CD55|DPP4|FYN|GLI3|HAS2|HES1|IGF1|IGFBP2|IRF1|LGALS3|MDK|PLA2G2A|CCL2|CXCL12|SOX4|THY1|VCAM1|YES1|ZBTB16|PDE5A|RIPK2|KLF4|GPNMB|NFKBIZ|CD24,regulation of leukocyte cell-cell adhesion
negative regulation of neuron death,3.1828487667014667,APOE|BCL2|CX3CR1|HMOX1|NR4A2|SOD2|SORL1|NR4A3|GPNMB|HIPK2,3.341026705410267,GABRB2|GRIK2|PRKN|PRKCG|CCL2|BTG2|FZD9|OXR1,2.7049529263625818,ANGPT1|APOE|CCND1|CD34|CSF1|GHR|JUN|MDK|NTRK2|PRKN|PRKCI|CCL2|SOD2|ALKBH1|CRLF1|SEMA3E|GPNMB|HIPK2|RETREG1|OXR1,negative regulation of neuron death
positive regulation of DNA binding,4.891535999351729,HMGB2|PLAUR|PPARG|HIPK2,6.418288144603934,IGF1|IRF4|PRKN|KLF4,4.157085549988809,H1-0|HMGB2|HES1|IGF1|PRKN|PPARG|KLF4|HIPK2,positive regulation of DNA binding
NABA MATRISOME ASSOCIATED,3.341355482912698,ANXA1|CSTB|CTSK|CTSL|FCN1|CXCL2|CXCL3|HGF|IL1B|CXCL8|LGALS2|LGALS3|LTB|MMP2|MMP19|SERPINE1|SERPINA1|SERPINB9|S100A8|S100A9|S100A10|CCL3|CCL4|TGFB2|TIMP1|TNF|ADAM19|CCL4L2|PLXNC1|ADAM28|CLEC5A|CLEC4E|P3H2|ITLN1|CLEC7A|S100Z,3.166412460154138,SERPING1|CTSC|CTSD|EDA|F13A1|FGF13|IGF1|IL7|MMP16|SERPINI2|PLXNA2|HTRA1|CCL2|CCL8|CCL13|CCL14|CCL18|CXCL12|CLEC10A|CPAMD8|CD209|EGFL7|FAM20A|PDGFC|SEMA6A|CLEC4G,3.076298660993716,ANGPT1|ANGPT2|BMP5|SERPING1|CSF1|CTSK|HBEGF|GPC4|FGF7|FGF10|FGF14|GPC5|FRZB|HYAL1|IGF1|LGALS3|LOXL1|MDK|MMP2|MMP3|MMP19|PCSK6|SERPINE1|PCSK5|SERPINE2|PLXNA2|HTRA1|PTN|S100A3|S100A10|S100A13|CLEC11A|CCL2|SDC2|CXCL12|SFRP1|SFRP2|SFRP4|SLPI|TGFB2|TIMP1|TIMP3|VEGFC|ADAM12|SEMA5A|ANGPTL1|CRLF1|ADAMTS3|SEMA3E|GPC6|PLXNC1|SEMA3A|SEMA3C|ADAMTS5|FSTL1|ADAMTS7|ADAMTS6|SULF1|ANGPTL2|PARM1|ANGPTL4|FAM20A|PLXDC1|ADAMTSL3|MMP28|PDGFD|ITIH5|ADAMTS12|FGFBP2|ADAMTSL1|C1QTNF3|C1QTNF4|C1QTNF7|ISM1|ADAMTS17|ADAMTS19|HTRA4|VWC2,NABA MATRISOME ASSOCIATED
Complement cascade,4.807199171776698,C3|CD55|FCN1|C5AR2,7.88453500522466,SERPING1|C4BPB|CR1|CFD|CFP,5.106764576494874,CFB|SERPING1|C1R|C1S|C3|CLU|CD55|CFD|CFH|CFI,Complement cascade
positive regulation of leukocyte activation,6.101445102639655,ANXA1|BCL2|BCL6|CD1D|CD2|CD28|CD74|CDKN1A|CD55|GPR183|FCGR3A|HLA-DOA|HLA-DPA1|HLA-DPB1|HLA-DQA1|HLA-DQA2|HLA-DQB1|HLA-DRA|HLA-DRB1|HLA-DRB5|IL1B|CCL3|TNF|NR4A3|RIPK2|CD83|TREM2|NFKBIZ|CLEC7A|NLRP3|SHLD1|IL4I1|CCR2,3.639016156257536,CTSC|CR1|FOXO3|IGF1|IL2RA|IL7|PRKCQ|CCL2|TFRC|YES1|VNN1|CD209|PELI1|PDCD1LG2|TSLP,1.7284433951213418,BCL6|CAV1|CD70|CD55|DPP4|FGF10|FYN|GLI3|HES1|IGF1|IGFBP2|MDK|CCL2|SOX4|THBS1|THY1|VCAM1|YES1|ZBTB16|RIPK2|NFKBIZ|CD24,positive regulation of leukocyte activation
locomotion,4.9597352993426895,ALCAM|ANXA1|CX3CR1|CXADR|DEFB1|GPR183|EDNRB|CXCL2|CXCL3|HGF|HMGB2|NR4A1|IL1B|CXCL8|ANOS1|LGALS3|LSP1|MMP2|PDE4B|PLAUR|S100A8|S100A9|CCL3|CCL3L1|CCL4|SPN|TGFB2|CXCR4|DOCK4|RIPOR2|PLXNC1|GPNMB|C5AR2|ADGRE2|CKLF|JAML|CCR2,3.165944055944056,ETV1|HRH1|NEO1|ENPP2|PLXNA2|PRKCQ|CCL2|CCL8|CCL13|CCL14|CCL18|CXCL12|FEZ1|CNTN6|PLEKHG5|DSCAML1|SEMA6A|RNF165,3.8163244508190535,ANGPT1|CHN1|DEFB1|DPP4|HBEGF|EDNRA|EFNA5|EPHA3|EXT1|FGF7|FGF10|FYN|GAB1|GAP43|GLI3|HMGB2|CCN1|ITGA1|ANOS1|LGALS3|LSP1|MDK|MMP2|NEO1|NFIB|NOTCH3|CCN3|PDE4B|PDGFRA|PDGFRB|ENPP2|PLXNA2|PTN|RARRES2|ROBO1|ROBO2|CCL2|CXCL12|SLIT3|TGFB2|VCAM1|VEGFC|SCG2|UNC5C|ALKBH1|SEMA5A|SLIT2|NRXN3|CYP7B1|NTN1|FEZ1|SEMA3E|PLXNC1|SEMA3A|TUBB3|GPNMB|SEMA3C|FLRT2|PLEKHG4|CKLF|ENAH|MYPN|NEXN|CNTN4|HMCN2|EPHA6|CRPPA,locomotion
Signaling by Receptor Tyrosine Kinases,2.66047282407489,APOE|COL3A1|FLT3|FN1|HGF|HSPB1|ID2|JUNB|ANOS1|MATK|PDE3B|PRKCA|PRKCB|PRKCE|SGK1|SPP1|DNM3|PAG1|COL24A1|NCF1,2.4436039787184822,CTSD|FOSB|GABRB2|IGF1|IGF1R|STMN1|CXCL12|YES1|PIK3R3|KL|WWP1|WWOX|PDGFC|SPRED1,3.843717459865607,APOE|CAV1|COL1A1|COL1A2|COL3A1|COL4A1|COL4A2|COL5A1|COL5A2|COL6A1|COL6A2|COL6A3|DOCK3|HBEGF|EGFR|EGR1|ERBB4|ESR1|F3|FGF7|FGF10|FN1|FOS|FOSB|FYN|GAB1|GABRB1|HSPB1|ID1|ID2|ID3|ID4|IGF1|IGF1R|JUNB|ANOS1|LAMA2|LAMA4|LAMB1|MDK|NEDD4|NTRK2|PCSK6|PCSK5|PDGFRA|PDGFRB|PGR|PPP2R5D|PRKCA|PRKCE|PTN|PTPRK|RRAD|CXCL12|SPARC|THBS1|THBS2|THBS4|VEGFC|YES1|ADAM12|CILP|SPRY1|FLRT2|WWOX|PDGFD|FGFBP2|COL24A1,Signaling by Receptor Tyrosine Kinases
regulation of ERK1 and ERK2 cascade,4.646959199384141,APOE|ATF3|CD74|GPR183|FN1|GBP1|HLA-DRB1|IL1B|PRKCA|CCL3|CCL3L1|CCL4|STYX|TNF|RIPK2|GPNMB|FERMT2|TREM2|NDRG2|NEK10|SCIMP,4.064915824915825,CALCR|CD36|HTR2B|IGF1|CCL2|CCL8|CCL13|CCL14|CCL18|MARCO|ARHGAP8|PDGFC|SEMA6A|SPRED1,3.385055376419458,ACTA2|ANGPT1|APOE|CHI3L1|CCN2|EGFR|ERBB4|FBLN1|FGF10|FN1|GBP1|IGF1|CCN1|JUN|DDR2|PDGFRA|PDGFRB|PLA2G2A|PRKCA|CCL2|STYX|TIMP3|RIPK2|AKAP12|SPRY1|GPNMB|FERMT2|EMILIN1|NOX4|ERRFI1|ACKR3|NDRG2|GAREM1|PDGFD|NEK10|BMPER,regulation of ERK1 and ERK2 cascade
taxis,5.13757441366175,ALCAM|ANXA1|CX3CR1|CXADR|DEFB1|GPR183|EDNRB|CXCL2|CXCL3|HGF|HMGB2|NR4A1|IL1B|CXCL8|ANOS1|LGALS3|LSP1|MMP2|PDE4B|PLAUR|S100A8|S100A9|CCL3|CCL3L1|CCL4|SPN|TGFB2|CXCR4|DOCK4|RIPOR2|PLXNC1|GPNMB|C5AR2|ADGRE2|CKLF|JAML|CCR2,3.279463962332488,ETV1|HRH1|NEO1|ENPP2|PLXNA2|PRKCQ|CCL2|CCL8|CCL13|CCL14|CCL18|CXCL12|FEZ1|CNTN6|PLEKHG5|DSCAML1|SEMA6A|RNF165,3.953164769772725,ANGPT1|CHN1|DEFB1|DPP4|HBEGF|EDNRA|EFNA5|EPHA3|EXT1|FGF7|FGF10|FYN|GAB1|GAP43|GLI3|HMGB2|CCN1|ITGA1|ANOS1|LGALS3|LSP1|MDK|MMP2|NEO1|NFIB|NOTCH3|CCN3|PDE4B|PDGFRA|PDGFRB|ENPP2|PLXNA2|PTN|RARRES2|ROBO1|ROBO2|CCL2|CXCL12|SLIT3|TGFB2|VCAM1|VEGFC|SCG2|UNC5C|ALKBH1|SEMA5A|SLIT2|NRXN3|CYP7B1|NTN1|FEZ1|SEMA3E|PLXNC1|SEMA3A|TUBB3|GPNMB|SEMA3C|FLRT2|PLEKHG4|CKLF|ENAH|MYPN|NEXN|CNTN4|HMCN2|EPHA6|CRPPA,taxis
leukocyte migration,8.570211638208457,ANXA1|CX3CR1|CXADR|GPR183|EDNRB|B4GALT1|CXCL2|CXCL3|IL1B|CXCL8|ITGA4|ITGAL|LGALS3|MMP2|NEDD9|PDE4B|S100A8|S100A9|CCL3|CCL3L1|CCL4|SPN|TGFB2|TNF|CXCR4|ADGRE2|CKLF|MYO1G|JAML|CCR2,2.9987083954297065,GCNT1|HRH1|CCL2|CCL8|CCL13|CCL14|CCL18|YES1,2.185025499123216,CD34|CSF1|EXT1|FYN|ITGA1|LGALS3|MDK|MMP2|NEDD9|PDE4B|PTN|CCL2|TGFB2|VCAM1|YES1|SCG2|CYP7B1|CKLF,leukocyte migration
cellular metal ion homeostasis,2.8141523101860484,APOE|BCL2|HMOX1|KCNMA1|PRKCB|S100A8|S100A9|CCL3|SLC1A3|SLC8A1|SLC39A8|MCU|CCR2,3.9765480895915672,CACNB4|GPR12|GRIK2|HTR2B|RYR1|CCL8|CCL13|CCL14|CXCL12|SLC8A1|TFRC|FZD9|SV2B|SLC40A1,1.8397040089236192,ANK2|APOE|CACNB4|CAV1|CAV2|CP|DMPK|EDNRA|KCNMA1|MT2A|PLN|RYR2|CXCL12|TRPC1|SV2B|SLC24A3|STEAP4|MCU|MICU3|SCARA5,cellular metal ion homeostasis
endocytosis,2.9521858443146307,APOE|CD9|CTSL|FCN1|GSN|CXCL8|ITGA4|LDLR|MSR1|MYO1E|OLR1|SORL1|DNM3|TREM2|CLEC7A|TIMD4|MARCHF3|RINL,4.3040285204991084,ASGR2|CD36|HIP1|HTR2B|LRP5|MRC1|ENPP2|ITSN1|SYT1|TFRC|MARCO|FCHSD2|CALCRL|PRG4|CLEC10A|CD209|FNBP1L|STON2|CD163L1|XKR6,2.787692662933672,ADM|ANK2|APOE|CAV1|CAV2|CD9|DPP4|GHR|GSN|HIP1|HSPG2|CFI|LRP5|MYO1E|NEDD4|ENPP1|ENPP2|SNCG|THBS1|MAGI2|MRC2|CALCRL|PRG4|RAMP2|NLGN4Y|NLGN1|EHBP1|LRP12|GULP1|LRP1B|NEURL1B|FNBP1L|CARMIL1|ACKR3|RHOJ|TMEM108|MARCHF3|RINL|SLC9B2|SCARA5,endocytosis
regulation of developmental growth,2.762673914268011,APOE|BCL2|CDKN1A|CXADR|FN1|IFRD1|RBP4|RGS2|SPP1|CXCR4|BASP1|SYT17|BCL11A,3.0672764227642277,FGF13|IGF1|RBPJ|IL7|PRKN|CXCL12|SYT1|AKAP6|SEMA6A|DIP2B|SPTBN4,2.257563608511453,APOE|CRABP2|CSF1|EFNA5|ERBB4|FN1|GHR|IFRD1|IGF1|MAP1B|PRKN|RBP4|CXCL12|CDKL5|SEMA5A|NTN1|ULK2|SEMA3E|CITED2|SEMA3A|BASP1|OLFM1|SEMA3C|PLCB1|ZFPM2,regulation of developmental growth
Vitamin D receptor pathway,7.082264020451766,BCL6|CD9|ADGRE5|CDKN1A|HLA-DQA1|HLA-DQA2|HLA-DRB1|IRF8|JUNB|MXD1|MX2|PTGER4|S100A8|S100A9|SLC8A1|SPP1|TGFB2|THBD|TNFAIP3,3.423659050397018,IRF4|LRP5|PRKCQ|SLC8A1|TPM1|KLF4|KL,3.4846158286670903,STS|CCND1|BCL6|CD9|EFNA5|FOXO1|ID1|ID4|IGFBP5|JUNB|LRP5|TNFRSF11B|PTGER4|PTHLH|SFRP1|TGFB2|TIMP3|TPM1|KLF4|ADAMTS5|G0S2|STEAP4,Vitamin D receptor pathway
cellular response to nitrogen compound,2.818528907869075,COL3A1|FBP1|NR4A1|HSPA5|HTR7|INSIG1|ITGA4|MMP2|NFKB1|NR4A2|PDE3A|PDE3B|PDE4B|PPARG|PRKCB|SLC1A3|SLC8A1|TNF|CXCR4|NR4A3|RIPK2|RIGI|NSMF|BCL11A|TREM2|SYAP1,2.844808897686036,ACTN2|CD36|CYP1B1|GABRB2|HRH1|HTR1F|HTR2B|IGF1|IGF1R|PRKN|PDK4|RYR1|SHMT1|SLC8A1|BCAR3|PIK3R3|AKAP6|GNA14|HDAC9|PDGFC,2.625655317246042,AQP1|CACNA2D1|CAV1|CAV2|COL1A1|COL1A2|COL3A1|COL4A1|COL5A2|COL6A1|CYP1B1|EDNRA|EGFR|EGR1|FBN1|FOXO1|FOS|FYN|GAB1|GABRB1|GHR|GUCY1B1|HSPA5|ID1|IFIT1|IGF1|IGF1R|IGFBP5|INSIG1|JUN|MAP1B|MMP2|MMP3|NPR2|NTRK2|DDR2|PRKN|PDE3A|PDE4B|PDGFRA|ENPP1|PPARG|PRKCI|RARRES2|RYR2|SFRP1|ZEB1|VCAM1|RIPK2|SLIT2|GNA14|PLCB1|RIGI|ERRFI1|PDGFD|SYAP1|STXBP4,cellular response to nitrogen compound
Signaling by Interleukins,3.978897411734836,ANXA1|BCL2|BCL6|CDKN1A|FN1|CXCL2|HGF|HMOX1|IL1B|CXCL8|ITGAX|JUNB|MMP2|NFKB1|NFKBIA|MAP2K6|CCL3|CCL3L1|CCL4|SOD2|TIMP1|TNF|IL1R2|RIPK2|IL18R1|BATF|CCR2,2.900442052661926,CD36|CEBPD|F13A1|FCER2|FOXO3|IL2RA|IL7|IL12RB2|IRF4|CCL2|YES1|PIK3R3|PELI2|PELI1|TSLP,1.941218331614753,CCND1|BCL6|CEBPD|COL1A2|CSF1|FOXO1|FN1|FOS|FYN|IL1R1|JUN|JUNB|SMAD3|MMP2|MMP3|NFKBIA|PPP2R5D|MAPK8|MAPK10|MAP2K6|RORA|CCL2|SOD2|ZEB1|TIMP1|VCAM1|YES1|RIPK2|SOCS3|IL32|CRLF1,Signaling by Interleukins
cell population proliferation,2.792164325810214,ACVR2A|BCL2|BCL6|BRCA2|RUNX2|CD9|CD28|CD74|CKS2|COL3A1|CXADR|FLT3|B4GALT1|HGF|HMOX1|ID2|JUNB|SORL1|TGFB2|TNF|NR4A3|RIPK2|KANK1|HIPK2|TREM2|NDRG2|NFKBIZ|GAPT,2.355208739758096,CCND3|FGF13|IGF1|IGFBP4|RBPJ|IL2RA|IL7|INSM1|LRP5|MMP16|PRKCQ|SOX5|BTG2|FZD9|CALCRL|PDGFC|PELI1|CLEC4G,3.220403183575021,ADM|CCND1|BCL6|CAV1|CAV2|RUNX2|CD9|CD34|CD70|CDH13|CKS1B|CLU|COL3A1|COL8A1|COMP|CSF1|CCN2|EDNRA|EGFR|EGR1|EML1|ESR1|MECOM|EXT1|FAP|FGF7|FGF10|FOS|FYN|GLI3|HES1|ID2|ID4|IGF1|IGFBP4|IGFBP5|JUN|JUNB|LEPR|LRP5|NFIB|CCN3|NPR2|DDR2|PDGFRB|PRRX1|RORA|SFRP2|ST8SIA1|SIX3|SOX4|SOX5|ZEB1|TGFB2|VEGFC|ZBTB16|PDE5A|RIPK2|ALDH1A2|SEMA5A|CYP7B1|NTN1|CALCRL|CITED2|KANK1|NUPR1|HIPK2|CDON|LGR4|CD248|NDRG2|NFKBIZ|CTHRC1|OSR2|BMPER|MUSTN1,cell population proliferation
negative regulation of neuron apoptotic process,3.147940102808612,APOE|BCL2|CX3CR1|HMOX1|NR4A2|SOD2|HIPK2,4.720547409579667,GABRB2|GRIK2|PRKN|PRKCG|CCL2|BTG2|FZD9|OXR1,3.0574693722498334,ANGPT1|APOE|CCND1|JUN|MDK|NTRK2|PRKN|PRKCI|CCL2|SOD2|ALKBH1|CRLF1|SEMA3E|HIPK2|RETREG1|OXR1,negative regulation of neuron apoptotic process
positive regulation of cell death,3.7040979125525766,ANXA1|RHOB|ATF3|BCL2|BCL2A1|BCL6|CDKN1A|CTSK|CTSL|B4GALT1|GSN|HMOX1|NR4A1|IFIT2|ITGA4|KCNMA1|LGALS2|LTB|MMP2|GADD45B|PPARG|MAP2K6|S100A8|S100A9|CCL3|SOD2|TGFB2|TNF|AKR1C3|RIPK2|TNFRSF10B|RGCC|CLEC7A,2.0619138242326644,CALCR|CD36|CTSC|CTSD|CYP1B1|FCER2|FOXO3|HPGD|HTRA1|CCL2|FZD9|VNN1|STK17B|WWOX,2.861761791658963,ADM|RHOB|BCL6|CAV1|CLU|CCN2|CTSK|CYP1B1|EGR1|FAP|FOXO1|FOS|FRZB|FYN|GSN|ID3|CCN1|ITGA1|JUN|KCNMA1|MMP2|MMP3|GADD45B|DDR2|PDGFRB|PPARG|PRKCI|MAPK8|MAP2K6|HTRA1|PTGIS|CCL2|SFRP1|SFRP2|SFRP4|SOD2|SOX4|TGFB2|THBS1|TIMP3|ZBTB16|UNC5C|AKR1C3|CRADD|RIPK2|ALDH1A2|SLIT2|AKAP12|DLC1|OLFM1|EMILIN1|PHLDA1|NUPR1|RGCC|G0S2|WWOX|DDIT4|CD248|JMY|HTRA4,positive regulation of cell death
second-messenger-mediated signaling,3.686289749511459,APOE|DEFB1|EDNRB|FCGR3A|CXCL8|PDE3A|CCL3|SLC8A1|TNF|CXCR4|MCU,4.397144522144522,CD36|DMD|HRH1|HTR2B|PDE9A|SLC8A1|AKAP6|PDE7B|MCTP2|ADGRG6,3.4176039858081078,ADCY2|ADM|ANK2|APOE|AQP1|CACNA1C|DEFB1|DMD|DMPK|GUCY1A2|GUCY1A1|GUCY1B1|NPR2|PDE3A|PLN|PRKG1|RYR2|SGCD|VCAM1|RCAN2|PDE7B|RASD1|NCALD|MCU,second-messenger-mediated signaling
adaptive immune response based on somatic recombination of immune receptors built from immunoglobulin superfamily domains,8.2700121344972,BCL6|C3|CD74|CD55|FCGR3A|HLA-DOA|HLA-DPA1|HLA-DPB1|HLA-DQA1|HLA-DQA2|HLA-DQB1|HLA-DRA|HLA-DRB1|HLA-DRB5|SPN|IL18R1|BATF|MYO1G|NFKBIZ|SHLD1|GAPT,3.6170861153912,SERPING1|C4BPB|CTSC|CR1|IRF4|KDM5D|CLEC4G,2.175424006032279,BCL6|SERPING1|C1R|C1S|C3|CD70|CLU|CD55|CFI|RORA|KDM5D|BACH2|NFKBIZ,adaptive immune response based on somatic recombination of immune receptors built from immunoglobulin superfamily domains
regulation of system process,3.302407552861826,APOE|CXADR|EDNRB|FABP5|GCH1|HGF|NR4A1|ITGAX|MMP2|PDE4B|PKP2|PPARG|PRKCA|RGS2|CCL3|SGK1|SLC8A1|SPP1|TGFB2|TNF|TNNI2|NR4A3|DOCK4|EIF4A3|RNLS|TMIGD3|TSHZ3|NETO2,2.6308465364302926,CTSC|DMD|FGF13|FOXO3|HRH1|IGF1|NPTX2|PDE9A|SLC8A1|TPM1|DLGAP2|AKAP6|CALCRL|KCNMB4|RETN|CELF4|SPTBN4,2.355505962017771,ADM|ANK2|APOE|AQP1|CACNA1C|CACNA2D1|CAV1|CCN2|DMD|DMPK|HBEGF|EDNRA|FGF10|FOXO1|GUCY1A1|IGF1|IGFBP5|SMAD3|MMP2|CCN3|PDE4B|FXYD1|PLN|PPARG|PRKCA|PRKG1|RYR2|SLN|TGFB2|TNNC2|TPM1|TRPC1|PDE5A|DLGAP2|EIF4A3|GJC1|ABCC9|CALCRL|MYL9|NLGN1|TNNI3K|ERRFI1|PARD3|TSHZ3|TMEM108|MLIP|ARHGAP42,regulation of system process
cellular response to organonitrogen compound,2.8547872214646604,COL3A1|FBP1|NR4A1|HSPA5|HTR7|INSIG1|ITGA4|MMP2|NFKB1|NR4A2|PDE3A|PDE3B|PDE4B|PPARG|SLC1A3|SLC8A1|TNF|CXCR4|NR4A3|RIPK2|NSMF|BCL11A|TREM2|SYAP1,3.1215223911469647,ACTN2|CD36|CYP1B1|GABRB2|HRH1|HTR1F|HTR2B|IGF1|IGF1R|PRKN|PDK4|RYR1|SHMT1|SLC8A1|BCAR3|PIK3R3|AKAP6|GNA14|HDAC9|PDGFC,2.678872748830246,AQP1|CACNA2D1|CAV1|CAV2|COL1A1|COL1A2|COL3A1|COL4A1|COL5A2|COL6A1|CYP1B1|EDNRA|EGFR|EGR1|FBN1|FOXO1|FOS|FYN|GAB1|GABRB1|GHR|HSPA5|ID1|IGF1|IGF1R|IGFBP5|INSIG1|JUN|MAP1B|MMP2|NPR2|NTRK2|DDR2|PRKN|PDE3A|PDE4B|PDGFRA|ENPP1|PPARG|PRKCI|RARRES2|RYR2|SFRP1|ZEB1|VCAM1|RIPK2|SLIT2|GNA14|PLCB1|ERRFI1|PDGFD|SYAP1|STXBP4,cellular response to organonitrogen compound
striated muscle contraction,4.435733781230317,GSN|PKP2|MAP2K6|SLC8A1|TNF|TNNI2|CXCR4,4.157300275482093,DMD|DTNA|SLC8A1|TPM1|TTN,3.500454991524667,ANK2|CACNA1C|CACNA2D1|DMD|DMPK|GSN|MAP2K6|RYR2|SGCD|TNNC2|TPM1|GJC1|ABCC9,striated muscle contraction
Interleukin-4 and Interleukin-13 signaling,9.68116499871696,ANXA1|BCL2|BCL6|CDKN1A|FN1|HGF|HMOX1|IL1B|CXCL8|ITGAX|JUNB|MMP2|TIMP1|TNF|BATF,5.92800224466891,CD36|CEBPD|F13A1|FCER2|FOXO3|IRF4|CCL2,4.388034747210409,CCND1|BCL6|CEBPD|COL1A2|FOXO1|FN1|FOS|JUNB|MMP2|MMP3|RORA|CCL2|ZEB1|TIMP1|VCAM1|SOCS3,Interleukin-4 and Interleukin-13 signaling
positive regulation of lymphocyte activation,5.968571448750274,ANXA1|BCL2|BCL6|CD1D|CD28|CD74|CDKN1A|CD55|GPR183|FCGR3A|HLA-DOA|HLA-DPA1|HLA-DPB1|HLA-DQA1|HLA-DQA2|HLA-DQB1|HLA-DRA|HLA-DRB1|HLA-DRB5|IL1B|RIPK2|CD83|NFKBIZ|CLEC7A|NLRP3|SHLD1|IL4I1|CCR2,3.636048558984339,CR1|FOXO3|IGF1|IL2RA|IL7|PRKCQ|CCL2|TFRC|YES1|VNN1|CD209|PELI1|PDCD1LG2,1.9021526771164388,BCL6|CAV1|CD70|CD55|DPP4|FGF10|FYN|GLI3|HES1|IGF1|IGFBP2|MDK|CCL2|SOX4|THY1|VCAM1|YES1|ZBTB16|RIPK2|NFKBIZ|CD24,positive regulation of lymphocyte activation
response to bacterium,4.005999309813915,ACP5|C3|CD1D|CX3CR1|DEFB1|EDNRB|GCH1|CXCL2|CXCL3|HLA-DRB1|HMGB2|NR4A1|IRF8|IL1B|CXCL8|LPL|LYZ|NFKB1|NFKBIA|SERPINE1|PDE4B|PRKCE|PTGER4|RGS1|S100A8|S100A9|CCL3|SOD2|SPN|THBD|TNF|TNFAIP3|RIPK2|CLDN1|ISG15|CLEC4E|TREM2|NFKBIZ|C15orf48|NLRP3,2.496769418321142,ABCD2|C4BPB|CD36|CFD|FKBP5|HPGD|RBPJ|IL12RB2|MRC1|CFP|RNASE1|CCL2|FAM20A|TENT5A|PELI1|PDCD1LG2|MACROD2|NAALADL2|SLC9A9,1.7022548588316246,ADM|AQP1|C3|CAV1|CSF1|DEFB1|CFD|FABP4|FGF10|FOS|HMGB2|LOXL1|NFIB|NFKBIA|SERPINE1|PDE4B|PLA2G2A|PRKCE|PRKD1|MAPK8|PTGER4|RARRES2|CCL2|SLPI|SOD2|VCAM1|RIPK2|AKAP12|ISG15|SPON2|ADAMTS5|FAM20A|HERC6|TENT5A|NFKBIZ|HMCN1|MACROD2|CCDC80|NAALADL2|CD24,response to bacterium
metal ion homeostasis,2.890181941080381,APOE|BCL2|EDNRB|HMOX1|KCNMA1|PRKCB|S100A8|S100A9|CCL3|SLC1A3|SLC8A1|SOD2|CNNM2|SLC39A8|MCU|TMTC2|CCR2,4.015343680709535,CACNB4|GPR12|GRIK2|HTR2B|NEO1|PRKN|RYR1|CCL8|CCL13|CCL14|CXCL12|SLC8A1|TFRC|FZD9|KL|SV2B|SLC40A1|FAM20A,2.167261064170995,ADM|ANK2|ANK3|APOE|CACNB4|CAV1|CAV2|CP|DMPK|EDNRA|EXT1|KCNMA1|MT2A|NEO1|PRKN|PLN|RYR2|CXCL12|SGCD|SOD2|TRPC1|SV2B|FAM20A|CNNM2|SLC24A3|STEAP4|MCU|TMTC2|MICU3|SCARA5,metal ion homeostasis
positive regulation of cell migration,5.145139359599313,ANXA1|RHOB|BCL2|CD74|CX3CR1|FN1|HGF|HMOX1|HSPA5|HSPB1|IL1B|CXCL8|ITGA4|ITGAX|LGALS3|MMP2|NEDD9|SERPINE1|PRKCA|PRKCE|CCL3|CCL4|SLC8A1|SOD2|SPN|TGFB2|TNF|CXCR4|PLA2G7|NR4A3|CLDN1|MAP4K4|DOCK4|RIPOR2|GPNMB|FERMT2|NSMF|TREM2|CASS4|CLEC7A|MCU|CCR2,2.7325664376630985,CLDN4|CYP1B1|IGF1|IGF1R|INSM1|ENPP2|CXCL12|SLC8A1|PIK3R3|PLPP3|HDAC9|ATP8A1|RRAS2|DAAM2|PDGFC|SEMA6A|EPB41L5,4.008226818739209,ACTA2|ANGPT1|AQP1|RHOB|CAV1|CDH13|COL1A1|CSF1|CYP1B1|HBEGF|EGFR|F3|FGF7|FGF10|FN1|GAB1|HAS2|HSPA5|HSPB1|HYAL1|IGF1|IGF1R|IGFBP5|CCN1|IL1R1|JUN|LAMB1|LGALS3|SMAD3|MCAM|MDK|MMP2|MYLK|MYOC|NEDD9|DDR2|SERPINE1|PDGFRA|PDGFRB|ENPP2|PRKCA|PRKCE|PRKD1|PTN|RARRES2|CXCL12|SOD2|SPARC|TGFB2|THBS1|THBS4|THY1|TNFAIP6|VEGFC|PLPP3|SEMA5A|MAP4K4|AKAP12|SEMA3E|SEMA3A|GPNMB|SEMA3C|FERMT2|MAPRE2|RRAS2|SYNE2|SASH1|DAAM2|CARMIL1|ACKR3|CEMIP|RHOJ|EPB41L5|SMOC2|PDGFD|SYDE1|MCU,positive regulation of cell migration
innate immune response,3.929643349814777,ANXA1|C3|CD1D|CD2|CD74|CX3CR1|CD55|DEFB1|FCGR3A|FCN1|IFI6|GBP1|GCH1|GSN|HLA-DPA1|HMGB2|IRF8|IFI27|IFIT2|IFIT3|IRF1|LGALS3|CIITA|MX2|NFKB1|PPARG|S100A8|S100A9|CCL3|CCL3L1|CCL4|TNF|RIPK2|CLDN1|ISG15|RIGI|CLEC5A|CLEC4E|CLEC7A|NLRP3|PLD4|NCF1,2.455318283506203,SERPING1|C4BPB|CR1|CFD|FRK|MRC1|CFP|CCL2|CCL8|CCL13|CCL14|CCL18|SKP2|YES1|MARCO|VNN1|IFITM3|CLEC10A|CD209|RAB20,1.6300518339469543,CFB|SERPING1|C1R|C1S|C3|CLU|CSF1|CD55|DEFB1|CFD|FLNB|FRK|FYN|IFI6|GBP1|GSN|CFH|HMGB2|CFI|IFI27|IFIT1|IFIT3|IRF1|KLRD1|LGALS3|SH2D1A|MMP3|MX1|PPARG|PRKD1|RARRES2|CCL2|SLPI|YES1|RIPK2|ISG15|IFITM3|SPON2|RIGI|LGR4|STXBP4,innate immune response
cellular response to growth factor stimulus,3.142410934009768,ACVR2A|ANXA1|RUNX2|COL3A1|CTSK|CX3CR1|FLT3|HGF|NR4A1|HSPA5|HSPB1|CXCL8|PDE3A|PPARG|TGFB2|CLDN1|EIF4A3|FERMT2|HIPK2|CHST11|NFKBIZ|SYAP1,2.24903129657228,HPGD|IGF1R|CCL2|SOX5|YES1|USP9Y|KLF4|KL|FEZ1|WWOX|SEMA6A|EPB41L5,4.97700252578066,ACTA2|ANGPT2|CAV1|CAV2|RUNX2|COL1A1|COL1A2|COL3A1|COL4A2|COMP|CCN2|CTSK|EGFR|EGR1|ERBB4|EXT1|FBN1|FGF7|FGF10|FMOD|FOS|FYN|GAB1|GAS1|HAS1|HAS2|HES1|HSPA5|HSPB1|HYAL1|ID1|IGF1R|ITGB8|JUN|LTBP3|SMAD3|MAP1B|MT1G|NTRK2|DDR2|PDE3A|PDGFRA|PDGFRB|PPARG|PRKD1|PTPRK|CCL2|SFRP1|SFRP2|SOX5|ZEB1|TGFB2|THBS1|VCAM1|VEGFC|YES1|USP9Y|LTBP4|CILP|ITGA8|KLF4|FEZ1|EIF4A3|MAGI2|RAMP2|CITED2|FERMT2|ADAMTS7|FLRT2|HIPK2|WWOX|ERRFI1|DDIT4|SOX6|EPB41L5|NFKBIZ|GAREM1|TMEM108|PDGFD|ADAMTS12|SYAP1|BMPER,cellular response to growth factor stimulus
muscle contraction,3.362930999554313,EDNRB|GSN|HTR7|KCNMA1|PKP2|MAP2K6|SLC8A1|SNTB1|TNF|TNNI2|CXCR4,3.209144072301967,APBB2|DMD|DTNA|HTR2B|RYR1|SLC8A1|TPM1|TTN,3.637449856240208,ANK2|APBB2|CACNA1C|CACNA2D1|CALD1|COMP|CRYAB|DMD|DMPK|EDNRA|GSN|KCNMA1|MYH11|MYLK|FXYD1|MAP2K6|RYR2|SGCD|SMTN|SNTB1|TNNC2|TPM1|TPM2|SSPN|GJC1|ABCC9|SULF1|LMOD1,muscle contraction
monoatomic cation homeostasis,2.675521963281778,APOE|BCL2|EDNRB|HMOX1|KCNMA1|PRKCB|S100A8|S100A9|CCL3|SLC1A3|SLC8A1|SOD2|RAB39A|CNNM2|SLC39A8|SLC9A7|MCU|TMTC2|CCR2,3.880146923783287,CACNB4|GPR12|GRIK2|HTR2B|NEO1|PRKN|PDK4|RYR1|CCL8|CCL13|CCL14|CXCL12|SLC8A1|TFRC|FZD9|KL|SV2B|SLC40A1|FAM20A|RAB20|SLC9A9,1.7951051238588038,ADM|ANK2|ANK3|APOE|CACNB4|CAV1|CAV2|CP|DMPK|EDNRA|EXT1|KCNMA1|MT2A|NEO1|PRKN|PLN|RYR2|CXCL12|SGCD|SOD2|TRPC1|SV2B|FAM20A|CNNM2|SLC24A3|STEAP4|MCU|TMTC2|MICU3|SCARA5,monoatomic cation homeostasis
Complement and coagulation cascades,7.210798757665048,C3|CD55|SERPINE1|SERPINA1|PLAUR|THBD,5.317477096546864,SERPING1|C4BPB|CR1|CFD|F13A1,6.638793949443334,CFB|SERPING1|C1R|C1S|C3|CLU|CD55|CFD|F3|CFH|CFI|SERPINE1|TFPI,Complement and coagulation cascades
inflammatory response,5.540274831058727,ANXA1|BCL6|C3|ADGRE5|CX3CR1|FCGR3A|FN1|B4GALT1|CXCL2|CXCL3|HLA-DRB1|HMGB2|HMOX1|IL1B|CXCL8|ITGAL|LYZ|CIITA|NFKB1|OLR1|SERPINA1|PTGER4|S100A8|S100A9|CCL3|CCL3L1|CCL4|SPP1|TIMP1|TNF|TNFAIP3|CXCR4|RIPK2|IL18R1|C5AR2|ADGRE2|TREM2|TMIGD3|NFKBIZ|CLEC7A|NLRP3|PLD4|CCR2,2.7049347448608074,CD36|HRH1|IGFBP4|RBPJ|IL2RA|PRKCQ|SCN9A|CCL2|CCL8|CCL13|CCL14|CCL18|TFRC|VNN1|KL|HDAC9,1.9709656997636404,ADM|BCL6|C3|CDO1|CHI3L1|CLU|CSF1|EXT1|F3|FN1|FOS|GGT5|HMGB2|HSPG2|HYAL1|IGFBP4|IL1R1|JUN|MDK|MT1X|PLA2G2A|PRKD1|PTGER4|PTN|RARRES2|CCL2|THBS1|TIMP1|TNFAIP6|VCAM1|SCG2|TPST1|RIPK2|NUPR1|NOX4|NFKBIZ,inflammatory response
Hypertrophic cardiomyopathy,3.872465999486785,ITGA4|SLC8A1|TGFB2|TNF|CACNA2D3,6.097373737373737,CACNB4|DMD|IGF1|SLC8A1|TPM1|TTN,4.936539090611711,CACNA1C|CACNA2D1|CACNB4|DMD|IGF1|ITGA1|ITGB8|LAMA2|RYR2|SGCD|TGFB2|TPM1|TPM2|ITGA8|ITGA11,Hypertrophic cardiomyopathy
Network map of SARS-CoV-2 signaling pathway,7.034387778884252,APOC1|CD2|CTSL|FN1|IFI6|CXCL2|CXCL3|GSN|HLA-DRA|HLA-DRB1|HLA-DRB5|IFI27|IL1B|CXCL8|JUNB|SERPINE1|CCL3|CCL4|TNF|IL1R2|RIGI|NLRP3,3.775896580483737,CD247|CTSD|IL7|CFP|PRKCQ|CCL2|CCL8|CXCL12|IFITM3,3.668437305867418,APOC1|APOD|CFB|C1R|C1S|DUSP1|EGR1|FN1|FOS|FYN|IFI6|GSN|CFH|CFI|IFI27|IFIT1|JUN|JUNB|MX1|SERPINE1|MAPK8|CCL2|CXCL12|IFITM3|IFI44L|RIGI|DDIT4,Network map of SARS-CoV-2 signaling pathway
"Platelet activation, signaling and aggregation",4.240571132517848,RHOB|CD9|FN1|HGF|HSPA5|SERPINE1|SERPINA1|SRGN|PRKCA|PRKCB|PRKCE|PRKCH|TGFB2|TIMP1|APBB1IP|DGKH,3.825348542458809,ACTN2|SERPING1|CD36|CFD|F13A1|IGF1|PRKCG|PRKCQ|TTN|PIK3R3|GNA14,3.040757918931928,RHOB|SERPING1|CD9|CLU|COL1A1|COL1A2|DGKG|CFD|FN1|FYN|HSPA5|IGF1|ISLR|SERPINE1|PCDH7|PRKCA|PRKCE|PRKCH|RARRES2|SPARC|TGFB2|THBS1|TIMP1|TIMP3|VEGFC|DGKI|GNA14,"Platelet activation, signaling and aggregation"
regulation of MAPK cascade,3.4099988369581475,APOE|ATF3|CD74|DUSP2|GPR183|FLT3|FN1|GBP1|HGF|HLA-DRB1|IL1B|GADD45B|PPARG|PRKCA|PRKCE|MAP2K6|RGS2|CCL3|CCL3L1|CCL4|SORL1|STYX|TGFB2|TNF|RIPK2|MAP4K4|GPNMB|FERMT2|HIPK2|TREM2|NDRG2|NEK10|SCIMP|NCF1,2.763557880967953,CALCR|CD36|HTR2B|IGF1|IGF1R|IGFBP4|PRKN|CCL2|CCL8|CCL13|CCL14|CCL18|BCAR3|MARCO|KL|ARHGAP8|PDGFC|PELI2|SEMA6A|STYXL2|SPRED1,3.06846746351692,ACTA2|ANGPT1|APOE|CAV1|CAV2|CHI3L1|CCN2|DUSP1|EGFR|ERBB4|MECOM|FBLN1|FGF10|FOXO1|FN1|GBP1|GHR|IGF1|IGF1R|IGFBP4|IGFBP6|CCN1|ITGA1|JUN|MID1|GADD45B|MYOC|NTRK2|DDR2|PRKN|PDGFRA|PDGFRB|PLA2G2A|PPARG|PRKCA|PRKCE|MAP2K6|ROBO1|CCL2|SFRP1|SFRP2|STYX|TGFB2|THBS1|TIMP3|PDE5A|RIPK2|MAP4K4|AKAP12|SPRY1|SEMA3A|GPNMB|FERMT2|EMILIN1|ANKRD6|TNIK|PLCB1|PHLPP1|SASH1|HIPK2|NOX4|CDON|ERRFI1|ACKR3|NDRG2|GAREM1|PDGFD|LBH|NEK10|BMPER|SH3RF3|CD24,regulation of MAPK cascade
negative regulation of protein modification process,2.77154624217742,APOE|CDKN1A|HGF|HSPA1A|HSPB1|IL1B|LGALS3|GADD45B|PPARG|PKIB|PRKCE|RGS2|SLC8A1|SORL1|TNF|TNFAIP3|WARS1|ISG15|SAMSN1|NIBAN1,2.1819627688414966,DMD|INSM1|LRP5|PRKN|PRKCG|SLC8A1|PLPP3|FRY|CTDSPL|OXR1|CAMK2N1|SPRED1,2.590946958094417,ANGPT1|APOE|CAV1|CDKN1C|DMD|DUSP1|FABP4|FBLN1|FYN|HSPB1|JUN|LGALS3|LRP5|GADD45B|PRKN|ENPP1|FXYD1|PPARG|PRKCE|SFRP1|SFRP2|SOX4|NR2F2|THY1|WARS1|PLPP3|SOCS3|GPRC5A|SLIT2|ISG15|CTDSPL|SPRY1|EMILIN1|CADM1|ERRFI1|DDIT4|PID1|OXR1|CAMK2N1|PARD3|PPP4R4|NXN|SMYD3|NIBAN1,negative regulation of protein modification process
negative regulation of locomotion,3.101600402399251,APOE|RHOB|BCL2|CD74|COL3A1|CX3CR1|HMOX1|MITF|NEDD9|SERPINE1|PPARG|PTGER4|TIMP1|TNF|RIPOR2|KANK1|C5AR2|RGCC|TMIGD3,2.356128024980484,CYP1B1|FOXO3|CCL2|CXCL12|TPM1|KLF4|SRGAP1|SEMA6A|STARD13|SPRED1|NEXMIF,3.884489776219051,ANGPT2|APOD|APOE|RHOB|BMP5|COL3A1|CYP1B1|DCN|DPP4|DUSP1|FBLN1|HAS1|IGFBP5|MEOX2|MITF|NBL1|NEDD9|CCN3|SERPINE1|PPARG|PRKG1|PTGER4|PTPRG|PTPRK|ROBO1|ROBO2|CCL2|CXCL12|SFRP1|SFRP2|NR2F2|THBS1|THY1|TIMP1|TNFAIP6|TPM1|SEMA5A|KLF4|SLIT2|SEMA3E|MAGI2|CITED2|SEMA3A|DLC1|SEMA3C|EMILIN1|KANK1|SULF1|PLCB1|RGCC|SRGAP1|ARRDC3|MMP28|NAV3|PODN|SCAI,negative regulation of locomotion
Chronic hyperglycemia impairment of neuron function,12.391891198357712,C3|MMP2|MMP19|PRKCA|PRKCB|PRKCE|PRKCH|SLC2A3,8.12983164983165,MMP16|PRKCG|PRKCQ|SCN9A,6.582052120815615,C3|MMP2|MMP3|MMP19|PRKCA|PRKCE|PRKCH|PRKCI|SLC2A3|MMP28,Chronic hyperglycemia impairment of neuron function
Complement system in neuronal development and plasticity,5.211543027346702,C3|CX3CR1|CD55|FCN1|ITGAX|TGFB2|C5AR2|ATP10A,4.273860096290003,SERPING1|C4BPB|CR1|CFD|CFP,4.429044417745086,CFB|SERPING1|C1R|C1S|C3|CLU|CD55|CFD|CFH|CFI|MFGE8|PRKCI|TGFB2|PATJ|PARD3|ATP10A,Complement system in neuronal development and plasticity
response to mechanical stimulus,4.214683925022826,GSN|IL1B|IRF1|MMP2|NFKB1|NFKBIA|PTGER4|SLC1A3|SLC8A1|TNF|TUBA1A|CXCR4|TNFRSF10B,4.253981677237491,DMD|ETV1|FOSB|IGF1R|SCN9A|CXCL12|SLC8A1|TTN|BTG2|RETN,4.270680329552457,ANGPT2|AQP1|CHI3L1|COL1A1|CSF1|DMD|FOS|FOSB|FYN|GSN|IGF1R|IGFBP2|IRF1|JUN|MAP1B|MDK|MEIS2|MMP2|NFKBIA|DDR2|SERPINE2|MAPK8|PTGER4|PTN|RYR2|CXCL12|THBS1|TUBA1A|CRADD|CITED2|PIEZO2,response to mechanical stimulus
actin cytoskeleton organization,2.9043494996150887,ANXA1|BCL2|BCL6|CAPG|CXADR|GSN|MYO1E|NEDD9|TNF|PSTPIP2|TESK2|ARHGAP26|KANK1|SIPA1L1|CASS4|MYO1G|LIMD2|MCU|FMNL2|PHACTR1|GAS2L3|FMN1,2.2518709825528007,ACTN2|RND3|HIP1|TPM1|TTN|DAAM2|AUTS2|MYO5C|EPB41L5|SPTBN4|STARD13|FRMD3|FMN1,2.692657685788206,AQP1|RND3|BCL6|CALD1|CSRP2|ELN|FGF7|FGF10|FLNB|GAB1|GSN|HIP1|MYH11|MYO1E|NEDD9|PDGFRA|PDGFRB|PLS3|PRKCI|PRKG1|SMTN|SPTBN1|TNXB|TPM1|TPM2|DLC1|MYL9|TNIK|KANK1|DAAM2|LMOD1|SIPA1L1|AUTS2|PDLIM3|LIMA1|CARMIL1|ENAH|RHOJ|SHROOM4|EPB41L5|HMCN1|MYPN|SYDE1|MCU|NOSTRIN|JMY|THSD7A|FRMD3,actin cytoskeleton organization
regulation of secretion by cell,2.559077181479029,ANXA1|APOE|HLA-DRB1|HMOX1|IL1B|PPARG|PRKCB|PRKCE|MAP2K6|RBP4|S100A10|SPP1|TGFB2|TNF|DYSF|RGCC|ADGRE2|SYT17|TREM2|MCU|CCR2,2.5583386310659035,CACNB4|IGF1|LRP5|PRKN|PRKCG|RFX3|CXCL12|SYT1|TTN|RPH3AL|SNCAIP|SV2B|KCNMB4|MCTP2|RETN|CADPS2,1.708801992904054,APOE|CACNB4|EFNA5|FOXO1|IGF1|LRP5|CCN3|PRKN|PPARG|PRKCE|MAP2K6|RBP4|S100A10|CXCL12|SFRP1|SNCG|SOX4|TCF7L2|TGFB2|VEGFC|CASK|MYOM1|SNCAIP|SV2B|NLGN1|PLCB1|RGCC|STXBP6|MCU|CADPS2|C1QTNF3|SLC9B2|STXBP4,regulation of secretion by cell
regulation of cell activation,5.746621300001762,ANXA1|APOE|BCL2|BCL6|CD1D|CD2|CD9|CD28|CD74|CDKN1A|CD55|GPR183|FCGR3A|FN1|HLA-DOA|HLA-DPA1|HLA-DPB1|HLA-DQA1|HLA-DQA2|HLA-DQB1|HLA-DRA|HLA-DRB1|HLA-DRB5|HMOX1|ID2|IL1B|IRF1|JUNB|LDLR|LGALS3|NEDD9|PRKCA|CCL3|SPN|THBD|TNF|TNFAIP3|TXK|NR4A3|RIPK2|CD83|RIPOR2|GPNMB|BATF|ADGRE2|TREM2|PAG1|SAMSN1|NFKBIZ|CLEC7A|NLRP3|SHLD1|IL4I1|CCR2,2.513421235253296,CTSC|CR1|FOXO3|IGF1|IL2RA|IL7|IRF4|LMO1|PRKCQ|CCL2|TFRC|YES1|VNN1|CD209|PELI1|PDCD1LG2|TSLP|CLEC4G,2.215790065098997,ACTA2|APOE|BCL6|CAV1|CD9|CD70|CCN2|CD55|DPP4|FGF10|FN1|FYN|GLI3|HES1|ID2|IGF1|IGFBP2|IRF1|JUNB|KLRD1|LGALS3|MDK|NEDD9|DDR2|PDGFRA|PDGFRB|SERPINE2|PLA2G2A|PRKCA|PRKG1|RORA|CCL2|SFRP1|SOX4|ZEB1|THBS1|THY1|VCAM1|YES1|ZBTB16|PDE5A|RIPK2|GPNMB|EMILIN1|NFKBIZ|ZBTB46|LRFN5|APLF|CD24,regulation of cell activation
regulation of complement activation,12.67352508922948,C3|CD55|IL1B|TREM2,12.47190082644628,SERPING1|C4BPB|CR1,5.385315371576412,SERPING1|C3|CD55|CFH,regulation of complement activation
muscle organ development,2.4975513612325195,ATF3|BCL2|CENPF|COL3A1|NR4A1|PKP2|TGFB2|RIPOR2|BASP1|GPCPD1|HIVEP3,2.97917283585036,DMD|ETV1|IGF1|RBPJ|RYR1|TPM1|TTN|BTG2|LARGE1|DISP1,3.376785697161105,CAV1|CAV2|COL3A1|COL6A3|CRYAB|DMD|HBEGF|EDNRA|EGR1|ELN|FHL1|FLNB|FOS|ID3|IGF1|LAMA2|MEOX2|MYLK|RYR2|SGCD|SMTN|TAGLN|NR2F2|TGFB2|TPM1|LARGE1|CITED2|BASP1|ITGA11|ZFPM2|NUPR1|CDON|SOX6|ARID5B|GSC,muscle organ development
regulation of supramolecular fiber organization,2.409992137978478,APOE|CAPG|GSN|HSPA1A|LDLR|PRKCE|PTGER4|S100A10|FERMT2|KANK1|RGCC|TREM2|FMN1,2.675709219858156,ACTN2|FGF13|STMN1|PRKN|CXCL12|TPM1|FCHSD2|DAAM2|SPTBN4|SLAIN1|FMN1,2.835884158436514,AEBP1|APOE|CLU|CRYAB|CCN2|ELN|GSN|ID1|SMAD3|MAP1B|MID1|MYOC|PRKN|PRKCE|PTGER4|S100A10|CXCL12|SFRP1|SPTBN1|TNXB|TPM1|SEMA5A|SLIT2|DLC1|FERMT2|CIT|EMILIN1|KANK1|DAAM2|LMOD1|RGCC|LIMA1|CARMIL1|NAV3|PLEKHH2|SYNPO2,regulation of supramolecular fiber organization
cellular response to cytokine stimulus,3.587013012042001,BIRC3|CD74|CTSK|CX3CR1|ACSL1|FLT3|GBP1|CXCL2|CXCL3|GSN|HLA-DPA1|HSPA5|IRF8|IFI27|IL1B|CXCL8|IRF1|ITGA4|LSP1|MMP2|NFKB1|NFKBIA|CCL3|CCL3L1|CCL4|TNF|IL1R2|CXCR4|RIPK2|IL18R1|CLDN1|ST18|RIPOR2|TREM2|NFKBIZ|POLR1F|CCR2,2.5441058709487083,CACNB4|CYP1B1|FOXO3|IL2RA|IL7|IL12RB2|MRC1|CCL2|CCL8|CCL13|CCL14|CCL18|CXCL12|SHMT1|TFRC|TNFRSF25|KLF4|AKAP6|IFITM3|RAB20,2.512897506486629,CACNB4|CAV1|CD70|CHI3L1|COL1A1|CSF1|CTSK|CYP1B1|DUSP1|EGR1|EXT1|FABP4|FLNB|FOS|GBP1|GHR|GSN|HAS2|HES1|HSPA5|HYAL1|IFI27|IFIT1|IL1R1|IRF1|LEPR|LSP1|MMP2|MT1X|MT2A|MX1|NFIL3|NFKBIA|NPR2|PTGIS|RORA|CCL2|CXCL12|SFRP1|THBS1|UGCG|VCAM1|VEGFC|RIPK2|SOCS3|CRLF1|KLF4|AKAP12|GFPT2|IFITM3|PTP4A3|ADAMTS7|PLCB1|PCOLCE2|PID1|ACKR3|NFKBIZ|ADAMTS12|ARID5B|POLR1F|STXBP4,cellular response to cytokine stimulus
Inflammatory mediator regulation of TRP channels,4.978884856483009,IL1B|PRKCA|PRKCB|PRKCE|PRKCH|MAP2K6|PTGER4,5.599628942486085,HRH1|HTR2B|IGF1|PRKCG|PRKCQ|PIK3R3,3.6268450461637056,ADCY2|ADCY9|IGF1|IL1R1|PRKCA|PRKCE|PRKCH|MAPK8|MAPK10|MAP2K6|PTGER4|PLCB1,Inflammatory mediator regulation of TRP channels
peptidyl-tyrosine modification,3.0306255648157445,FLT3|MATK|MAP2K6|TXK|RIPK2|TESK2|HIPK2,3.4084697910784865,FRK|IGF1R|IL12RB2|ROR1|TTN|YES1,3.8633784187396,CAV1|EGFR|EPHA3|ERBB4|EFEMP1|FRK|FYN|GHR|IGF1R|NTRK2|ROR1|DDR2|PDGFRA|PDGFRB|MAP2K6|WEE1|YES1|TPST1|RIPK2|HIPK2|EPHA6,peptidyl-tyrosine modification
positive regulation of locomotion,5.03611341805178,ANXA1|RHOB|BCL2|CD74|CX3CR1|DEFB1|FN1|HGF|HMOX1|HSPA5|HSPB1|IL1B|CXCL8|ITGA4|ITGAX|LGALS3|MMP2|NEDD9|SERPINE1|PRKCA|PRKCE|CCL3|CCL4|SLC8A1|SOD2|SPN|TGFB2|TNF|CXCR4|PLA2G7|NR4A3|CLDN1|MAP4K4|DOCK4|RIPOR2|GPNMB|FERMT2|NSMF|TREM2|SUCNR1|CASS4|CLEC7A|MCU|CCR2,2.5530875255013186,CLDN4|CYP1B1|IGF1|IGF1R|INSM1|ENPP2|CXCL12|SLC8A1|PIK3R3|PLPP3|HDAC9|ATP8A1|RRAS2|DAAM2|PDGFC|SEMA6A|EPB41L5,3.988139954976949,ACTA2|ANGPT1|AQP1|RHOB|CAV1|CDH13|COL1A1|CSF1|CYP1B1|DEFB1|HBEGF|EGFR|F3|FGF7|FGF10|FN1|GAB1|HAS2|HSPA5|HSPB1|HYAL1|IGF1|IGF1R|IGFBP5|CCN1|IL1R1|JUN|LAMB1|LGALS3|SMAD3|MCAM|MDK|MMP2|MYLK|MYOC|NEDD9|DDR2|SERPINE1|PDGFRA|PDGFRB|ENPP2|PRKCA|PRKCE|PRKD1|PTN|RARRES2|CXCL12|SOD2|SPARC|TGFB2|THBS1|THBS4|THY1|TNFAIP6|VEGFC|SCG2|PLPP3|SEMA5A|SLIT2|NTN1|MAP4K4|AKAP12|SEMA3E|SEMA3A|GPNMB|SEMA3C|FERMT2|MAPRE2|RRAS2|SYNE2|SASH1|DAAM2|CARMIL1|ACKR3|CEMIP|RHOJ|EPB41L5|SMOC2|PDGFD|SYDE1|MCU|CAVIN1,positive regulation of locomotion
vascular process in circulatory system,4.208566822083752,APOE|EDNRB|FABP5|GCH1|HTR7|MMP2|PDE3A|RGS2|SLC1A3|SLC2A3|SLC8A1|SOD2|TNF|ABCC3|DOCK4|FERMT2,2.761074899942824,CD36|HRH1|HTR2B|SLC8A1|TFRC|YES1|ATP8A1|KCNMB4,2.794267409780214,ADM|ANGPT1|APOE|CAV1|COMP|EDNRA|EXT1|GUCY1A1|ITGA1|LEPR|MMP2|PDE3A|PRKG1|SLC2A3|SOD2|SOD3|YES1|SLIT2|AKAP12|ABCC9|RAMP2|FERMT2|PTP4A3|SLC24A3|ARHGAP42,vascular process in circulatory system
Osteoblast differentiation and related diseases,3.514506957517418,RUNX2|PPARG|PRKCA|PRKCB|PRKCE|PRKCH,4.611459129106188,RBPJ|LRP5|PRKCG|PRKCQ|FZD9|PIK3R3,3.48461582866709,RUNX2|FGF7|FGF10|GLI3|LRP5|NOTCH3|PPARG|PRKCA|PRKCE|PRKCH|PRKCI|PRKD1|MAPK8|MAPK10,Osteoblast differentiation and related diseases
