Description,VSMC1_s,VSMC1_Hits,VSMC2_s,VSMC2_Hits,VSMC3_s,VSMC3_Hits,des
multi-multicellular organism process,4.805094527363185,FOS|IGFBP5|JUNB|PTN,4.863455999355449,AVPR1A|BCL2|CNR1|ESR1|IGFBP2|PAPPA|PCSK5|CITED2,3.108391165193143,BCL2|ESR1|FBLN1|FOS|FOSB|HPGD|JUNB|MMP2|PCSK5|PTN|CITED2|CLIC5|HAVCR2,multi-multicellular organism process
monoatomic ion homeostasis,3.333712031558185,CACNB2|KCNMA1|PLN|RYR2|SLC8A1|CNNM2|SLC24A3,2.8921735380782403,APOE|AVPR1A|BCL2|CNR1|EXT1|MT2A|CCL13|CXCL12|SLC12A2|TRPC6|STK39|STEAP4,2.1802598022588224,ANK3|APOE|ATP1B1|BCL2|EXT1|HMOX1|KCNMA1|MT2A|MYC|PRKN|PDK4|CXCL12|SGCD|SLC8A1|SLC4A4|STK39|CNNM2|SLC24A3|THADA|STEAP4|BTBD9|TMTC2|SCARA5,monoatomic ion homeostasis
Malignant pleural mesothelioma,7.682690909090908,ACTA2|ACTC1|ACTG2|ATF3|CDH13|CDKN1A|COL4A5|COL4A6|JUN|LAMA3|ROR1|PLCB4|ADAMTS1|CTNNA3,3.3325726904674267,BCL2|CD44|COL4A1|COL4A2|FABP4|FGF7|FGF14|MDK|MAPK10|CXCL12|PPARGC1A|IL34,4.041451939779965,ATF3|BCL2|CD44|CDH13|CDKN1A|CCN2|HBEGF|EFNA5|FGF7|FGF14|VEGFD|FN1|IGF1|JUN|LAMA2|MDK|MMP2|MMP3|MYC|ROR1|PLAU|PRKAA2|MAPK10|MAP2K5|MAP2K6|CCL2|CXCL12|SFRP1|SFRP2|SFRP4|TSC1|WNT2B|DEPTOR|PDGFD|TCF7L1|IL34|ADAMTSL4-AS1,Malignant pleural mesothelioma
ossification,5.211280575539568,IGFBP5|CCN1|JUNB|PTN|SATB2|SLC24A3,5.714123438091632,BCL2|COL1A1|COL1A2|EXT1|FHL2|GPM6B|ID4|IGFBP3|MGP|WWOX|ASPN|CSGALNACT1|ADAMTS12,3.976229207716629,BCL2|BMP5|COL1A1|COL1A2|COMP|VCAN|CCN2|EXT1|TNC|IGF1|CCN1|JUNB|MGP|MMP2|MYOC|MAP2K6|PTN|SFRP1|WWOX|ASPN|CSGALNACT1|SLC24A3|XYLT1,ossification
vascular process in circulatory system,4.55577358490566,ADRA1A|PDE3A|SLC8A1|KLF2|SLC24A3,4.6111068673134215,APOE|AVPR1A|CD36|EXT1|FABP5|KCNJ8|SLC2A3|SLC12A2|TJP2|ABCC9,2.539045787765893,AGTR1|APOE|COMP|EXT1|MMP2|SLC8A1|SLC4A4|SLIT2|DOCK4|RAMP2|KLF2|DDAH1|SLC24A3|DOCK5,vascular process in circulatory system
osteoblast differentiation,7.049810218978103,IGFBP5|CCN1|JUNB|SATB2,4.459647152693638,COL1A1|FHL2|ID4|IGFBP3|WWOX,3.1572597517318326,COL1A1|VCAN|TNC|CCN1|JUNB|MYOC|MAP2K6|SFRP1|WWOX,osteoblast differentiation
regulation of transporter activity,5.216641975308641,CACNA2D1|CACNB2|DMD|PLN|RRAD|RYR2|AKAP6,4.148572999450192,BCL2|FGF14|PPARG|PPP3CA|SLN|TRPC6|ABCC9|KCNE4|STK39|TESC|SHISA6,2.2250235904694504,ANK3|ATP1B1|BCL2|CACNA2D1|FGF14|GEM|PDE4D|PPARG|PPP3CA|CCL2|STAC|AKAP6|NLGN1|STK39|THADA,regulation of transporter activity
Focal adhesion: PI3K-Akt-mTOR-signaling pathway,4.797139072847682,CDKN1A|COL4A6|LAMA3|PPP2R2B|THBS1|ITGA8,4.450786926562458,COL1A1|COL1A2|COL3A1|COL4A1|COL4A2|FGF7|FGF14|SLC2A3|TNXB|PPARGC1A|COL5A3,3.660237482600076,CDKN1A|COL1A1|COL1A2|COL3A1|COMP|EFNA5|FGF7|FGF14|VEGFD|FN1|GHR|TNC|IGF1|ITGB8|LAMA2|PRKAA2|THBS1|THBS4|TNXB|TSC1|CREB5|DDIT4|PDGFD,Focal adhesion: PI3K-Akt-mTOR-signaling pathway
regulation of membrane potential,6.691621247113164,ADRA1A|CACNA1C|CACNA2D1|CACNB2|DMD|GRIN2A|KCNMA1|PLN|RYR2|SLC8A1|AKAP6|CTNNA3,3.104243999588596,BCL2|CD36|CNR1|DCN|GRID1|KCNJ8|KCNQ3|PPP3CA|KCNE4|PIEZO2|TMEM108,2.4418734646445333,ANK3|ATP1B1|BCL2|CACNA2D1|DCN|IFI6|GRIN2A|KCND2|KCND3|KCNMA1|MYOC|P2RX7|PRKN|PPP3CA|SLC8A1|SLC4A4|NRXN1|AKAP6|GNA14|NLGN1|PIEZO2|TMEM108,regulation of membrane potential
tube morphogenesis,4.684967164179105,RHOB|CDH13|EPHA4|NR4A1|ID1|ID2|CCN1|JUN|JUNB|RYR2|THBS1|ACKR3|MYOCD,3.8299715994924166,APOE|BCL2|COL3A1|COL4A1|COL4A2|EDA|ESR1|EXT1|LOXL2|SERPINE1|TGFBI|THY1|SEMA5A|SPRY1|CITED2|CHD7|RHOJ|APOLD1|CCBE1|SPRED1|ADGRF5,4.160462021104668,APOD|APOE|RHOB|BCL2|BMP5|CDH13|COL3A1|COMP|CCN2|CYP1B1|EDA|ESR1|EXT1|VEGFD|FN1|HMOX1|HPGD|HES1|ID1|ID2|CCN1|ITGB8|JUN|JUNB|LOXL2|MMP2|MYC|CCN3|SERPINE1|PRKD1|ROBO1|RORA|CCL2|SFRP1|SFRP2|SGCD|THBS1|THY1|TSC1|SCG2|SEMA5A|SLIT2|SPRY1|RAMP2|CITED2|SEC24B|VAV3|ZFPM2|CEMIP2|ANGPTL4|MKS1|ACKR3|HHIP|ARHGAP24|CLEC14A|SPRED1|ARID2|EMC10,tube morphogenesis
response to oxygen levels,6.0364,EGR1|FOS|KCNMA1|RYR2|SLC8A1|THBS1|MYOCD|WTIP,3.4367155870445343,AQP1|BCL2|COL1A1|GUCY1A2|LOXL2|PPARG|CXCL12|CITED2|CYGB,4.505672770700637,AQP1|ATP1B1|BCL2|COL1A1|CCN2|EGR1|VEGFD|FOS|HMOX1|KCND2|KCNMA1|LOXL2|MMP2|MYC|NR4A2|PLAU|PPARG|RORA|CXCL12|SFRP1|SLC8A1|THBS1|TSC1|VCAM1|CITED2|RGCC|ANGPTL4|DDIT4|CYGB|WTIP,response to oxygen levels
tissue morphogenesis,5.545809187279152,ACTA2|ACTC1|ACTG2|RHOB|EPHA4|ERBB4|FRZB|IGFBP5|CCN1|RYR2|ITGA8|SOCS3|FRAS1,3.022474642708974,BCL2|CD44|COL3A1|COL4A1|ESR1|EXT1|EYA2|FGF7|ID4|SPRY1|CITED2|FST|ADAMTS5|CHD7,2.717201953590961,RHOB|BCL2|BMP5|CD44|COL3A1|HBEGF|ERBB4|ESR1|EXT1|FGF7|HES1|TNC|CCN1|MMP2|MYC|ROBO1|ROBO2|SFRP1|SFRP2|TSC1|SOCS3|SLIT2|SPRY1|CITED2|SEC24B|SEMA3C|ADAMTS5|ZFPM2|MKS1|EXOC4|HHIP|ARHGAP24,tissue morphogenesis
Anchoring fibril formation,48.2912,COL4A5|COL4A6|LAMA3,32.58515519568151,COL1A1|COL1A2|COL4A1|COL4A2,9.612101910828024,COL1A1|COL1A2|TLL1,Anchoring fibril formation
Myometrial relaxation and contraction pathways,17.02574358974359,ACTA2|ACTC1|ATF3|CNN1|FOS|IGFBP5|JUN|RYR2|SLC8A1|RGS6|ACKR3,3.9164849994809514,IGFBP2|IGFBP3|IGFBP6|PRKCH|RGS5,4.005042462845011,ADCY2|ATF3|FOS|IGFBP6|JUN|PDE4D|PRKCH|PRKD1|RGS16|SLC8A1|RAMP2|RAMP3|ACKR3,Myometrial relaxation and contraction pathways
kidney development,6.547959322033899,ACTA2|EGR1|EPHA4|ERBB4|ID3|ITGA8|ADAMTS1|FRAS1,4.142180745213751,AQP1|BCL2|EXT1|FBN1|GFRA1|KCNJ8|PCSK5|PPP3CA|SPRY1|CYP26B1,3.747090575407535,AGTR1|AQP1|BCL2|EGR1|ERBB4|EXT1|FBN1|HPGD|HES1|ID3|MME|MYC|PCSK5|PPP3CA|ROBO2|SFRP1|TSC1|SLIT2|MAGI2|SPRY1|ADAMTS6|BICC1|KIRREL3,kidney development
heart development,7.73346619217082,ACTC1|ADRA1A|CACNA1C|CDKN1A|CRIP1|ERBB4|ID2|ID3|CCN1|JUN|MYH11|NTRK3|PLN|RYR2|SLC8A1|SORBS2|ADAMTS1|MYOCD,2.8265592807641884,COL3A1|EXT1|FBN1|FHL2|KCNJ8|PCSK5|HDAC9|SPRY1|CITED2|ADAMTS5|CHD7|SPRED1|RBM20,3.591710678423284,BMP5|CDKN1A|COL3A1|CRIP1|ERBB4|EXT1|FBN1|FN1|HES1|ID2|ID3|CCN1|JUN|MMP2|PCSK5|MAP2K5|RBP4|ROBO1|ROBO2|SFRP2|SGCD|SLC8A1|TSC1|UTY|VCAM1|SORBS2|SLIT2|SPRY1|RAMP2|CITED2|SEC24B|SEMA3C|ADAMTS5|ADAMTS6|ZFPM2|FLRT2|TENM4|NOX4|MKS1|BICC1|SPRED1|ARID2,heart development
response to mechanical stimulus,8.984409302325583,DMD|FOS|JUN|PTN|RYR2|SLC8A1|THBS1|BTG2,3.9784201111006494,AQP1|COL1A1|IGFBP2|MDK|CXCL12|CITED2|PIEZO2,4.247207821063546,AQP1|CHI3L1|COL1A1|FOS|FOSB|JUN|MDK|MMP2|P2RX7|PTN|CXCL12|SLC8A1|THBS1|TLR3|BTG2|CRADD|NRXN1|CITED2|PIEZO2,response to mechanical stimulus
negative regulation of phosphorylation,5.673900783289818,CDKN1A|DMD|JUN|GADD45B|NTRK3|SLC8A1|SOCS3|MYOCD|NIBAN1,2.8714072789928227,APOE|FABP4|IGFBP3|PPARG|THY1|SPRY1|PPM1E|CADM1|SPRED1,2.7606559012822007,APOE|CDKN1A|DUSP1|FBLN1|JUN|PRKN|PDE4D|PPARG|SFRP1|SFRP2|SLC8A1|THY1|SOCS3|SLIT2|SPRY1|CADM1|ERRFI1|DDIT4|SMYD3|DEPTOR|NIBAN1|SPRED1,negative regulation of phosphorylation
multi-organism reproductive process,5.030333333333334,FOS|IGFBP5|JUNB|PTN,5.091430499325236,AVPR1A|BCL2|CNR1|ESR1|IGFBP2|PAPPA|PCSK5|CITED2,3.2540970010615715,BCL2|ESR1|FBLN1|FOS|FOSB|HPGD|JUNB|MMP2|PCSK5|PTN|CITED2|CLIC5|HAVCR2,multi-organism reproductive process
Interleukin-4 and Interleukin-13 signaling,8.942814814814815,CDKN1A|FOS|JUNB|SOCS3,5.657144999250262,BCL2|CD36|COL1A2|MAOA|TIMP1,8.01008492569002,BCL2|CDKN1A|CEBPD|COL1A2|FN1|FOS|HMOX1|JUNB|MAOA|MMP1|MMP2|MMP3|MYC|RORA|CCL2|TIMP1|VCAM1|SOCS3,Interleukin-4 and Interleukin-13 signaling
Assembly of collagen fibrils and other multimeric structures,11.87488524590164,COL4A5|COL4A6|LAMA3,16.02548616181058,COL1A1|COL1A2|COL3A1|COL4A1|COL4A2|COL6A3|LOXL2|COL5A3,6.303017646444607,COL1A1|COL1A2|COL3A1|COL6A3|COL15A1|LOXL2|MMP3|TLL1,Assembly of collagen fibrils and other multimeric structures
regulation of transmembrane transport,5.461040387722131,CACNA1C|CACNA2D1|CACNB2|DMD|GRIN2A|KCNMA1|PLN|RRAD|RYR2|SCN3A|SLC8A1|THBS1|AKAP6|SORBS1,3.158496464847965,BCL2|FABP5|FGF14|KCNJ8|KCNQ3|PPP3CA|SLN|THY1|TRPC6|CLTCL1|ABCC9|KCNE4|STK39|TESC|CHD7|SHISA6,2.484549766934546,ANK3|ATP1B1|BCL2|C3|CACNA2D1|ACSL1|FGF14|GEM|GRIN2A|IGF1|KCND2|KCND3|KCNMA1|P2RX7|PDE4D|PPP3CA|PRKD1|CCL2|SLC8A1|STAC|THBS1|THY1|CLTCL1|AKAP6|RAMP3|NLGN1|STK39|CLIC5|CACNA2D3|CEMIP|THADA|STXBP4,regulation of transmembrane transport
transforming growth factor beta receptor signaling pathway,9.75579797979798,FOS|ID1|JUN|ITGA8,6.171430908273013,COL1A2|COL3A1|LTBP4|CITED2|CHST11,4.854596924660619,COL1A2|COL3A1|FOS|HPGD|ID1|ITGB8|JUN|LTBP4|CITED2|CHST11,transforming growth factor beta receptor signaling pathway
cellular response to transforming growth factor beta stimulus,11.997813664596274,ACTA2|FOS|ID1|JUN|PDE3A|ITGA8|SOX6|NFKBIZ,6.830739054995348,COL1A1|COL1A2|COL3A1|COL4A2|FBN1|LTBP4|CITED2|CHST11|WWOX,5.373224670649206,COL1A1|COL1A2|COL3A1|FBN1|FOS|HPGD|ID1|ITGB8|JUN|SFRP1|LTBP4|CILP|CITED2|CHST11|WWOX|SOX6|NFKBIZ|PDGFD,cellular response to transforming growth factor beta stimulus
circadian regulation of gene expression,13.603154929577466,EGR1|ID1|ID2|ID3,6.884187717397502,AHR|ID4|BHLHE40|PPARGC1A,4.738360096887054,AHR|EGR1|ID1|ID2|ID3|RORA|NCOA2,circadian regulation of gene expression
monoatomic cation transmembrane transport,4.650837881219904,ADRA1A|CACNA1C|CACNA2D1|CACNB2|GRIN2A|KCNMA1|PLCB4|RYR2|SCN3A|SLC8A1|CNNM2|SLC24A3,2.5498014699670524,AQP1|BCL2|KCNJ8|KCNQ3|SLC12A2|TRPC6|ABCC9|KCNE4|STK39|PIEZO2|TRPM3|COX4I2|KCNT2,1.7743045260757992,AQP1|ATP1B1|BCL2|CACNA2D1|CCN2|GRIN2A|KCND2|KCND3|KCNMA1|P2RX7|SLC8A1|SLC4A4|PLCB1|STK39|SLC15A3|CNNM2|CACNA2D3|SLC24A3|PIEZO2|TRPM3|SCARA5|KCNT2|NALF1,monoatomic cation transmembrane transport
heart contraction,18.573538461538455,ACTC1|CACNA1C|CACNA2D1|CACNB2|DMD|RYR2|SLC8A1,5.37117942785959,EXT1|KCNJ8|ABCC9|KCNE4,3.696962273395394,ATP1B1|CACNA2D1|EXT1|KCND3|MAP2K6|SGCD|SLC8A1,heart contraction
metal ion homeostasis,4.122419512195122,CACNB2|KCNMA1|PLN|RYR2|SLC8A1|CNNM2|SLC24A3,2.980349560580626,APOE|BCL2|CNR1|EXT1|MT2A|CCL13|CXCL12|SLC12A2|TRPC6|STEAP4,2.344415100201957,ANK3|APOE|ATP1B1|BCL2|EXT1|HMOX1|KCNMA1|MT2A|MYC|PRKN|CXCL12|SGCD|SLC8A1|CNNM2|SLC24A3|THADA|STEAP4|BTBD9|TMTC2|SCARA5,metal ion homeostasis
Adipogenesis,9.21587786259542,CDKN1A|FRZB|ID3|GADD45B|SOCS3,6.529468121272059,AHR|CFD|LPL|SERPINE1|PPARG|PPARGC1A|CYP26B1,4.402489424806729,AHR|CDKN1A|CEBPD|CFD|ID3|IGF1|SERPINE1|PPARG|RORA|SFRP4|SOCS3|NCOA2,Adipogenesis
rhythmic process,5.268130909090909,EGR1|ID1|ID2|ID3|PTN|ADAMTS1,4.44343025395657,AHR|ESR1|ID4|MDK|PPARG|MAPK10|BHLHE40|PPARGC1A|ENOX1|OPN4,4.019606253618992,AHR|CYP1B1|EGR1|ESR1|ID1|ID2|ID3|KCND2|MDK|MMP2|PPARG|PRKAA2|MAPK10|MAP2K6|PTN|ROBO2|RORA|TNFAIP6|SLIT2|NCOA2|NLGN1|ENOX1|BTBD9,rhythmic process
Amoebiasis,9.46886274509804,COL4A5|COL4A6|LAMA3|PLCB4,5.989918234500277,COL1A1|COL1A2|COL3A1|COL4A1|COL4A2,3.29827026351942,COL1A1|COL1A2|COL3A1|FN1|LAMA2|GNA14|PLCB1,Amoebiasis
regulation of transmembrane transporter activity,5.848415224913494,CACNA2D1|CACNB2|DMD|PLN|RRAD|RYR2|AKAP6,4.228177577294313,BCL2|FGF14|PPP3CA|SLN|TRPC6|ABCC9|KCNE4|STK39|TESC|SHISA6,2.3281907742490024,ANK3|ATP1B1|BCL2|CACNA2D1|FGF14|GEM|PDE4D|PPP3CA|CCL2|STAC|AKAP6|NLGN1|STK39|THADA,regulation of transmembrane transporter activity
PI3K-Akt signaling pathway,6.138711864406781,CDKN1A|COL4A5|COL4A6|ERBB4|NR4A1|LAMA3|PPP2R2B|THBS1|ITGA8,3.2440973093045757,BCL2|COL1A1|COL1A2|COL4A1|COL4A2|COL6A3|FGF7|FGF14|TNXB,3.68605677996355,BCL2|CDKN1A|COL1A1|COL1A2|COL6A3|COMP|EFNA5|FGF7|FGF14|VEGFD|FN1|GHR|TNC|IGF1|ITGB8|LAMA2|MYC|PRKAA2|THBS1|THBS4|TNXB|TSC1|CREB5|DDIT4|PDGFD|ADAMTSL4-AS1,PI3K-Akt signaling pathway
response to metal ion,7.895019073569482,CRIP1|FOS|JUN|JUNB|KCNMA1|MT1E|MT1M|MT1X|PGAM2|RYR2|SYT1|THBS1,3.329545830621408,AQP1|BCL2|FABP4|IGFBP2|LOXL2|MT2A|PPP3CA|SLC12A2|STK39|SUCNR1,3.666741873340391,ANK3|AQP1|BCL2|CRIP1|DLG2|FOS|FOSB|HMOX1|JUN|JUNB|KCNMA1|LOXL2|MBP|MT1A|MT1E|MT1G|MT1M|MT1X|MT2A|P2RX7|PRKN|PLSCR1|PPP3CA|PRKAA2|THBS1|VCAM1|NLGN1|STK39,response to metal ion
cell population proliferation,3.4543061516452074,CDH13|EGR1|FOS|ID2|IGFBP5|JUN|JUNB|BTG2|HPSE2|NFKBIZ,2.447382900963204,BCL2|COL3A1|ESR1|EXT1|FGF7|ID4|IGFBP3|LOXL2|TGFBI|USP13|SEMA5A|CITED2|FST|IL34,2.681487657527132,BCL2|RUNX1|CD74|CDH13|CLU|COL3A1|COMP|CCN2|EGR1|ESR1|EXT1|FGF7|VEGFD|FOS|HMOX1|HES1|ID2|IGF1|JUN|JUNB|LOXL2|CCN3|P2RX7|RORA|SFRP2|TSC1|WNT2B|BTG2|RIPK2|USP13|SEMA5A|CITED2|TACC2|TENM4|GPAM|NFKBIZ|HHIP|IL34|ARID2,cell population proliferation
TGF-beta signaling pathway,10.166568421052633,ID1|ID2|ID3|THBS1,5.145024504581292,DCN|FBN1|ID4|FST,4.733232001544104,ATF3|CDKN1A|COL1A2|FN1|FOS|FOSB|TNC|JUN|JUNB|MMP1|MYC|MAP2K6|THBS1,TGF-beta signaling pathway
negative regulation of phosphorus metabolic process,4.938872727272728,CDKN1A|DMD|JUN|GADD45B|NTRK3|SLC8A1|SOCS3|MYOCD|NIBAN1,3.054858299595141,APOC1|APOE|FABP4|IGFBP3|PPARG|THY1|SPRY1|PPM1E|CADM1|SPRED1|H19,2.51225390851187,APOC1|APOE|CDKN1A|DUSP1|FBLN1|JUN|PRKN|PDE4D|PPARG|SFRP1|SFRP2|SLC8A1|THY1|SOCS3|SLIT2|SPRY1|CADM1|ERRFI1|DDIT4|SMYD3|DEPTOR|NIBAN1|SPRED1,negative regulation of phosphorus metabolic process
Circadian rhythm genes,7.207641791044777,EGR1|ID2|ID3|JUN|KCNMA1|NTRK3,4.863455999355449,AHR|ID4|SERPINE1|PPARG|MAPK10|BHLHE40|PPARGC1A|OPN4,3.825712203314637,AHR|EGR1|ID2|ID3|JUN|KCND2|KCNMA1|SERPINE1|PPARG|PRKAA2|MAPK10|PTGDS|RORA|NCOA2|NLGN1|BTBD9,Circadian rhythm genes
positive regulation of cell motility,5.284390572390573,ACTA2|RHOB|CDH13|EPHA4|IGFBP5|CCN1|JUN|NTRK3|PTN|SLC8A1|THBS1|ADAMTS1|ACKR3,3.291429817745607,AQP1|BCL2|COL1A1|FGF7|MDK|SERPINE1|PPP3CA|CXCL12|THY1|SEMA5A|HDAC9|CCL26|STK39|RHOJ|IL34|CCBE1,3.5600377447511207,AQP1|RHOB|BCL2|CD74|CDH13|COL1A1|CYP1B1|DEFB1|HBEGF|FGF7|VEGFD|FN1|HMOX1|IGF1|CCN1|JUN|MDK|MMP2|MYOC|SERPINE1|PLAU|PPP3CA|PRKD1|PTN|CXCL12|SLC8A1|THBS1|THBS4|THY1|TIAM1|TNFAIP6|SEMA5A|RAPGEF2|DOCK4|SEMA3A|SEMA3C|DAPK2|STK39|ACKR3|CEMIP|DOCK5|PDGFD|IL34|EMC10,positive regulation of cell motility
sensory organ development,3.455542039355993,CACNA1C|EPHA4|FRZB|JUN|NTRK3|ROR1|ITGA8|SDK1,2.8417286507861785,AQP1|BCL2|COL4A1|FBN1|THY1|LIN7A|PLPPR4|CITED2|CHD7|CYP26B1|RHOJ|OPN4|FAT3,2.1493966705787177,AQP1|BCL2|BMP5|CEBPD|CYP1B1|EYA4|FBN1|EFEMP1|HES1|JUN|ROR1|PTPRM|RBP4|THY1|WNT2B|MFAP5|CITED2|SEC24B|PLAAT3|ZHX2|SIPA1L3|BNC2|MKS1|TENM3|SDK1,sensory organ development
cellular response to growth factor stimulus,6.927016393442622,ACTA2|EGR1|ERBB4|FOS|NR4A1|ID1|JUN|NTRK3|PDE3A|THBS1|ZFP36|ITGA8|SOX6|NFKBIZ,4.256769761730936,CD44|COL1A1|COL1A2|COL3A1|COL4A2|EXT1|FBN1|FGF7|GFRA1|PPARG|LTBP4|CITED2|FST|CHST11|WWOX|TMEM108|ADAMTS12,4.23483998120497,CD44|COL1A1|COL1A2|COL3A1|COMP|CCN2|EGR1|ERBB4|EXT1|FBN1|FGF7|VEGFD|FOS|GAS1|HPGD|HES1|ID1|ITGB8|JUN|MT1G|PPARG|PRKD1|MAP2K5|CCL2|SFRP1|SFRP2|THBS1|VCAM1|LTBP4|CILP|RAPGEF2|MAGI2|RAMP2|CITED2|FLRT2|CHST11|WWOX|ERRFI1|DDIT4|SOX6|NFKBIZ|TMEM108|PDGFD,cellular response to growth factor stimulus
Nervous system development,3.341951557093426,RHOB|CACNA1C|CACNB2|COL4A5|EPHA4|MYH11|SCN3A|MYL9,3.171133182970735,COL3A1|COL4A1|COL4A2|COL6A3|GFRA1|KCNQ3|MYO10|CXCL12|ITSN1|TRPC6|CLTCL1|SEMA5A|COL5A3|ABLIM2|AGAP2,1.912442421704538,ANK3|RHOB|COL3A1|COL6A3|EFNA5|LAMA2|MBP|MMP2|MYO10|ROBO1|ROBO2|CXCL12|ITSN1|TIAM1|CLTCL1|UNC5C|SEMA5A|SLIT2|GAB2|SEMA3A|VAV3|DSCAML1|DOK6,Nervous system development
regulation of synapse organization,5.159316239316239,RHOB|EPHA4|NTRK3|PPFIA2|SIPA1L1,3.655385999515554,APOE|ADGRB3|GRID1|IL1RAPL1|ASAP1|CLSTN2|NEGR1,2.875415101529751,APOE|RHOB|ADGRB3|EFNA5|PTPRD|ROBO2|PPFIA2|NRXN1|NLGN1|FLRT2|SIPA1L1|TANC2|LRFN5|NEGR1,regulation of synapse organization
regulation of transmembrane receptor protein serine/threonine kinase signaling pathway,4.010897009966778,CCN1|THBS1|ITGA8|CRIM1|MYOCD,4.465573594092565,FBN1|PPARG|TNXB|LTBP4|SPRY1|CITED2|FST|FSTL1|CHST11|ASPN|SPRED1,3.672397740017352,BMP5|FBN1|HES1|CCN1|CCN3|PPARG|HTRA1|SFRP1|SFRP2|SFRP4|THBS1|TNFAIP6|TNXB|LTBP4|CILP|MAGI2|SPRY1|CITED2|FSTL1|CHST11|ASPN|SPRED1|HTRA4,regulation of transmembrane receptor protein serine/threonine kinase signaling pathway
regulation of system process,6.945434856175973,ADRA1A|CACNA1C|CACNA2D1|CACNB2|CNN1|DES|DMD|GRIN2A|NR4A1|IGFBP5|PLN|RYR2|SLC8A1|AKAP6|MYL9|CTNNA3|MYOCD,3.10137898436055,APOE|AQP1|AVPR1A|CTSC|FABP5|PPARG|PPP3CA|PTGER3|SLN|ABCC9|KCNE4|STK39|LMCD1|TMEM108|SHISA6,2.358299115177773,AGTR1|APOE|AQP1|ATP1B1|CACNA2D1|CCN2|HBEGF|GRIN2A|IGF1|KCND3|MMP2|CCN3|PDE4D|PPARG|PPP3CA|SLC8A1|NRXN1|AKAP6|DOCK4|CELF2|NLGN1|TENM4|STK39|LMCD1|ERRFI1|RNLS|TMEM108|DOCK5|MLIP,regulation of system process
heart morphogenesis,4.6793798449612405,ACTC1|CCN1|JUN|RYR2|ADAMTS1,3.315350092583875,EXT1|FHL2|SPRY1|CITED2|ADAMTS5|CHD7|RBM20,3.539339850886289,BMP5|EXT1|HES1|CCN1|JUN|RBP4|ROBO1|ROBO2|SFRP2|SLIT2|SPRY1|CITED2|SEC24B|SEMA3C|ADAMTS5|ZFPM2|FLRT2|MKS1|ARID2,heart morphogenesis
response to steroid hormone,4.250985915492958,FOS|HSPA1B|NTRK3|THBS1|ZFP36,3.872355591036095,AQP1|AVPR1A|BCL2|COL1A1|ESR1|IGFBP2|MDK|PAPPA|STK39,3.3845429263478963,AQP1|BCL2|COL1A1|CCN2|CYP1B1|ESR1|FOS|FOSB|GHR|HSPA1B|MBP|MDK|PTGDS|THBS1|SLIT2|NCOA2|STK39|ERRFI1|DDIT4|SMYD3,response to steroid hormone
regulation of synapse structure or activity,5.030333333333333,RHOB|EPHA4|NTRK3|PPFIA2|SIPA1L1,3.564001349527665,APOE|ADGRB3|GRID1|IL1RAPL1|ASAP1|CLSTN2|NEGR1,2.803529723991508,APOE|RHOB|ADGRB3|EFNA5|PTPRD|ROBO2|PPFIA2|NRXN1|NLGN1|FLRT2|SIPA1L1|TANC2|LRFN5|NEGR1,regulation of synapse structure or activity
AGE-RAGE signaling pathway in diabetic complications,12.0728,COL4A5|COL4A6|EGR1|JUN|PLCB4,9.775546558704454,BCL2|COL1A1|COL1A2|COL3A1|COL4A1|COL4A2|SERPINE1|MAPK10,7.68968152866242,AGTR1|BCL2|COL1A1|COL1A2|COL3A1|EGR1|VEGFD|FN1|JUN|MMP2|SERPINE1|MAPK10|CCL2|VCAM1|PLCB1|NOX4,AGE-RAGE signaling pathway in diabetic complications
regulation of blood pressure,5.1648342245989305,ACTA2|ADRA1A|ID2|NAV2,5.881010630236637,AVPR1A|CNR1|COL1A2|EXT1|PCSK5|PPARG|ABCC9|STK39|SUCNR1,3.3411049422664263,AGTR1|COL1A2|EXT1|HMOX1|ID2|PCSK5|PDE4D|PPARG|RAMP2|DDAH1|STK39|RNLS|NAV2,regulation of blood pressure
positive regulation of cell migration,5.51656942003515,ACTA2|RHOB|CDH13|EPHA4|IGFBP5|CCN1|JUN|NTRK3|PTN|SLC8A1|THBS1|ADAMTS1|ACKR3,3.4360444846061347,AQP1|BCL2|COL1A1|FGF7|MDK|SERPINE1|PPP3CA|CXCL12|THY1|SEMA5A|HDAC9|CCL26|STK39|RHOJ|IL34|CCBE1,3.631989298467531,AQP1|RHOB|BCL2|CD74|CDH13|COL1A1|CYP1B1|HBEGF|FGF7|VEGFD|FN1|HMOX1|IGF1|CCN1|JUN|MDK|MMP2|MYOC|SERPINE1|PLAU|PPP3CA|PRKD1|PTN|CXCL12|SLC8A1|THBS1|THBS4|THY1|TIAM1|TNFAIP6|SEMA5A|RAPGEF2|DOCK4|SEMA3A|SEMA3C|DAPK2|STK39|ACKR3|CEMIP|DOCK5|PDGFD|IL34|EMC10,positive regulation of cell migration
negative regulation of phosphate metabolic process,4.950123006833714,CDKN1A|DMD|JUN|GADD45B|NTRK3|SLC8A1|SOCS3|MYOCD|NIBAN1,3.061816974537272,APOC1|APOE|FABP4|IGFBP3|PPARG|THY1|SPRY1|PPM1E|CADM1|SPRED1|H19,2.51797658256315,APOC1|APOE|CDKN1A|DUSP1|FBLN1|JUN|PRKN|PDE4D|PPARG|SFRP1|SFRP2|SLC8A1|THY1|SOCS3|SLIT2|SPRY1|CADM1|ERRFI1|DDIT4|SMYD3|DEPTOR|NIBAN1|SPRED1,negative regulation of phosphate metabolic process
response to extracellular stimulus,3.407645161290322,ATF3|CDKN1A|FOS|SLC8A1|ZFP36|NFKBIZ|MYOCD,3.449033564059031,APOE|AVPR1A|BCL2|CNR1|COL1A1|IGFBP2|LPL|PPARG|POSTN|PPARGC1A|STK39|CYP26B1|SGIP1|RNF152,2.713093281282104,APOE|ATF3|BCL2|CDKN1A|COL1A1|CYP1B1|ACSL1|FOS|GHR|HLCS|HMOX1|FOXK2|NR4A2|P2RX7|PDK4|PPARG|PRKAA2|PRKD1|SFRP1|SFRP2|SLC8A1|TSC1|VCAM1|WNT2B|SESN1|PCSK1N|STK39|NFKBIZ,response to extracellular stimulus
locomotory behavior,4.95294358974359,EGR1|EPHA4|ID2|NAV2,3.759825599501712,APBA1|APOE|CXCL12|CHD7|PREX2|NEGR1,3.450498121835701,APOE|EGR1|ID2|KCND2|NR4A2|PRKN|CXCL12|TSC1|NCOA2|GIGYF2|PREX2|NAV2|BTBD9|NEGR1,locomotory behavior
circulatory system process,7.316848484848484,ACTA2|ACTC1|ADRA1A|CACNA1C|CACNA2D1|CACNB2|DMD|ID2|PDE3A|PLN|RYR2|SLC8A1|KLF2|SLC24A3|NAV2,5.184001962949332,APOE|AVPR1A|CD36|CNR1|COL1A2|EXT1|FABP5|KCNJ8|PCSK5|PPARG|CXCL12|SLC2A3|SLC12A2|TJP2|ABCC9|KCNE4|STK39|CHD7|SUCNR1|SVEP1|IMMP2L,3.204033970276009,AGTR1|APOE|ATP1B1|CACNA2D1|COL1A2|COMP|EXT1|HMOX1|ID2|KCND3|MMP2|PCSK5|PDE4D|PPARG|MAP2K6|CXCL12|SGCD|SLC8A1|SLC4A4|SLIT2|DOCK4|RAMP2|RAMP3|KLF2|DDAH1|STK39|NOX4|RNLS|SLC24A3|SVEP1|DOCK5|IMMP2L|NAV2,circulatory system process
regulation of cell projection organization,3.2925818181818185,DGKG|EPHA4|ID1|MARK1|NTRK3|ROR1|PTN|PPFIA2|SIPA1L1,2.4068580542264755,APOE|ADGRB3|CD44|CNR1|MDK|MYO10|PPP3CA|CXCL12|THY1|SEMA5A|IL1RAPL1|FAT3|NEGR1,3.204033970276009,APOE|ADGRB3|BMP5|CD44|EFNA5|FN1|HES1|ID1|MARK1|MBP|MDK|MYO10|ROR1|P2RX7|PLD1|PPP3CA|PRKD1|PTN|PTPRD|PTPRG|ROBO1|ROBO2|CXCL12|SFRP1|SFRP2|THY1|TIAM1|TSC1|PPFIA2|SEMA5A|SLIT2|RAPGEF2|MAGI2|SEMA3A|SEMA3C|NLGN1|SIPA1L1|AUTS2|TANC2|MNS1|TENM3|ARHGAP24|CNTROB|NEGR1,regulation of cell projection organization
VEGFA-VEGFR2 signaling pathway,5.030333333333334,CACNA2D1|EGR1|NR4A1|CCN1|JUN|MYH11|SLC8A1|ADAMTS1|ACKR3,2.545715249662618,BCL2|FHL2|IGFBP3|PPP3CA|TNXB|LDB2|HDAC9|RHOJ|APOLD1,2.781279488086813,BCL2|CACNA2D1|CCN2|HBEGF|EGR1|FN1|CCN1|JUN|MMP2|NFATC2|NR4A2|PLAU|PPP3CA|PRKAA2|PRKD1|MAP2K6|HTRA1|PTPRZ1|CCL2|SLC8A1|TNXB|LDB2|GIGYF2|NOX4|ACKR3,VEGFA-VEGFR2 signaling pathway
negative regulation of cell development,5.909762237762237,FRZB|ID1|ID2|NTRK3|PTN|BTG2|TMEM131L,3.4180232722742843,FBN1|ID4|MDK|PPP3CA|THY1|SEMA5A|TMEM176B|ZBTB46,4.033049752794975,RUNX1|CD74|FBN1|HES1|ID1|ID2|IGF1|MBP|MDK|MYC|PPP3CA|PTN|SFRP1|THY1|TLR3|TNFAIP6|BTG2|SEMA5A|RAPGEF2|SEMA3A|SEMA3C|FGL2|TMEM176B|ZBTB46,negative regulation of cell development
morphogenesis of an epithelium,4.818412416851442,RHOB|EPHA4|ERBB4|FRZB|IGFBP5|CCN1|RYR2|SOCS3|FRAS1,2.7094086914369324,BCL2|CD44|COL4A1|ESR1|EXT1|FGF7|ID4|SPRY1|CITED2|FST,2.770672391147768,RHOB|BCL2|BMP5|CD44|HBEGF|ERBB4|ESR1|EXT1|FGF7|HES1|TNC|CCN1|MMP2|MYC|SFRP1|SFRP2|TSC1|SOCS3|SLIT2|SPRY1|CITED2|SEC24B|SEMA3C|MKS1|HHIP|ARHGAP24,morphogenesis of an epithelium
vasculature development,5.967543726235742,ACTA2|RHOB|CDH13|EGR1|NR4A1|ID1|CCN1|JUN|JUNB|THBS1|SOCS3|ACKR3|MYOCD,5.110789550653468,AHR|APOE|AQP1|COL1A1|COL1A2|COL3A1|COL4A1|COL4A2|LOXL2|SERPINE1|TGFBI|THY1|SEMA5A|CITED2|CHD7|RHOJ|SVEP1|APOLD1|IMMP2L|CCBE1|SPRED1|ADGRF5,5.39081761158606,AHR|APOD|APOE|AQP1|RHOB|CDH13|COL1A1|COL1A2|COL3A1|COMP|CCN2|CYP1B1|EGR1|VEGFD|FN1|HMOX1|HPGD|HES1|ID1|CCN1|ITGB8|JUN|JUNB|LOXL2|MMP2|CCN3|SERPINE1|PRKD1|ROBO1|ROBO2|RORA|CCL2|SFRP2|SGCD|THBS1|THY1|SCG2|SOCS3|SEMA5A|SLIT2|RAPGEF2|RAMP2|CITED2|SEC24B|VAV3|SEMA3C|ADAMTS6|ZFPM2|CEMIP2|ANGPTL4|ERRFI1|ACKR3|SVEP1|ARHGAP24|IMMP2L|CLEC14A|SPRED1|ARID2|EMC10,vasculature development
negative regulation of protein phosphorylation,6.372739002932552,CDKN1A|DMD|JUN|GADD45B|NTRK3|SLC8A1|SOCS3|MYOCD|NIBAN1,3.22507034561364,APOE|FABP4|IGFBP3|PPARG|THY1|SPRY1|PPM1E|CADM1|SPRED1,3.100678035750976,APOE|CDKN1A|DUSP1|FBLN1|JUN|PRKN|PDE4D|PPARG|SFRP1|SFRP2|SLC8A1|THY1|SOCS3|SLIT2|SPRY1|CADM1|ERRFI1|DDIT4|SMYD3|DEPTOR|NIBAN1|SPRED1,negative regulation of protein phosphorylation
inorganic ion homeostasis,3.903445727482679,CACNB2|KCNMA1|PLN|RYR2|SLC8A1|CNNM2|SLC24A3,3.104243999588596,APOE|BCL2|CNR1|EXT1|MT2A|CCL13|CXCL12|SLC12A2|TRPC6|STK39|STEAP4,2.4418734646445333,ANK3|APOE|ATP1B1|BCL2|EXT1|HMOX1|KCNMA1|MT2A|MYC|PRKN|CXCL12|SFRP4|SGCD|SLC8A1|STK39|CNNM2|SLC24A3|THADA|STEAP4|BTBD9|TMTC2|SCARA5,inorganic ion homeostasis
blood circulation,8.388049627791561,ACTA2|ACTC1|ADRA1A|CACNA1C|CACNA2D1|CACNB2|DMD|ID2|PDE3A|PLN|RYR2|SLC8A1|KLF2|NAV2,4.851387870324791,APOE|AVPR1A|CNR1|COL1A2|EXT1|KCNJ8|PCSK5|PPARG|CXCL12|TJP2|ABCC9|KCNE4|STK39|CHD7|SUCNR1|IMMP2L,3.339191730808743,AGTR1|APOE|ATP1B1|CACNA2D1|COL1A2|COMP|EXT1|HMOX1|ID2|KCND3|MMP2|PCSK5|PDE4D|PPARG|MAP2K6|CXCL12|SGCD|SLC8A1|SLIT2|DOCK4|RAMP2|KLF2|DDAH1|STK39|RNLS|DOCK5|IMMP2L|NAV2,blood circulation
response to copper ion,17.246857142857145,MT1E|MT1M|MT1X,8.728166570271831,AQP1|LOXL2|MT2A,9.154382772217168,AQP1|LOXL2|MT1A|MT1E|MT1G|MT1M|MT1X|MT2A,response to copper ion
regulation of actin filament-based process,4.36742118863049,ACTA2|CACNA1C|ID1|NTRK3|PLN|RYR2|CTNNA3,2.8417286507861785,BST1|GPM6B|MDK|S100A10|CXCL12|SEMA5A|CCL26|PPM1E|PLEKHH2,2.1111851742128738,CCN2|EFNA5|HCLS1|ID1|MDK|MYOC|PRKN|PDE4D|S100A10|CXCL12|SFRP1|TSC1|SEMA5A|SLIT2|LIMCH1|RGCC|PLEKHH2,regulation of actin filament-based process
regulation of monoatomic ion transmembrane transporter activity,6.079827338129496,CACNA2D1|CACNB2|DMD|PLN|RRAD|RYR2|AKAP6,3.9559316109865135,FGF14|PPP3CA|SLN|TRPC6|ABCC9|KCNE4|STK39|TESC|SHISA6,2.247433900013747,ANK3|ATP1B1|CACNA2D1|FGF14|GEM|PDE4D|PPP3CA|CCL2|STAC|AKAP6|NLGN1|STK39|THADA,regulation of monoatomic ion transmembrane transporter activity
brain development,3.4182960102960105,ERBB4|GRIN2A|ID1|ID2|SLC8A1|SYT1|BTG2|ITGA8|SOX6|MACROD2|PHACTR1,2.673492462966147,AQP1|AVPR1A|BCL2|COL3A1|COL4A1|EXT1|ID4|MDK|PPP3CA|CXCL12|SEMA5A|ADGRL3|CADM1|CHD7|TMEM108|IMMP2L|NEGR1,2.9071350695554514,APOD|AQP1|BCL2|BMP5|COL3A1|ERBB4|EXT1|GRIN2A|HES1|ID1|ID2|MBP|MDK|NR4A2|PPP3CA|PTPRG|ROBO1|ROBO2|RORA|CXCL12|SLC8A1|TSC1|WNT2B|BTG2|UNC5C|SEMA5A|DCLK1|SLIT2|RAPGEF2|SEMA3A|SEC24B|TACC2|PLCB1|CADM1|DDIT4|SOX6|DSCAML1|TMEM108|FAT4|IMMP2L|KIRREL3|FUT10|FOXP2|MACROD2|CNTN4|PHACTR1|NEGR1,brain development
monoatomic cation homeostasis,3.4145292929292923,CACNB2|KCNMA1|PLN|RYR2|SLC8A1|CNNM2|SLC24A3,2.715429599640125,APOE|AVPR1A|BCL2|CNR1|EXT1|MT2A|CCL13|CXCL12|SLC12A2|TRPC6|STEAP4,2.136022646850672,ANK3|APOE|ATP1B1|BCL2|EXT1|HMOX1|KCNMA1|MT2A|MYC|PRKN|PDK4|CXCL12|SGCD|SLC8A1|SLC4A4|CNNM2|SLC24A3|THADA|STEAP4|BTBD9|TMTC2|SCARA5,monoatomic cation homeostasis
PID HIF1 TFPATHWAY,10.975272727272728,FOS|ID2|JUN,7.405717089927617,SERPINE1|CXCL12|BHLHE40|CITED2,6.553705848291835,FOS|HMOX1|ID2|JUN|SERPINE1|RORA|CXCL12|CITED2|NCOA2,PID HIF1 TFPATHWAY
Renin secretion,13.99744927536232,CACNA1C|KCNMA1|PDE3A|PLCB4,7.083729390365546,AQP1|GUCY1A2|PDE1C|PPP3CA,4.179174743838272,AGTR1|AQP1|KCNMA1|PDE1C|PPP3CA|PLCB1,Renin secretion
PID FRA PATHWAY,19.57751351351352,JUN|JUNB|LAMA3,9.907648539227484,COL1A2|DCN|MGP,14.288259597176795,COL1A2|DCN|HMOX1|JUN|JUNB|MGP|MMP1|MMP2|NFATC2|PLAU|CCL2,PID FRA PATHWAY
Axon guidance,3.4930343580470167,RHOB|CACNA1C|CACNB2|COL4A5|EPHA4|MYH11|SCN3A|MYL9,3.314493634280443,COL3A1|COL4A1|COL4A2|COL6A3|GFRA1|KCNQ3|MYO10|CXCL12|ITSN1|TRPC6|CLTCL1|SEMA5A|COL5A3|ABLIM2|AGAP2,2.9047560719535244,EFNA5|NFATC2|PPP3CA|ROBO1|ROBO2|CXCL12|UNC5C|SEMA5A|SLIT2|SEMA3A|SEMA3C,Axon guidance
PID AP1 PATHWAY,20.696228571428573,ATF3|EGR1|FOS|CCN1|JUN|JUNB,8.728166570271833,COL1A2|ESR1|FABP4|MT2A|TIMP1,11.671838034576888,ATF3|COL1A2|DUSP1|EGR1|ESR1|FOS|FOSB|CCN1|JUN|JUNB|MMP1|MT2A|MYC|NFATC2|PLAU|CCL2|TIMP1,PID AP1 PATHWAY
Degradation of the extracellular matrix,6.8987428571428575,COL4A5|COL4A6|LAMA3|ADAMTS1,11.346616541353384,CD44|COL1A1|COL1A2|COL3A1|COL4A1|COL4A2|COL6A3|DCN|FBN1|TIMP1|ADAMTS5|COL5A3|COL25A1,5.4926296633303,CD44|COL1A1|COL1A2|COL3A1|COL6A3|COL15A1|DCN|FBN1|FN1|MMP1|MMP2|MMP3|HTRA1|TIMP1|TLL1|ADAMTS5,Degradation of the extracellular matrix
renal system development,7.124931147540985,ACTA2|EGR1|EPHA4|ERBB4|ID3|ITGA8|ADAMTS1|FRAS1|MYOCD,4.407008694497908,AQP1|BCL2|COL4A1|EXT1|FBN1|GFRA1|KCNJ8|PCSK5|PPP3CA|SPRY1|CYP26B1,3.7818105878667634,AGTR1|AQP1|BCL2|EGR1|ERBB4|EXT1|FBN1|HPGD|HES1|ID3|MME|MYC|PCSK5|PPP3CA|RBP4|ROBO2|SFRP1|TSC1|SLIT2|MAGI2|SPRY1|ADAMTS6|BICC1|KIRREL3,renal system development
synapse organization,6.855217665615143,APBB2|CACNB2|COL4A5|EPHA4|ERBB4|NTRK3|PPFIA2|PDZRN3|SDK1,3.0837686305061367,APOE|ADGRB3|COL4A1|IL1RAPL1|ADGRL3|DOCK10|TMEM108|HMCN2,3.0322088046776106,ANK3|APBB2|APOE|ADGRB3|C1QA|C3|EFNA5|ERBB4|TNC|PTPRD|TSC1|PPFIA2|NRXN1|NLGN1|PDZRN3|TMEM108|KIRREL3|LRFN5|SDK1|HMCN2,synapse organization
regulation of biomineral tissue development,7.171960396039604,CCN1|PTN|SLC8A1,4.839379484507155,GPM6B|MGP|SRGN|ASPN,4.282619663240209,COMP|CCN1|MGP|P2RX7|PTN|SLC8A1|ISG15|ASPN|TENT5A,regulation of biomineral tissue development
telencephalon development,4.471407407407408,ERBB4|ID2|SLC8A1|BTG2|PHACTR1,4.073144399460189,AQP1|AVPR1A|COL3A1|EXT1|ID4|MDK|CXCL12|CHD7|TMEM108,4.094043406463788,AQP1|COL3A1|ERBB4|EXT1|HES1|ID2|MDK|ROBO1|ROBO2|CXCL12|SLC8A1|TSC1|BTG2|SLIT2|SEMA3A|TACC2|PLCB1|TMEM108|FAT4|KIRREL3|FUT10|FOXP2|PHACTR1,telencephalon development
connective tissue development,6.555366515837105,ACTA2|CRIP1|EGR1|CCN1|SATB2|SOX6,7.187901881400334,CD44|COL1A1|COL3A1|EXT1|ID4|MGP|TGFBI|TIMP1|PPARGC1A|CHST11|CSGALNACT1|EBF2|ADAMTS12,4.784304118511687,BMP5|CD44|CHI3L1|COL1A1|COL3A1|COMP|CRIP1|CCN2|EGR1|EXT1|GHR|HOXC4|CCN1|ITGB8|MGP|CCN3|SFRP2|TIMP1|WNT2B|CHST11|SOX6|CSGALNACT1,connective tissue development
gland development,3.4658755980861247,CRIP1|ERBB4|FRZB|ID2|IGFBP5|JUN,2.6309784398427056,BCL2|EDA|ESR1|EXT1|FGF7|ID4|MDK|CITED2|CADM1,2.1845686160972786,BCL2|CRIP1|CYP1B1|EDA|ERBB4|ESR1|EXT1|FGF7|HMOX1|HES1|TNC|ID2|JUN|MDK|MMP2|SFRP1|CITED2|SEMA3C|CADM1,gland development
cellular response to tumor necrosis factor,5.22067027027027,FOS|THBS1|ZFP36|KLF2,5.284079220921326,COL1A1|EXT1|FABP4|KRT8|KRT18|CCL13|CCL26|ADAMTS12,3.1174384575658456,CHI3L1|COL1A1|CYP1B1|EXT1|FOS|HES1|RORA|CCL2|SFRP1|THBS1|VCAM1|KLF2,cellular response to tumor necrosis factor
female pregnancy,5.615255813953489,FOS|IGFBP5|JUNB|PTN,4.973025138875812,BCL2|CNR1|ESR1|IGFBP2|PAPPA|PCSK5|CITED2,3.632480373278033,BCL2|ESR1|FBLN1|FOS|FOSB|HPGD|JUNB|MMP2|PCSK5|PTN|CITED2|CLIC5|HAVCR2,female pregnancy
GPCR downstream signalling,3.422211023622048,ADRA1A|RHOB|DGKB|DGKG|PDE3A|PLCB4|RGS6|NET1|ACKR3,3.2713443208262936,AVPR1A|CNR1|PDE1C|PPP3CA|PRKCH|PTGER3|CCL13|CXCL12|ITSN1|TRPC6|VIPR1|RGS5|P2RY14|NBEA|PDE7B|SUCNR1|OPN4,1.892146045438588,ADCY2|AGTR1|RHOB|C3|HBEGF|FN1|MMP3|PDE1C|PDE4D|PPP3CA|PRKCH|RGS16|CXCL12|ITSN1|TIAM1|GNA14|RAMP2|RAMP3|VAV3|PDE10A|PLCB1|NBEA|PDE7B|ACKR3|NPW,GPCR downstream signalling
inorganic cation transmembrane transport,4.805094527363185,ADRA1A|CACNA1C|CACNA2D1|CACNB2|GRIN2A|KCNMA1|PLCB4|RYR2|SCN3A|SLC8A1|CNNM2|SLC24A3,2.431727999677724,AQP1|BCL2|KCNJ8|KCNQ3|SLC12A2|TRPC6|ABCC9|KCNE4|STK39|TRPM3|COX4I2|KCNT2,1.7534514265192087,AQP1|ATP1B1|BCL2|CACNA2D1|CCN2|GRIN2A|KCND2|KCND3|KCNMA1|P2RX7|SLC8A1|SLC4A4|PLCB1|STK39|SLC15A3|CNNM2|CACNA2D3|SLC24A3|TRPM3|SCARA5|KCNT2|NALF1,inorganic cation transmembrane transport
regulation of plasma membrane bounded cell projection organization,3.3691534883720933,DGKG|EPHA4|ID1|MARK1|NTRK3|ROR1|PTN|PPFIA2|SIPA1L1,2.462831497348021,APOE|ADGRB3|CD44|CNR1|MDK|MYO10|PPP3CA|CXCL12|THY1|SEMA5A|IL1RAPL1|FAT3|NEGR1,3.278546388189404,APOE|ADGRB3|BMP5|CD44|EFNA5|FN1|HES1|ID1|MARK1|MBP|MDK|MYO10|ROR1|P2RX7|PLD1|PPP3CA|PRKD1|PTN|PTPRD|PTPRG|ROBO1|ROBO2|CXCL12|SFRP1|SFRP2|THY1|TIAM1|TSC1|PPFIA2|SEMA5A|SLIT2|RAPGEF2|MAGI2|SEMA3A|SEMA3C|NLGN1|SIPA1L1|AUTS2|TANC2|MNS1|TENM3|ARHGAP24|CNTROB|NEGR1,regulation of plasma membrane bounded cell projection organization
second-messenger-mediated signaling,9.28676923076923,CACNA1C|DMD|GRIN2A|PDE3A|PLN|RYR2|SLC8A1|AKAP6,7.04967299906571,AHR|APOE|AQP1|AVPR1A|CD36|GUCY1A2|PPP3CA|RCAN3|PDE7B|RASD1|PPP1R9A|MCTP1,4.852262983831455,ADCY2|AGTR1|AHR|APOE|AQP1|ATP1B1|DEFB1|GRIN2A|NFATC2|P2RX7|PDE4D|PPP3CA|SGCD|SLC8A1|VCAM1|AKAP6|RAPGEF2|DDAH1|PDE7B|RASD1|MCTP1,second-messenger-mediated signaling
response to inorganic substance,7.1542518518518525,RHOB|CRIP1|FOS|JUN|JUNB|KCNMA1|MT1E|MT1M|MT1X|PGAM2|RYR2|SLC8A1|SYT1|THBS1|NET1|KLF2,3.168001199580147,AQP1|AVPR1A|BCL2|COL1A1|FABP4|IGFBP2|KRT8|LOXL2|MT2A|PPP3CA|SLC12A2|STK39|ASPN|SUCNR1,3.3820358575135647,ANK3|AQP1|RHOB|BCL2|COL1A1|CRIP1|CYP1B1|DLG2|FOS|FOSB|HMOX1|JUN|JUNB|KCNMA1|LOXL2|MBP|MMP2|MMP3|MT1A|MT1E|MT1G|MT1M|MT1X|MT2A|P2RX7|PRKN|PLSCR1|PPP3CA|PRKAA2|SLC8A1|THBS1|VCAM1|KLF2|NLGN1|PLCB1|STK39|ASPN|PDGFD,response to inorganic substance
Neuronal System,5.300253658536586,CACNA2D1|CACNB2|ERBB4|GRIN2A|KCNMA1|NTRK3|SYT1|PPFIA2|SIPA1L1,2.6823146045225634,APBA1|KCNJ8|KCNQ3|MAOA|LIN7A|ABCC9|IL1RAPL1|PPM1E|NBEA,2.2271943451918594,ADCY2|CACNA2D1|DLG2|ERBB4|GRIN2A|KCND2|KCND3|KCNMA1|MAOA|PRKAA2|PTPRD|PPFIA2|NRXN3|NRXN1|NLGN1|PLCB1|SIPA1L1|NBEA|CACNA2D3,Neuronal System
response to radiation,4.33104932735426,RHOB|CDKN1A|CRIP1|EGR1|FOS|GRIN2A|ID2|NET1,2.73978322833645,AQP1|BCL2|COL3A1|EXT1|MAPK10|CXCL12|TIMP1|BHLHE40|NABP1|OPN4,3.125010710919425,AQP1|RHOB|ATR|BCL2|CDKN1A|COL3A1|CRIP1|EGR1|EXT1|FOS|GRIN2A|ID2|MFAP4|MME|MMP1|MMP2|MMP3|MYC|MAPK10|CXCL12|SFRP1|SFRP2|TIMP1|VCAM1|XRCC4|NHEJ1|ZRANB3|RHBDD1|TAFA2,response to radiation
transmembrane receptor protein serine/threonine kinase signaling pathway,5.976633663366337,EGR1|FOS|ID1|JUN|ITGA8,4.839379484507155,COL1A2|COL3A1|EXT1|PPARG|LTBP4|CITED2|FST|CHST11,4.758466292489121,BMP5|COL1A2|COL3A1|COMP|EGR1|EXT1|FOS|HPGD|HES1|ID1|ITGB8|JUN|PPARG|SFRP1|SFRP2|LTBP4|MAGI2|CITED2|CHST11|ABTB3,transmembrane receptor protein serine/threonine kinase signaling pathway
external encapsulating structure organization,6.25997037037037,COL4A5|COL4A6|CCN1|MYH11|ITGA8|ADAMTS1|HPSE2,7.693717198980357,COL1A1|COL1A2|COL3A1|COL4A1|COL4A2|EXT1|GPM6B|LOXL2|TGFBI|TNXB|POSTN|ADAMTS5|COL5A3|CSGALNACT1|ADAMTS12|CRISPLD2|EGFLAM,6.052064166076905,COL1A1|COL1A2|COL3A1|COL15A1|COMP|CCN2|CYP1B1|DPT|EXT1|FBLN1|CCN1|LOXL2|LUM|MATN2|MFAP4|MMP1|MMP2|MMP3|SFRP2|TLL1|TNXB|RAMP2|ADAMTS5|ADAMTS6|FLRT2|ABI3BP|CSGALNACT1|ADAMTSL3|THSD4|CRISPLD2|HMCN1|ADAMTSL1|CCDC80|ADAMTS19,external encapsulating structure organization
Extracellular matrix organization,5.633973333333333,COL4A5|COL4A6|DMD|LAMA3|THBS1|ITGA8|ADAMTS1,7.7389743589743585,CD44|COL1A1|COL1A2|COL3A1|COL4A1|COL4A2|COL6A3|DCN|FBN1|LOXL2|SERPINE1|TIMP1|TNXB|LTBP4|ADAMTS5|COL5A3|ASPN|P3H2|COL25A1,6.087664543524416,CD44|COL1A1|COL1A2|COL3A1|COL6A3|COL15A1|COMP|VCAN|DCN|FBLN1|FBLN2|FBN1|EFEMP1|FN1|TNC|ITGB8|LAMA2|LOXL2|LUM|MFAP4|MMP1|MMP2|MMP3|SERPINE1|HTRA1|THBS1|TIMP1|TLL1|TNXB|VCAM1|ADAM12|MFAP5|LTBP4|NRXN1|ADAMTS5|PCOLCE2|ASPN|COL21A1,Extracellular matrix organization
Collagen formation,8.048533333333333,COL4A5|COL4A6|LAMA3,13.577147998200628,COL1A1|COL1A2|COL3A1|COL4A1|COL4A2|COL6A3|LOXL2|COL5A3|P3H2|COL25A1,5.340056617126681,COL1A1|COL1A2|COL3A1|COL6A3|COL15A1|LOXL2|MMP3|TLL1|PCOLCE2|COL21A1,Collagen formation
NABA CORE MATRISOME,7.024174545454546,COL4A5|COL4A6|IGFBP5|CCN1|LAMA3|THBS1|CRIM1|FRAS1,11.997261685682735,COL1A1|COL1A2|COL3A1|COL4A1|COL4A2|COL6A3|DCN|FBN1|IGFBP2|IGFBP3|IGFBP6|MGP|SRGN|TGFBI|TNXB|LTBP4|CCN5|POSTN|SNED1|COL5A3|ASPN|SVEP1|CRISPLD2|COL25A1|PODN|EGFLAM|HMCN2,8.563508975101332,COL1A1|COL1A2|COL3A1|COL6A3|COL15A1|COMP|VCAN|CCN2|DCN|DPT|FBLN1|FBLN2|FBN1|EFEMP1|FN1|TNC|IGFBP6|CCN1|LAMA2|LUM|MATN2|MFAP4|MGP|CCN3|PRELP|THBS1|THBS4|TNFAIP6|TNXB|MFAP5|LTBP4|CILP|CCN5|SLIT2|PRG4|FGL2|ABI3BP|SNED1|PCOLCE2|ASPN|THSD4|SVEP1|COL21A1|CRISPLD2|HMCN1|FNDC1|PODN|PXDNL|HMCN2,NABA CORE MATRISOME
response to wounding,6.540568848758466,CDKN1A|DGKB|DGKG|GRIN2A|ID3|CCN1|JUN|NTRK3|ZFP36|MYL9|MYOZ1|NFKBIZ,3.310004478116632,AQP1|BCL2|CD36|CD44|COL1A1|COL3A1|EXT1|FGF7|MDK|PPP3CA|THY1|TIMP1,3.471639516326149,APOD|AQP1|BCL2|CD44|CDKN1A|COL1A1|COL3A1|COMP|CCN2|HBEGF|EXT1|FBLN1|FGF7|FN1|GRIN2A|HMOX1|TNC|ID3|IGF1|CCN1|JUN|MDK|MMP2|PLAU|PLSCR1|PPP3CA|THY1|TIMP1|VAV3|NFKBIZ|ARHGAP24|FUT10,response to wounding
cellular response to cytokine stimulus,3.694041724617525,EGR1|FOS|MT1X|THBS1|ZFP36|SOCS3|AKAP6|KLF2|TEX14|ACKR3|NFKBIZ,2.5492558828332195,CD44|COL1A1|EXT1|FABP4|KRT8|KRT18|MT2A|CCL13|CXCL12|SLC12A2|STAT4|CCL26|STK39|ADAMTS12|IL34,2.6737418388951397,CD44|CD74|CHI3L1|COL1A1|CYP1B1|DUSP1|EGR1|EXT1|ACSL1|FOS|GHR|HCLS1|HLA-DPA1|HES1|IFI27|MME|MMP2|MT1X|MT2A|MX1|RORA|CCL2|CXCL12|SFRP1|THBS1|TLE4|TLR3|VCAM1|RIPK2|SOCS3|AKAP6|KLF2|PLCB1|PCOLCE2|STK39|ACKR3|NFKBIZ|IL34|POLR1F|STXBP4,cellular response to cytokine stimulus
muscle structure development,10.060666666666666,ACTC1|ADRA1A|ATF3|DES|DMD|EGR1|FOS|NR4A1|ID3|IGFBP5|MYH11|RYR2|SLC8A1|TAGLN|BTG2|SORBS2|ITGA8|MYL9|SOX6|MYOZ1|MYOCD,2.666939785360837,AVPR1A|ADGRB3|BCL2|COL3A1|COL6A3|FHL2|KRT8|PPP3CA|CITED2|ADAMTS5|CHD7,2.9561027701951264,ATF3|ADGRB3|BCL2|COL3A1|COL6A3|COMP|HBEGF|EGR1|FOS|HES1|ID3|IGF1|LAMA2|NFATC2|PPP3CA|RORA|SGCD|SLC8A1|TSC1|BTG2|ADAM12|SORBS2|RAMP2|CITED2|ADAMTS5|ZFPM2|NOX4|SOX6|SMYD3|DOCK5|MYPN,muscle structure development
IL-18 signaling pathway,8.844542124542125,ACTA2|ATF3|DES|FOS|NR4A1|JUN|BTG2|SOCS3|KLF2|NFKBIZ,3.1331879995847607,BCL2|CD36|COL1A1|COL1A2|COL3A1|TIMP1|ADAMTS5,4.04905391848067,ATF3|BCL2|COL1A1|COL1A2|COL3A1|FN1|FOS|HMOX1|JUN|MMP1|MMP2|MMP3|PLD1|PTPRZ1|RGS16|CCL2|TIMP1|BTG2|SOCS3|KLF2|ADAMTS5|NRN1|NFKBIZ,IL-18 signaling pathway
Signaling by GPCR,3.06070985915493,ADRA1A|RHOB|DGKB|DGKG|PDE3A|PLCB4|RGS6|NET1|ACKR3,3.097884472828876,AVPR1A|CNR1|PDE1C|PPP3CA|PRKCH|PTGER3|CCL13|CXCL12|ITSN1|TRPC6|VIPR1|RGS5|PLPPR4|P2RY14|NBEA|PDE7B|SUCNR1|OPN4,1.8953440387548215,ADCY2|AGTR1|RHOB|C3|CD55|HBEGF|FN1|MMP3|PDE1C|PDE4D|PPP3CA|PRKCH|RGS16|CCL2|CXCL12|ITSN1|TIAM1|WNT2B|GNA14|RAMP2|RAMP3|VAV3|PDE10A|PLCB1|NBEA|PDE7B|ACKR3|NPW,Signaling by GPCR
regulation of monoatomic cation transmembrane transport,6.9784971098265896,CACNA1C|CACNA2D1|CACNB2|DMD|GRIN2A|PLN|RRAD|RYR2|SLC8A1|AKAP6,3.5316280920175047,BCL2|FGF14|PPP3CA|SLN|THY1|ABCC9|KCNE4|STK39|TESC|CHD7,2.639160929273591,ANK3|ATP1B1|BCL2|CACNA2D1|FGF14|GEM|GRIN2A|P2RX7|PDE4D|PPP3CA|PRKD1|SLC8A1|STAC|THY1|AKAP6|RAMP3|STK39|CEMIP|THADA,regulation of monoatomic cation transmembrane transport
muscle cell differentiation,9.728996336996335,ACTC1|ADRA1A|DMD|IGFBP5|MYH11|SLC8A1|SORBS2|ITGA8|MYL9|MYOZ1|MYOCD,3.1331879995847607,AVPR1A|ADGRB3|BCL2|FHL2|KRT8|PPP3CA|ADAMTS5,3.344870628310119,ADGRB3|BCL2|COMP|HES1|IGF1|NFATC2|PPP3CA|RORA|SGCD|SLC8A1|TSC1|ADAM12|SORBS2|RAMP2|ADAMTS5|NOX4|SMYD3|DOCK5|MYPN,muscle cell differentiation
response to xenobiotic stimulus,4.54505411764706,ADRA1A|FOS|GRIN2A|JUN|PDE3A|SLC8A1|THBS1|NFKBIZ,2.58764467730412,AHR|BCL2|COL1A1|FMO2|IGFBP2|LPL|MDK|PPM1E|CYP26B1,3.3925065567628327,AHR|ATR|BCL2|COL1A1|CYP1B1|ACSL1|FMO2|FOS|FOSB|GRIN2A|HMOX1|JUN|MDK|MMP2|MYC|NFATC2|NNMT|P2RX7|PRKAA2|MAP2K6|PTPRM|RORA|SFRP1|SFRP2|SLC8A1|THBS1|TLR3|VAV3|SEMA3C|NFKBIZ,response to xenobiotic stimulus
monoatomic cation transport,4.081830949284786,ADRA1A|CACNA1C|CACNA2D1|CACNB2|GRIN2A|KCNMA1|PLCB4|RYR2|SCN3A|SLC8A1|CNNM2|SLC24A3|SLC38A11,2.5424048267111714,AQP1|BCL2|KCNJ8|KCNQ3|PPP3CA|SLC12A2|SLN|TRPC6|ABCC9|KCNE4|STK39|PIEZO2|STEAP4|TRPM3|COX4I2|KCNT2,1.749927526028509,AQP1|ATP1B1|BCL2|CACNA2D1|CCN2|GRIN2A|KCND2|KCND3|KCNMA1|P2RX7|PPP3CA|SLC8A1|TSC1|SLC4A4|RAMP2|RAMP3|PLCB1|STK39|SLC15A3|CNNM2|CACNA2D3|SLC24A3|PIEZO2|STEAP4|TRPM3|SCARA5|KCNT2|NALF1,monoatomic cation transport
calcium-mediated signaling,10.731377777777778,CACNA1C|DMD|GRIN2A|PLN|RYR2|SLC8A1,4.52571599940021,AVPR1A|PPP3CA|RCAN3|PPP1R9A|MCTP1,3.916041519226233,AGTR1|ATP1B1|DEFB1|GRIN2A|NFATC2|P2RX7|PPP3CA|SGCD|SLC8A1|VCAM1|MCTP1,calcium-mediated signaling
ECM proteoglycans,12.70821052631579,COL4A5|COL4A6|LAMA3|ITGA8,17.686021734498187,COL1A1|COL1A2|COL3A1|COL4A1|COL4A2|COL6A3|DCN|SERPINE1|TNXB|COL5A3|ASPN,8.853251759973181,COL1A1|COL1A2|COL3A1|COL6A3|COMP|VCAN|DCN|FN1|TNC|LAMA2|LUM|SERPINE1|TNXB|ASPN,ECM proteoglycans
regulation of neurogenesis,3.802456692913386,EPHA4|ID1|ID2|NTRK3|PTN|BTG2,3.8486403774426976,ID4|MDK|PPP3CA|PRKCH|S100A10|CXCL12|THY1|BHLHE40|SEMA5A|IL1RAPL1|CHD7|IL34,3.405862881789458,EFNA5|FN1|HES1|ID1|ID2|MBP|MDK|MME|PPP3CA|PRKCH|PTN|PTPRD|PTPRZ1|ROBO1|ROBO2|S100A10|CXCL12|THY1|TIAM1|BTG2|SEMA5A|SLIT2|RAPGEF2|SEMA3A|SEMA3C|TENM4|IL34,regulation of neurogenesis
extracellular matrix organization,6.330307116104868,COL4A5|COL4A6|CCN1|MYH11|ITGA8|ADAMTS1|HPSE2,7.780163459643058,COL1A1|COL1A2|COL3A1|COL4A1|COL4A2|EXT1|GPM6B|LOXL2|TGFBI|TNXB|POSTN|ADAMTS5|COL5A3|CSGALNACT1|ADAMTS12|CRISPLD2|EGFLAM,6.120064887044061,COL1A1|COL1A2|COL3A1|COL15A1|COMP|CCN2|CYP1B1|DPT|EXT1|FBLN1|CCN1|LOXL2|LUM|MATN2|MFAP4|MMP1|MMP2|MMP3|SFRP2|TLL1|TNXB|RAMP2|ADAMTS5|ADAMTS6|FLRT2|ABI3BP|CSGALNACT1|ADAMTSL3|THSD4|CRISPLD2|HMCN1|ADAMTSL1|CCDC80|ADAMTS19,extracellular matrix organization
regulation of metal ion transport,5.13736170212766,CACNA1C|CACNA2D1|CACNB2|DMD|PLN|RRAD|RYR2|SLC8A1|AKAP6,3.466505871881011,BCL2|FGF14|PPP3CA|CXCL12|SLN|THY1|TRPC6|ABCC9|KCNE4|STK39|TESC|CHD7,2.38598274382256,ANK3|ATP1B1|BCL2|CACNA2D1|FGF14|GEM|HES1|P2RX7|PDE4D|PPP3CA|PRKD1|CCL2|CXCL12|SLC8A1|STAC|THY1|AKAP6|RAMP3|STK39|CEMIP|THADA,regulation of metal ion transport
regulation of endothelial cell proliferation,5.22067027027027,CDH13|NR4A1|JUN|THBS1,4.62356931830616,APOE|FGF7|MDK|PPARG|CXCL12|SEMA5A|CCL26,4.935944224479257,AGTR1|APOE|CDH13|FGF7|VEGFD|HMOX1|JUN|MDK|PPARG|PRKD1|PTPRM|CCL2|CXCL12|THBS1|THBS4|SCG2|SEMA5A|RGCC|EMC10,regulation of endothelial cell proliferation
mesenchyme development,5.009460580912863,ACTA2|ACTC1|ACTG2|ERBB4|FRZB,3.549212962185227,BCL2|EXT1|LOXL2|SEMA5A|SPRY1|CITED2|ADAMTS5,4.187845230858684,BCL2|BMP5|ERBB4|EXT1|FN1|HES1|IGF1|LOXL2|ROBO1|ROBO2|SFRP1|SFRP2|SEMA5A|SPRY1|CITED2|SEMA3A|SEMA3C|ADAMTS5|ZFPM2|BNC2|EXOC4,mesenchyme development
Integrin cell surface interactions,11.362635294117648,COL4A5|COL4A6|THBS1|ITGA8,12.9382233865206,CD44|COL1A1|COL1A2|COL3A1|COL4A1|COL4A2|COL6A3|FBN1|COL5A3,7.350430872986138,CD44|COL1A1|COL1A2|COL3A1|COL6A3|COMP|FBN1|FN1|TNC|ITGB8|LUM|THBS1|VCAM1,Integrin cell surface interactions
negative regulation of cell differentiation,5.058435754189944,EPHA4|FRZB|ID1|ID2|ID3|IGFBP5|MARK1|NTRK3|PTN|ZFP36|BTG2|TMEM131L|CRIM1|SOX6|MYOCD,2.2186121728903263,FBN1|ID4|MDK|PPARG|PPP3CA|THY1|SEMA5A|SPRY1|FST|TMEM176B|ADAMTS12|ZBTB46|SPRED1,2.61782105113333,BMP5|RUNX1|CD74|FBN1|EFEMP1|HES1|ID1|ID2|ID3|IGF1|MARK1|MBP|MDK|MYC|NFATC2|CCN3|PPARG|PPP3CA|PTN|RORA|SFRP1|SFRP2|THY1|TLR3|TNFAIP6|BTG2|SEMA5A|RAPGEF2|SPRY1|SEMA3A|SEMA3C|FGL2|ZHX2|ZFPM2|TMEM176B|SOX6|ZBTB46|CNTN4|SPRED1,negative regulation of cell differentiation
response to fibroblast growth factor,7.873565217391305,NR4A1|ZFP36|IER2,5.312797042774159,CD44|COL1A1|EXT1|FGF7,4.701571586818055,CD44|COL1A1|CCN2|EXT1|FGF7|CCL2|SFRP1|IER2|FLRT2,response to fibroblast growth factor
striated muscle cell differentiation,10.397626794258375,ACTC1|ADRA1A|IGFBP5|MYH11|SLC8A1|SORBS2|MYL9|MYOZ1|MYOCD,4.092633128644209,AVPR1A|ADGRB3|BCL2|FHL2|KRT8|PPP3CA|ADAMTS5,3.449318867522019,ADGRB3|BCL2|IGF1|NFATC2|PPP3CA|SGCD|SLC8A1|TSC1|ADAM12|SORBS2|ADAMTS5|NOX4|SMYD3|DOCK5|MYPN,striated muscle cell differentiation
regulation of monoatomic ion transport,4.837181969949917,CACNA1C|CACNA2D1|CACNB2|DMD|GRIN2A|KCNMA1|PLN|RRAD|RYR2|SCN3A|SLC8A1|AKAP6,3.059958229978439,BCL2|CNR1|FGF14|KCNJ8|KCNQ3|PPP3CA|CXCL12|SLN|THY1|TRPC6|ABCC9|KCNE4|STK39|TESC|CHD7,2.166333485745882,ANK3|ATP1B1|BCL2|CACNA2D1|FGF14|GEM|GRIN2A|HES1|KCND2|KCND3|KCNMA1|P2RX7|PDE4D|PPP3CA|PRKD1|CCL2|CXCL12|SLC8A1|STAC|THY1|AKAP6|RAMP3|STK39|CLIC5|CACNA2D3|CEMIP|THADA,regulation of monoatomic ion transport
regulation of monoatomic ion transmembrane transport,6.061656903765691,CACNA1C|CACNA2D1|CACNB2|DMD|GRIN2A|KCNMA1|PLN|RRAD|RYR2|SCN3A|SLC8A1|AKAP6,3.3232768112750497,BCL2|FGF14|KCNJ8|KCNQ3|PPP3CA|SLN|THY1|TRPC6|ABCC9|KCNE4|STK39|TESC|CHD7,2.513624976680969,ANK3|ATP1B1|BCL2|CACNA2D1|FGF14|GEM|GRIN2A|KCND2|KCND3|KCNMA1|P2RX7|PDE4D|PPP3CA|PRKD1|CCL2|SLC8A1|STAC|THY1|AKAP6|RAMP3|STK39|CLIC5|CACNA2D3|CEMIP|THADA,regulation of monoatomic ion transmembrane transport
enzyme-linked receptor protein signaling pathway,6.171399361022365,COL4A5|COL4A6|EGR1|EPHA4|ERBB4|FOS|ID1|IGFBP5|JUN|NTRK3|PTN|ITGA8|SORBS1|SIPA1L1|CRIM1|ANKS1B,2.927979200889912,COL1A1|COL1A2|COL3A1|COL4A1|COL4A2|EXT1|FGF7|GFRA1|PPARG|LTBP4|ANGPTL1|CITED2|FST|CHST11|SVEP1,4.069020776947966,BMP5|COL1A1|COL1A2|COL3A1|COMP|CCN2|HBEGF|EFNA5|EGR1|ERBB4|EXT1|EFEMP1|FGF7|VEGFD|FOS|GHR|HPGD|HES1|ID1|IGF1|ITGB8|JUN|MMP2|MYOC|PDK4|PPARG|PRKD1|MAP2K5|PTN|PTPRD|PTPRG|SFRP1|SFRP2|TIAM1|LTBP4|ANGPTL1|RAPGEF2|GAB2|MAGI2|CITED2|PLCB1|FLRT2|SIPA1L1|GIGYF2|CHST11|DDIT4|ANKS1B|SVEP1|PDGFD|ABTB3|CLEC14A|DOK6|STXBP4,enzyme-linked receptor protein signaling pathway
NABA ECM GLYCOPROTEINS,7.391510204081634,IGFBP5|CCN1|LAMA3|THBS1|CRIM1|FRAS1,9.351607039576963,FBN1|IGFBP2|IGFBP3|IGFBP6|MGP|TGFBI|TNXB|LTBP4|CCN5|POSTN|SNED1|SVEP1|CRISPLD2|EGFLAM|HMCN2,8.827440530352266,COMP|CCN2|DPT|FBLN1|FBLN2|FBN1|EFEMP1|FN1|TNC|IGFBP6|CCN1|LAMA2|MATN2|MFAP4|MGP|CCN3|THBS1|THBS4|TNFAIP6|TNXB|MFAP5|LTBP4|CILP|CCN5|SLIT2|FGL2|ABI3BP|SNED1|PCOLCE2|THSD4|SVEP1|CRISPLD2|HMCN1|FNDC1|PXDNL|HMCN2,NABA ECM GLYCOPROTEINS
Focal adhesion,9.61018905472637,COL4A5|COL4A6|JUN|LAMA3|THBS1|PIP5K1B|ITGA8|MYL9,4.937144726618411,BCL2|COL1A1|COL1A2|COL4A1|COL4A2|MAPK10|TNXB|COL5A3,4.369137232194556,BCL2|COL1A1|COL1A2|COMP|VEGFD|FN1|TNC|IGF1|ITGB8|JUN|LAMA2|MAPK10|THBS1|THBS4|TNXB|TESK2|VAV3|PDGFD,Focal adhesion
cell-substrate adhesion,5.24904347826087,ID1|PPFIA2|ITGA8|SORBS1,6.640996303467699,BCL2|CD44|COL3A1|EDA|THY1|TNXB|SNED1|COL5A3|PEAK1|ADAMTS12,4.701571586818055,BCL2|CD44|COL3A1|CCN2|EDA|FN1|ID1|ITGB8|THY1|TIAM1|TNXB|TSC1|VCAM1|PPFIA2|ITGBL1|TESK2|SNED1|PEAK1,cell-substrate adhesion
wound healing,4.376845921450151,CDKN1A|DGKB|DGKG|CCN1|MYL9|MYOZ1,2.953337328913732,AQP1|CD36|CD44|COL1A1|COL3A1|EXT1|PPP3CA|TIMP1,2.75876036715608,AQP1|CD44|CDKN1A|COL1A1|COL3A1|COMP|HBEGF|EXT1|FBLN1|HMOX1|IGF1|CCN1|PLAU|PLSCR1|PPP3CA|TIMP1|VAV3|ARHGAP24|FUT10,wound healing
negative regulation of catalytic activity,2.9003723723723724,CDKN1A|NR4A1|GADD45B|PLN|SLC8A1|THBS1|ZFP36|MYOCD,3.302549513075829,APOC1|APOE|AQP1|CD44|CNR1|COL6A3|FABP4|SERPINE1|PPARG|SLN|THY1|TIMP1|HDAC9|SPRY1|PPM1E|SH3RF1|SPRED1|H19,2.0205619632371223,APOC1|APOE|AQP1|CD44|CDKN1A|COL6A3|DUSP1|IFI6|SERPINE1|PRKN|PPARG|MAP2K5|SFRP1|SFRP2|SLC8A1|SLPI|THBS1|THY1|TIMP1|TSC1|SPRY1|PCSK1N|ANGPTL4|ERRFI1|SH3RF1|SMYD3|DEPTOR|SPRED1,negative regulation of catalytic activity
epithelial cell proliferation,5.783377245508983,CDH13|ID2|IGFBP5|NFKBIZ,4.390215520376251,ESR1|FGF7|IGFBP3|LOXL2|SEMA5A|FST,2.5900873412410843,CDH13|ESR1|FGF7|HMOX1|ID2|LOXL2|CCN3|SEMA5A|NFKBIZ,epithelial cell proliferation
response to hormone,3.3877755102040816,ADRA1A|EGR1|FOS|NR4A1|HSPA1B|IGFBP5|NTRK3|THBS1|ZFP36|BTG2|SORBS1,2.961342229199372,AQP1|AVPR1A|BCL2|COL1A1|COL3A1|ESR1|FBN1|FHL2|IGFBP2|MDK|ME1|PAPPA|PPARG|CXCL12|STAT4|TIMP1|HDAC9|CITED2|STK39,3.003781847133758,AGTR1|AQP1|BCL2|COL1A1|COL3A1|CCN2|CYP1B1|EFNA5|EGR1|ESR1|ACSL1|FBN1|FOS|FOSB|GHR|HCLS1|HMOX1|HES1|HSPA1B|MBP|MDK|ME1|MME|MMP2|NR4A2|PDK4|PPARG|PRKAA2|PTGDS|ROBO2|CXCL12|SFRP1|SFRP4|THBS1|TIMP1|TSC1|BTG2|SLIT2|TBC1D4|RAMP2|RAMP3|CITED2|NCOA2|PLCB1|STK39|ERRFI1|DDIT4|SMYD3|STXBP4,response to hormone
ECM-receptor interaction,16.462909090909093,COL4A5|COL4A6|LAMA3|THBS1|ITGA8|FRAS1,11.108575634891425,CD36|CD44|COL1A1|COL1A2|COL4A1|COL4A2|COL6A3|TNXB,6.553705848291835,CD44|COL1A1|COL1A2|COL6A3|COMP|FN1|TNC|ITGB8|LAMA2|THBS1|THBS4|TNXB,ECM-receptor interaction
Relaxin signaling pathway,11.230511627906978,ACTA2|COL4A5|COL4A6|FOS|JUN|PLCB4,5.683457301572355,COL1A1|COL1A2|COL3A1|COL4A1|COL4A2|MAPK10,4.470745074803732,ADCY2|COL1A1|COL1A2|COL3A1|VEGFD|FOS|JUN|MMP1|MMP2|MAPK10|CREB5|PLCB1,Relaxin signaling pathway
response to tumor necrosis factor,5.7217061611374405,FOS|AFF3|THBS1|ZFP36|KLF2,4.6329604543623,COL1A1|EXT1|FABP4|KRT8|KRT18|CCL13|CCL26|ADAMTS12,3.188848975156217,CHI3L1|COL1A1|CYP1B1|EXT1|FOS|HES1|AFF3|MBP|RORA|CCL2|SFRP1|THBS1|VCAM1|KLF2,response to tumor necrosis factor
cellular component morphogenesis,3.2739796610169494,ACTC1|EPHA4|MYH11|PLN|PTN|MYL9|MYOZ1|PHACTR1,2.4853084471282503,BCL2|EXT1|KRT8|MDK|PPP3CA|CXCL12|SEMA5A|PLPPR4|DOCK10|TMEM108|PREX2|HMCN2,2.8510471769405163,ANK3|BCL2|EFNA5|EXT1|MDK|NR4A2|PPP3CA|PTN|PTPRM|PTPRZ1|ROBO1|ROBO2|CXCL12|UNC5C|SEMA5A|DCLK1|SLIT2|NRXN3|NRXN1|SEMA3A|SEMA3C|NLGN1|FLRT2|TENM4|AUTS2|NRN1|DSCAML1|TMEM108|PREX2|KIRREL3|MYPN|CNTN4|PHACTR1|HMCN2|CRPPA,cellular component morphogenesis
supramolecular fiber organization,3.46173476702509,ACTC1|DES|MYH11|TPM2|MYL9|SORBS1|MYOZ1|PHACTR1,3.5037801285679047,BCL2|CD36|COL1A1|COL1A2|COL3A1|DIAPH2|EXT1|KRT8|LOXL2|MARCKS|MYO1B|TNXB|COL5A3|PPP1R9A|ADAMTS12|NCKAP5,2.0671186905006502,BCL2|COL1A1|COL1A2|COL3A1|COMP|CYP1B1|DIAPH2|DPT|EXT1|LOXL2|LUM|MARCKS|MFAP4|PRKN|SFRP2|TLL1|TNFAIP6|TNXB|MFAP5|MICAL3|THSD4|HMCN1|MYPN|PHACTR1,supramolecular fiber organization
negative regulation of transferase activity,4.327168458781362,CDKN1A|GADD45B|SLC8A1|ZFP36|MYOCD,3.065807612496916,APOE|FABP4|PPARG|THY1|SPRY1|PPM1E|SPRED1,2.411638472250759,APOE|CDKN1A|DUSP1|PRKN|PPARG|SFRP1|SFRP2|SLC8A1|THY1|SPRY1|ERRFI1|SMYD3|DEPTOR|SPRED1,negative regulation of transferase activity
regulation of neuron projection development,4.807752212389381,DGKG|EPHA4|ID1|MARK1|NTRK3|ROR1|PTN|PPFIA2|SIPA1L1,2.973755866862527,APOE|ADGRB3|CNR1|MDK|PPP3CA|CXCL12|THY1|SEMA5A|IL1RAPL1|FAT3|NEGR1,3.827828194577532,APOE|ADGRB3|BMP5|EFNA5|FN1|HES1|ID1|MARK1|MBP|MDK|ROR1|PPP3CA|PRKD1|PTN|PTPRD|PTPRG|ROBO1|ROBO2|CXCL12|SFRP1|SFRP2|THY1|TIAM1|TSC1|PPFIA2|SEMA5A|SLIT2|RAPGEF2|MAGI2|SEMA3A|SEMA3C|NLGN1|SIPA1L1|TANC2|TENM3|NEGR1,regulation of neuron projection development
blood vessel development,6.203415019762846,ACTA2|RHOB|CDH13|EGR1|NR4A1|ID1|CCN1|JUN|JUNB|THBS1|SOCS3|ACKR3|MYOCD,4.829815493431053,AHR|APOE|AQP1|COL1A1|COL1A2|COL3A1|COL4A1|COL4A2|LOXL2|SERPINE1|TGFBI|THY1|SEMA5A|CITED2|CHD7|RHOJ|APOLD1|CCBE1|SPRED1|ADGRF5,5.318949673975982,AHR|APOD|APOE|AQP1|RHOB|CDH13|COL1A1|COL1A2|COL3A1|COMP|CCN2|CYP1B1|EGR1|VEGFD|FN1|HMOX1|HPGD|HES1|ID1|CCN1|ITGB8|JUN|JUNB|LOXL2|MMP2|CCN3|SERPINE1|PRKD1|ROBO1|ROBO2|RORA|CCL2|SFRP2|SGCD|THBS1|THY1|SCG2|SOCS3|SEMA5A|SLIT2|RAPGEF2|RAMP2|CITED2|SEC24B|VAV3|SEMA3C|ADAMTS6|ZFPM2|CEMIP2|ANGPTL4|ACKR3|ARHGAP24|CLEC14A|SPRED1|ARID2|EMC10,blood vessel development
Signaling by Receptor Tyrosine Kinases,5.990320610687023,COL4A5|EGR1|ERBB4|FOS|ID1|ID2|ID3|JUNB|LAMA3|NTRK3|PTN|RRAD|THBS1,4.197515220817752,APOE|COL1A1|COL1A2|COL3A1|COL4A1|COL4A2|COL6A3|ESR1|FGF7|ID4|MDK|PCSK5|CXCL12|SPRY1|COL5A3|WWOX|PAG1|SPRED1,3.7604597170224143,APOE|COL1A1|COL1A2|COL3A1|COL6A3|HBEGF|EGR1|ERBB4|ESR1|FGF7|VEGFD|FN1|FOS|FOSB|ID1|ID2|ID3|IGF1|JUNB|LAMA2|MDK|MYC|PCSK5|MAP2K5|PTN|PTPRZ1|CXCL12|THBS1|THBS4|TIAM1|ADAM12|CILP|GAB2|SPRY1|VAV3|FLRT2|WWOX|TNS3|PDGFD|FGFBP2|SPRED1,Signaling by Receptor Tyrosine Kinases
positive regulation of chemotaxis,6.7540139860139865,CDH13|NTRK3|PTN|THBS1,6.8360465445485685,MDK|SERPINE1|CXCL12|SEMA5A|CCL26|STK39|SUCNR1|IL34,5.713487149792882,CD74|CDH13|VEGFD|MDK|SERPINE1|PRKD1|PTN|CXCL12|THBS1|THBS4|SCG2|SEMA5A|SLIT2|DAPK2|STK39|PDGFD|IL34,positive regulation of chemotaxis
extracellular structure organization,7.207641791044777,COL4A5|COL4A6|CCN1|MYH11|ITGA8|ADAMTS1|TEX14|HPSE2,7.751132998972748,COL1A1|COL1A2|COL3A1|COL4A1|COL4A2|EXT1|GPM6B|LOXL2|TGFBI|TNXB|POSTN|ADAMTS5|COL5A3|CSGALNACT1|ADAMTS12|CRISPLD2|EGFLAM,6.097228824032703,COL1A1|COL1A2|COL3A1|COL15A1|COMP|CCN2|CYP1B1|DPT|EXT1|FBLN1|CCN1|LOXL2|LUM|MATN2|MFAP4|MMP1|MMP2|MMP3|SFRP2|TLL1|TNXB|RAMP2|ADAMTS5|ADAMTS6|FLRT2|ABI3BP|CSGALNACT1|ADAMTSL3|THSD4|CRISPLD2|HMCN1|ADAMTSL1|CCDC80|ADAMTS19,extracellular structure organization
positive regulation of locomotion,5.154233169129721,ACTA2|RHOB|CDH13|EPHA4|IGFBP5|CCN1|JUN|NTRK3|PTN|SLC8A1|THBS1|ADAMTS1|ACKR3,3.4110076251637054,AQP1|BCL2|COL1A1|FGF7|MDK|SERPINE1|PPP3CA|CXCL12|THY1|SEMA5A|HDAC9|CCL26|STK39|SUCNR1|RHOJ|IL34|CCBE1,3.63018627174129,AQP1|RHOB|BCL2|CD74|CDH13|COL1A1|CYP1B1|DEFB1|HBEGF|FGF7|VEGFD|FN1|HMOX1|IGF1|CCN1|JUN|MDK|MMP2|MYOC|SERPINE1|PLAU|PPP3CA|PRKD1|PTN|CXCL12|SLC8A1|THBS1|THBS4|THY1|TIAM1|TNFAIP6|SCG2|SEMA5A|SLIT2|RAPGEF2|DOCK4|SEMA3A|SEMA3C|DAPK2|STK39|ACKR3|CEMIP|DOCK5|PDGFD|IL34|EMC10,positive regulation of locomotion
blood vessel morphogenesis,5.7217061611374405,RHOB|CDH13|NR4A1|ID1|CCN1|JUN|JUNB|THBS1|ACKR3|MYOCD,4.6329604543623,APOE|COL3A1|COL4A1|COL4A2|LOXL2|SERPINE1|TGFBI|THY1|SEMA5A|CITED2|CHD7|RHOJ|APOLD1|CCBE1|SPRED1|ADGRF5,5.23882331632807,APOD|APOE|RHOB|CDH13|COL3A1|COMP|CCN2|CYP1B1|VEGFD|FN1|HMOX1|HPGD|HES1|ID1|CCN1|ITGB8|JUN|JUNB|LOXL2|MMP2|CCN3|SERPINE1|PRKD1|ROBO1|RORA|CCL2|SFRP2|SGCD|THBS1|THY1|SCG2|SEMA5A|SLIT2|RAMP2|CITED2|SEC24B|VAV3|ZFPM2|CEMIP2|ANGPTL4|ACKR3|ARHGAP24|CLEC14A|SPRED1|ARID2|EMC10,blood vessel morphogenesis
response to hypoxia,6.8987428571428575,EGR1|FOS|KCNMA1|RYR2|SLC8A1|THBS1|MYOCD|WTIP,3.054858299595141,AQP1|BCL2|LOXL2|PPARG|CXCL12|CITED2|CYGB,4.634406278434941,AQP1|ATP1B1|BCL2|EGR1|VEGFD|FOS|HMOX1|KCND2|KCNMA1|LOXL2|MMP2|MYC|NR4A2|PLAU|PPARG|RORA|CXCL12|SFRP1|SLC8A1|THBS1|VCAM1|CITED2|RGCC|ANGPTL4|DDIT4|CYGB|WTIP,response to hypoxia
metanephros development,8.521976470588235,ID3|ITGA8|FRAS1,5.750321505120267,AQP1|BCL2|FBN1|SPRY1,3.957924316223304,AQP1|BCL2|FBN1|HES1|ID3|ROBO2|SPRY1,metanephros development
Th1 and Th2 cell differentiation,7.873565217391305,FOS|JUN|MAML3,5.312797042774159,PPP3CA|MAPK10|STAT4|MAML2,5.746365272777624,FOS|HLA-DPA1|HLA-DPB1|HLA-DRA|HLA-DRB1|JUN|NFATC2|PPP3CA|MAPK10|MAML3|MAML2,Th1 and Th2 cell differentiation
Non-integrin membrane-ECM interactions,20.46237288135593,COL4A5|COL4A6|DMD|LAMA3|THBS1,12.426542235641252,COL1A1|COL1A2|COL3A1|COL4A1|COL4A2|COL5A3,6.516679261578322,COL1A1|COL1A2|COL3A1|FN1|TNC|LAMA2|THBS1|NRXN1,Non-integrin membrane-ECM interactions
cell junction organization,5.648093567251462,APBB2|CACNB2|CDH13|COL4A5|EPHA4|ERBB4|LAMA3|NTRK3|PPFIA2|SORBS1|PDZRN3|SDK1,3.3347381048212075,APOE|ADGRB3|BCL2|COL4A1|EXT1|THY1|TJP2|IL1RAPL1|ADGRL3|DOCK10|TMEM108|PEAK1|SVEP1|HMCN2,2.7168709104679603,ANK3|APBB2|APOE|ADGRB3|BCL2|C1QA|C3|CDH13|EFNA5|ERBB4|EXT1|FN1|TNC|PTPRD|THY1|TSC1|PPFIA2|NRXN1|RAMP2|TESK2|NLGN1|PDZRN3|TMEM108|PEAK1|SVEP1|KIRREL3|LRFN5|SDK1|HMCN2,cell junction organization
positive regulation of cell development,3.353555555555556,EPHA4|FOS|ID2|PDE3A|PTN|NFKBIZ,3.111429749587644,BCL2|ID4|MDK|PPP3CA|PRKCH|CXCL12|SEMA5A|IL1RAPL1|TESC|ZBTB46|IL34,3.337535385704176,BCL2|RUNX1|CD74|EFNA5|FN1|FOS|HCLS1|HLA-DRA|HLA-DRB1|HES1|ID2|MDK|MME|PPP3CA|PRKCH|PTN|PTPRD|PTPRZ1|ROBO1|ROBO2|CXCL12|TIAM1|RIPK2|SEMA5A|SLIT2|TENM4|NFKBIZ|ZBTB46|IL34|ARID2,positive regulation of cell development
behavior,4.773429983525536,EGR1|EPHA4|FOS|GRIN2A|ID2|PTN|SCN3A|THBS1|BTG2|ITGA8|NAV2|SDK1,2.8183206717846447,APBA1|APOE|AVPR1A|ADGRB3|BCL2|CNR1|EXT1|GRID1|MDK|CXCL12|CHD7|PREX2|OPN4|NEGR1,2.6128448357275524,APOE|ADGRB3|BCL2|EGR1|EXT1|FOS|GRIN2A|ID2|KCND2|MDK|MME|NR4A2|PRKN|PTN|PTPRZ1|CXCL12|THBS1|THBS4|TSC1|BTG2|NRXN3|NRXN1|NCOA2|PLCB1|GIGYF2|PREX2|KIRREL3|NAV2|BTBD9|SDK1|NEGR1|NPW|TAFA2,behavior
PID INTEGRIN1 PATHWAY,18.292121212121213,COL4A5|COL4A6|LAMA3|THBS1|ITGA8,14.811434179855231,COL1A1|COL1A2|COL3A1|COL4A1|COL6A3|FBN1|MDK|TGFBI,8.738274464389113,COL1A1|COL1A2|COL3A1|COL6A3|FBN1|FN1|TNC|LAMA2|MDK|PLAU|THBS1|VCAM1,PID INTEGRIN1 PATHWAY
response to growth factor,6.965076923076922,ACTA2|EGR1|ERBB4|FOS|NR4A1|ID1|JUN|NTRK3|PDE3A|THBS1|ZFP36|ITGA8|IER2|SOX6|NFKBIZ,3.99481469947057,CD44|COL1A1|COL1A2|COL3A1|COL4A2|EXT1|FBN1|FGF7|GFRA1|PPARG|LTBP4|CITED2|FST|CHST11|WWOX|TMEM108|ADAMTS12,4.1590825575698185,CD44|COL1A1|COL1A2|COL3A1|COMP|CCN2|EGR1|ERBB4|EXT1|FBN1|FGF7|VEGFD|FOS|GAS1|HPGD|HES1|ID1|ITGB8|JUN|MT1G|MYC|PPARG|PRKD1|MAP2K5|CCL2|SFRP1|SFRP2|THBS1|VCAM1|LTBP4|CILP|IER2|RAPGEF2|MAGI2|RAMP2|CITED2|FLRT2|CHST11|WWOX|ERRFI1|DDIT4|SOX6|NFKBIZ|TMEM108|PDGFD,response to growth factor
metal ion transport,4.9824253968253975,ADRA1A|CACNA1C|CACNA2D1|CACNB2|GRIN2A|KCNMA1|PLCB4|RYR2|SCN3A|SLC8A1|CNNM2|SLC24A3|SLC38A11,2.715429599640126,AQP1|BCL2|KCNJ8|KCNQ3|PPP3CA|SLC12A2|SLN|TRPC6|ABCC9|KCNE4|STK39|STEAP4|TRPM3|KCNT2,1.983449600647053,AQP1|ATP1B1|BCL2|CACNA2D1|CCN2|GRIN2A|KCND2|KCND3|KCNMA1|P2RX7|PPP3CA|SLC8A1|TSC1|SLC4A4|RAMP2|RAMP3|PLCB1|STK39|CNNM2|CACNA2D3|SLC24A3|STEAP4|TRPM3|SCARA5|KCNT2|NALF1,metal ion transport
regulation of smooth muscle cell migration,8.048533333333333,IGFBP5|ADAMTS1|MYOCD,5.430859199280252,BCL2|IGFBP3|MDK|SERPINE1,5.340056617126681,BCL2|CYP1B1|IGF1|MDK|SERPINE1|PLAU|SLIT2|DOCK4|DOCK5|PDGFD,regulation of smooth muscle cell migration
PID INTEGRIN3 PATHWAY,22.46102325581396,COL4A5|COL4A6|CCN1|THBS1,17.050371904717068,COL1A1|COL1A2|COL4A1|FBN1|TGFBI|THY1,10.059176418308397,COL1A1|COL1A2|FBN1|FN1|TNC|CCN1|PLAU|THBS1|THY1,PID INTEGRIN3 PATHWAY
NABA BASEMENT MEMBRANES,18.1092,COL4A5|COL4A6|LAMA3,9.164574898785425,COL4A1|COL4A2|COL6A3,4.806050955414013,COL6A3|COL15A1|LAMA2|HMCN1,NABA BASEMENT MEMBRANES
positive regulation of hydrolase activity,3.3948119507908614,ADRA1A|EPHA4|GRIN2A|CCN1|NTRK3|RGS6|NET1|SIPA1L1,3.006538924030368,AVPR1A|ESR1|PPARG|S100A10|CCL13|THY1|CCL26|DOCK9|ASAP1|UACA|RALGPS2|DOCK10|AGAP2|AGAP1,2.6184108895928717,AGTR1|CCN2|ESR1|GRIN2A|CCN1|MBP|MYC|PPARG|PRKD1|RGS16|ROBO1|S100A10|CCL2|SFRP1|SFRP2|THY1|TIAM1|TSC1|CRADD|RIPK2|RAPGEF2|MAGI2|TBC1D4|SIPA1L3|DOCK9|SIPA1L1|UACA|RALGPS2|ARHGAP24|TBC1D10A|AGAP1,positive regulation of hydrolase activity
regulation of hemopoiesis,4.654573493975904,FOS|HSPA1B|ID2|JUNB|PTN|ZFP36|TMEM131L|NFKBIZ,3.238885908004487,FBN1|MDK|PPP3CA|TMEM176B|TESC|CYP26B1|TCIM|SH3RF1|PRXL2A|ZBTB46|IL34,3.1268283324380324,RUNX1|CD74|FBN1|FOS|HCLS1|HLA-DRA|HLA-DRB1|HSPA1B|ID2|JUNB|MDK|MYC|PPP3CA|PTN|SFRP1|TLR3|TNFAIP6|RIPK2|ISG15|FGL2|TMEM176B|TCIM|SH3RF1|NFKBIZ|ZBTB46|IL34|ARID2,regulation of hemopoiesis
regulation of MAPK cascade,4.516443165467626,ACTA2|ADRA1A|ATF3|EPHA4|ERBB4|CCN1|JUN|GADD45B|NTRK3|THBS1|GADD45G|ACKR3|SH3RF3,2.4614685579471645,APOE|CD36|CD44|IGFBP3|IGFBP6|PPARG|CCL13|SPRY1|CCL26|STK39|PELI2|SH3RF1|IL34|SPRED1,3.319286990789533,APOE|ATF3|CD44|CD74|CHI3L1|CCN2|DUSP1|ERBB4|FBLN1|FN1|GHR|HLA-DRB1|IGF1|IGFBP6|CCN1|JUN|MYC|MYOC|P2RX7|PRKN|PLA2G2A|PPARG|MAP2K5|MAP2K6|ROBO1|CCL2|SFRP1|SFRP2|THBS1|TLR3|RIPK2|RAPGEF2|SPRY1|RAMP3|SEMA3A|GADD45G|PLCB1|STK39|NOX4|ERRFI1|ACKR3|SH3RF1|PDGFD|HAVCR2|IL34|SPRED1|DOK6|SH3RF3,regulation of MAPK cascade
positive regulation of MAPK cascade,5.365688888888889,ACTA2|ADRA1A|EPHA4|ERBB4|JUN|GADD45B|NTRK3|THBS1|GADD45G|ACKR3|SH3RF3,2.715429599640125,APOE|CD36|CD44|IGFBP3|IGFBP6|CCL13|CCL26|STK39|PELI2|SH3RF1|IL34,3.3011259087692206,APOE|CD44|CD74|CHI3L1|CCN2|ERBB4|GHR|HLA-DRB1|IGF1|IGFBP6|JUN|P2RX7|PLA2G2A|MAP2K5|MAP2K6|ROBO1|CCL2|THBS1|TLR3|RIPK2|RAPGEF2|RAMP3|SEMA3A|GADD45G|PLCB1|STK39|NOX4|ACKR3|SH3RF1|PDGFD|HAVCR2|IL34|DOK6|SH3RF3,positive regulation of MAPK cascade
angiogenesis,5.925300613496933,RHOB|CDH13|NR4A1|ID1|CCN1|JUN|THBS1|ACKR3,3.748292392141278,COL4A1|COL4A2|LOXL2|SERPINE1|TGFBI|THY1|SEMA5A|RHOJ|APOLD1|CCBE1,4.865020905787191,APOD|RHOB|CDH13|CCN2|CYP1B1|VEGFD|FN1|HMOX1|ID1|CCN1|JUN|LOXL2|MMP2|CCN3|SERPINE1|PRKD1|ROBO1|RORA|CCL2|SFRP2|THBS1|THY1|SCG2|SEMA5A|SLIT2|RAMP2|VAV3|CEMIP2|ANGPTL4|ACKR3|ARHGAP24|CLEC14A|EMC10,angiogenesis
Protein digestion and absorption,7.032699029126214,COL4A5|COL4A6|SLC8A1,9.49082190165481,COL1A1|COL1A2|COL3A1|COL4A1|COL4A2|COL6A3|COL5A3|COL25A1,4.199461999876322,ATP1B1|COL1A1|COL1A2|COL3A1|COL6A3|COL15A1|MME|SLC8A1|COL21A1,Protein digestion and absorption
regulation of calcium ion transport,8.169563909774437,CACNA1C|CACNA2D1|CACNB2|DMD|PLN|RRAD|RYR2|SLC8A1|AKAP6,3.215640315363307,BCL2|PPP3CA|CXCL12|SLN|THY1|TRPC6|CHD7,3.252214932235046,ATP1B1|BCL2|CACNA2D1|GEM|HES1|P2RX7|PDE4D|PPP3CA|PRKD1|CCL2|CXCL12|SLC8A1|STAC|THY1|AKAP6|RAMP3|CEMIP|THADA,regulation of calcium ion transport
response to transforming growth factor beta,11.497904761904763,ACTA2|FOS|ID1|JUN|PDE3A|ITGA8|SOX6|NFKBIZ,6.546124927703875,COL1A1|COL1A2|COL3A1|COL4A2|FBN1|LTBP4|CITED2|CHST11|WWOX,5.149340309372156,COL1A1|COL1A2|COL3A1|FBN1|FOS|HPGD|ID1|ITGB8|JUN|SFRP1|LTBP4|CILP|CITED2|CHST11|WWOX|SOX6|NFKBIZ|PDGFD,response to transforming growth factor beta
negative regulation of intracellular signal transduction,3.8736256684491983,ADRA1A|ATF3|DGKG|EPHA4|PDE3A|THBS1|ACKR3|MYOZ1|WTIP,2.39596729380011,APOE|BCL2|CD44|ESR1|FHL2|PPARG|CXCL12|SPRY1|UACA|SPRED1|RNF152,3.169766227278404,APOE|ATF3|BCL2|CD44|CD74|CLU|DUSP1|ESR1|FBLN1|MYC|MYOC|CCN3|P2RX7|PRKN|PDE4D|PPARG|PRKAA2|RORA|CXCL12|SFRP1|SFRP2|THBS1|TSC1|CILP|SLIT2|MAGI2|SPRY1|PDE10A|SESN1|ERRFI1|DDIT4|UACA|ACKR3|DEPTOR|ARHGAP24|WTIP|SPRED1,negative regulation of intracellular signal transduction
