_MEMBER_MyList,_LogP_MyList,GO,Description,_PATTERN_,_RANK_,GiniIndex
1,-6.3,GO:0040013,negative regulation of locomotion,M1,1,0
1,-2.7,GO:1901890,positive regulation of cell junction assembly,M1,1,0
1,-3.2,GO:0006873,cellular monoatomic ion homeostasis,M1,1,0
1,-6.2,GO:0001503,ossification,M1,1,0
1,-2.6,GO:0030162,regulation of proteolysis,M1,1,0
1,-3,GO:0042391,regulation of membrane potential,M1,1,0
1,-4,GO:0034330,cell junction organization,M1,1,0
1,-2.8,GO:0034763,negative regulation of transmembrane transport,M1,1,0
1,-3.3,GO:0002062,chondrocyte differentiation,M1,1,0
1,-2.6,WP4786,Type I collagen synthesis in the context of osteogenesis imperfecta,M1,1,0
1,-5.8,hsa04933,AGE-RAGE signaling pathway in diabetic complications,M1,1,0
1,-2.1,GO:0045637,regulation of myeloid cell differentiation,M1,1,0
1,-2.2,R-HSA-977606,Regulation of Complement cascade,M1,1,0
1,-4.9,GO:0051051,negative regulation of transport,M1,1,0
1,-2.5,GO:0045862,positive regulation of proteolysis,M1,1,0
1,-2.1,GO:0006639,acylglycerol metabolic process,M1,1,0
1,-2,GO:0071622,regulation of granulocyte chemotaxis,M1,1,0
1,-2.7,GO:0051893,regulation of focal adhesion assembly,M1,1,0
1,-4,GO:0097006,regulation of plasma lipoprotein particle levels,M1,1,0
1,-2.6,M44,PID HIF2PATHWAY,M1,1,0
1,-8.4,R-HSA-1474290,Collagen formation,M1,1,0
1,-2,GO:0010596,negative regulation of endothelial cell migration,M1,1,0
1,-2.3,GO:0060560,developmental growth involved in morphogenesis,M1,1,0
1,-8.4,R-HSA-1650814,Collagen biosynthesis and modifying enzymes,M1,1,0
1,-3,GO:0050886,endocrine process,M1,1,0
1,-2.7,GO:0060348,bone development,M1,1,0
1,-3.1,R-HSA-373752,Netrin-1 signaling,M1,1,0
1,-2.3,GO:0042326,negative regulation of phosphorylation,M1,1,0
1,-2.7,M83,PID CDC42 REG PATHWAY,M1,1,0
1,-2,GO:0042632,cholesterol homeostasis,M1,1,0
1,-2.1,GO:0000904,cell morphogenesis involved in differentiation,M1,1,0
1,-3.3,GO:0032412,regulation of monoatomic ion transmembrane transporter activity,M1,1,0
1,-2.6,GO:0150116,regulation of cell-substrate junction organization,M1,1,0
1,-2.6,GO:0010721,negative regulation of cell development,M1,1,0
1,-2.1,GO:0060324,face development,M1,1,0
1,-3.2,R-HSA-1630316,Glycosaminoglycan metabolism,M1,1,0
1,-2.1,GO:0009100,glycoprotein metabolic process,M1,1,0
1,-2.1,GO:0044272,sulfur compound biosynthetic process,M1,1,0
1,-2.4,GO:0030279,negative regulation of ossification,M1,1,0
1,-2.3,GO:0034220,monoatomic ion transmembrane transport,M1,1,0
1,-2.1,GO:0009410,response to xenobiotic stimulus,M1,1,0
1,-2.3,GO:0001764,neuron migration,M1,1,0
1,-3.2,R-HSA-9024446,NR1H2 and NR1H3-mediated signaling,M1,1,0
1,-5.2,GO:0051960,regulation of nervous system development,M1,1,0
1,-2,WP3888,VEGFA-VEGFR2 signaling pathway,M1,1,0
1,-2.2,GO:0061383,trabecula morphogenesis,M1,1,0
1,-3.5,GO:0009611,response to wounding,M1,1,0
1,-2.1,GO:0030048,actin filament-based movement,M1,1,0
1,-2.3,GO:0001656,metanephros development,M1,1,0
1,-5.3,GO:1903844,regulation of cellular response to transforming growth factor beta stimulus,M1,1,0
1,-2.8,hsa05146,Amoebiasis,M1,1,0
1,-2.6,GO:0031670,cellular response to nutrient,M1,1,0
1,-6.7,GO:0035239,tube morphogenesis,M1,1,0
1,-2.7,M8,PID ENDOTHELIN PATHWAY,M1,1,0
1,-2.6,GO:0120035,regulation of plasma membrane bounded cell projection organization,M1,1,0
1,-3.4,GO:0021537,telencephalon development,M1,1,0
1,-3.5,GO:0060828,regulation of canonical Wnt signaling pathway,M1,1,0
1,-2.1,GO:0051091,positive regulation of DNA-binding transcription factor activity,M1,1,0
1,-6.7,GO:0090287,regulation of cellular response to growth factor stimulus,M1,1,0
1,-2.7,R-HSA-6785807,Interleukin-4 and Interleukin-13 signaling,M1,1,0
1,-4.2,GO:0034762,regulation of transmembrane transport,M1,1,0
1,-3.9,GO:0031069,hair follicle morphogenesis,M1,1,0
1,-2.5,R-HSA-382551,Transport of small molecules,M1,1,0
1,-3.9,R-HSA-186797,Signaling by PDGF,M1,1,0
1,-3.2,GO:0006812,monoatomic cation transport,M1,1,0
1,-3.1,R-HSA-9006931,Signaling by Nuclear Receptors,M1,1,0
1,-4.3,GO:0022404,molting cycle process,M1,1,0
1,-6,GO:2000146,negative regulation of cell motility,M1,1,0
1,-2.9,R-HSA-1236394,Signaling by ERBB4,M1,1,0
1,-2.3,GO:0050808,synapse organization,M1,1,0
1,-2.9,GO:0015914,phospholipid transport,M1,1,0
1,-2.1,GO:0007548,sex differentiation,M1,1,0
1,-2,GO:0032535,regulation of cellular component size,M1,1,0
1,-4,GO:0050865,regulation of cell activation,M1,1,0
1,-2,GO:0001541,ovarian follicle development,M1,1,0
1,-2.6,GO:0050866,negative regulation of cell activation,M1,1,0
1,-3.4,GO:0071827,plasma lipoprotein particle organization,M1,1,0
1,-7.3,R-HSA-2173782,Binding and Uptake of Ligands by Scavenger Receptors,M1,1,0
1,-2.6,GO:0055080,monoatomic cation homeostasis,M1,1,0
1,-5,GO:0043086,negative regulation of catalytic activity,M1,1,0
1,-6.4,R-HSA-9006934,Signaling by Receptor Tyrosine Kinases,M1,1,0
1,-20,M5884,NABA CORE MATRISOME,M1,1,0
1,-4.1,WP5115,Network map of SARS-CoV-2 signaling pathway,M1,1,0
1,-2.9,GO:0007179,transforming growth factor beta receptor signaling pathway,M1,1,0
1,-11,R-HSA-1474244,Extracellular matrix organization,M1,1,0
1,-4.6,GO:0008217,regulation of blood pressure,M1,1,0
1,-3.9,GO:0042633,hair cycle,M1,1,0
1,-3.1,GO:0030323,respiratory tube development,M1,1,0
1,-2.5,GO:0043200,response to amino acid,M1,1,0
1,-2,GO:2001236,regulation of extrinsic apoptotic signaling pathway,M1,1,0
1,-2.3,GO:0019722,calcium-mediated signaling,M1,1,0
1,-2.4,M5887,NABA BASEMENT MEMBRANES,M1,1,0
1,-2.4,R-HSA-6806834,Signaling by MET,M1,1,0
1,-3.6,R-HSA-8864260,Transcriptional regulation by the AP-2 (TFAP2) family of transcription factors,M1,1,0
1,-4.1,GO:0008544,epidermis development,M1,1,0
1,-5.8,WP3942,PPAR signaling pathway,M1,1,0
1,-2.5,GO:0050769,positive regulation of neurogenesis,M1,1,0
1,-3,GO:1990869,cellular response to chemokine,M1,1,0
1,-4.2,GO:0010875,positive regulation of cholesterol efflux,M1,1,0
1,-2.8,GO:0030900,forebrain development,M1,1,0
1,-2,GO:1903170,negative regulation of calcium ion transmembrane transport,M1,1,0
1,-3.3,hsa00532,Glycosaminoglycan biosynthesis - chondroitin sulfate / dermatan sulfate,M1,1,0
1,-2.3,GO:0003007,heart morphogenesis,M1,1,0
1,-3.3,WP2586,Aryl hydrocarbon receptor pathway,M1,1,0
1,-3.7,GO:0002683,negative regulation of immune system process,M1,1,0
1,-8.6,M3005,NABA COLLAGENS,M1,1,0
1,-3,GO:0071711,basement membrane organization,M1,1,0
1,-2.4,GO:0002009,morphogenesis of an epithelium,M1,1,0
1,-3.9,GO:0010743,regulation of macrophage derived foam cell differentiation,M1,1,0
1,-2.9,GO:0051384,response to glucocorticoid,M1,1,0
1,-2.9,GO:0045807,positive regulation of endocytosis,M1,1,0
1,-3.4,GO:0010885,regulation of cholesterol storage,M1,1,0
1,-2.7,GO:1905330,regulation of morphogenesis of an epithelium,M1,1,0
1,-2.3,GO:0106056,regulation of calcineurin-mediated signaling,M1,1,0
1,-2.7,GO:0097191,extrinsic apoptotic signaling pathway,M1,1,0
1,-2.3,GO:0048812,neuron projection morphogenesis,M1,1,0
1,-3.1,GO:0030001,metal ion transport,M1,1,0
1,-4.1,GO:1901888,regulation of cell junction assembly,M1,1,0
1,-4.9,R-HSA-375165,NCAM signaling for neurite out-growth,M1,1,0
1,-2.1,GO:0051952,regulation of amine transport,M1,1,0
1,-4.4,GO:0030203,glycosaminoglycan metabolic process,M1,1,0
1,-2.8,GO:0033500,carbohydrate homeostasis,M1,1,0
1,-2.5,GO:0022900,electron transport chain,M1,1,0
1,-2.1,GO:0060041,retina development in camera-type eye,M1,1,0
1,-3.6,GO:0044706,multi-multicellular organism process,M1,1,0
1,-3.3,GO:0090101,negative regulation of transmembrane receptor protein serine/threonine kinase signaling pathway,M1,1,0
1,-5.4,GO:0017015,regulation of transforming growth factor beta receptor signaling pathway,M1,1,0
1,-3.2,R-HSA-381340,Transcriptional regulation of white adipocyte differentiation,M1,1,0
1,-2.9,WP2882,Nuclear receptors meta-pathway,M1,1,0
1,-2,GO:0035176,social behavior,M1,1,0
1,-10,GO:0043062,extracellular structure organization,M1,1,0
1,-3.6,WP306,Focal adhesion,M1,1,0
1,-2.6,GO:0060249,anatomical structure homeostasis,M1,1,0
1,-2.7,GO:0007586,digestion,M1,1,0
1,-9.8,R-HSA-1474228,Degradation of the extracellular matrix,M1,1,0
1,-3.7,GO:0055082,cellular chemical homeostasis,M1,1,0
1,-3.3,GO:0030111,regulation of Wnt signaling pathway,M1,1,0
1,-3,GO:0010038,response to metal ion,M1,1,0
1,-4.3,GO:0072001,renal system development,M1,1,0
1,-10,R-HSA-3000178,ECM proteoglycans,M1,1,0
1,-2.6,GO:0030856,regulation of epithelial cell differentiation,M1,1,0
1,-2.7,GO:0030100,regulation of endocytosis,M1,1,0
1,-2.6,GO:0043410,positive regulation of MAPK cascade,M1,1,0
1,-2.1,R-HSA-2122947,NOTCH1 Intracellular Domain Regulates Transcription,M1,1,0
1,-7.2,WP2911,miRNA targets in ECM and membrane receptors,M1,1,0
1,-3.1,GO:0010565,regulation of cellular ketone metabolic process,M1,1,0
1,-2,hsa04151,PI3K-Akt signaling pathway,M1,1,0
1,-2,hsa04061,Viral protein interaction with cytokine and cytokine receptor,M1,1,0
1,-2.6,GO:0006023,aminoglycan biosynthetic process,M1,1,0
1,-2.5,GO:1903530,regulation of secretion by cell,M1,1,0
1,-4.1,GO:0031960,response to corticosteroid,M1,1,0
1,-8.1,GO:0001568,blood vessel development,M1,1,0
1,-2.9,GO:0035107,appendage morphogenesis,M1,1,0
1,-3.2,GO:0019216,regulation of lipid metabolic process,M1,1,0
1,-3,GO:0019725,cellular homeostasis,M1,1,0
1,-3.1,GO:0001775,cell activation,M1,1,0
1,-2.4,GO:0070884,regulation of calcineurin-NFAT signaling cascade,M1,1,0
1,-9.3,GO:0001944,vasculature development,M1,1,0
1,-2.7,GO:0036075,replacement ossification,M1,1,0
1,-2.6,GO:0032922,circadian regulation of gene expression,M1,1,0
1,-4.6,GO:0007263,nitric oxide mediated signal transduction,M1,1,0
1,-4.2,GO:0031347,regulation of defense response,M1,1,0
1,-2.2,GO:1902532,negative regulation of intracellular signal transduction,M1,1,0
1,-5.8,GO:0007568,aging,M1,1,0
1,-2,GO:0043524,negative regulation of neuron apoptotic process,M1,1,0
1,-3.8,GO:0030512,negative regulation of transforming growth factor beta receptor signaling pathway,M1,1,0
1,-4.1,GO:0038063,collagen-activated tyrosine kinase receptor signaling pathway,M1,1,0
1,-2.8,GO:0022612,gland morphogenesis,M1,1,0
1,-2.4,GO:0098662,inorganic cation transmembrane transport,M1,1,0
1,-9,GO:0003013,circulatory system process,M1,1,0
1,-2.2,GO:1990573,potassium ion import across plasma membrane,M1,1,0
1,-2.2,WP35,G protein signaling pathways,M1,1,0
1,-2.8,GO:0042593,glucose homeostasis,M1,1,0
1,-3.5,WP5087,Malignant pleural mesothelioma,M1,1,0
1,-3.1,R-HSA-1793185,Chondroitin sulfate/dermatan sulfate metabolism,M1,1,0
1,-2.6,GO:0032990,cell part morphogenesis,M1,1,0
1,-3,GO:0043567,regulation of insulin-like growth factor receptor signaling pathway,M1,1,0
1,-2.5,GO:0061458,reproductive system development,M1,1,0
1,-6.7,GO:0007160,cell-matrix adhesion,M1,1,0
1,-2.1,GO:0060688,regulation of morphogenesis of a branching structure,M1,1,0
1,-3.7,GO:0044703,multi-organism reproductive process,M1,1,0
1,-3.4,M160,PID AVB3 INTEGRIN PATHWAY,M1,1,0
1,-4.1,GO:0050767,regulation of neurogenesis,M1,1,0
1,-2.2,GO:0014910,regulation of smooth muscle cell migration,M1,1,0
1,-2.3,GO:0033555,multicellular organismal response to stress,M1,1,0
1,-3.5,GO:0010717,regulation of epithelial to mesenchymal transition,M1,1,0
1,-2.4,GO:0010811,positive regulation of cell-substrate adhesion,M1,1,0
1,-3.2,GO:0006813,potassium ion transport,M1,1,0
1,-4.5,GO:2000147,positive regulation of cell motility,M1,1,0
1,-2.7,WP453,Inflammatory response pathway,M1,1,0
1,-5.1,R-HSA-3000171,Non-integrin membrane-ECM interactions,M1,1,0
1,-2.3,GO:0046688,response to copper ion,M1,1,0
1,-2.3,GO:0050848,regulation of calcium-mediated signaling,M1,1,0
1,-5,GO:1903510,mucopolysaccharide metabolic process,M1,1,0
1,-6.2,hsa04512,ECM-receptor interaction,M1,1,0
1,-2.4,M229,PID P38 ALPHA BETA DOWNSTREAM PATHWAY,M1,1,0
1,-4.5,GO:0098773,skin epidermis development,M1,1,0
1,-2.9,GO:0060350,endochondral bone morphogenesis,M1,1,0
1,-3.6,R-HSA-5173214,O-glycosylation of TSR domain-containing proteins,M1,1,0
1,-2.7,GO:0032526,response to retinoic acid,M1,1,0
1,-8.2,R-HSA-3000480,Scavenging by Class A Receptors,M1,1,0
1,-3.5,GO:0010876,lipid localization,M1,1,0
1,-3.5,GO:1901343,negative regulation of vasculature development,M1,1,0
1,-2.7,GO:0043408,regulation of MAPK cascade,M1,1,0
1,-2.2,GO:0098916,anterograde trans-synaptic signaling,M1,1,0
1,-2.6,GO:0006959,humoral immune response,M1,1,0
1,-3.3,GO:0051004,regulation of lipoprotein lipase activity,M1,1,0
1,-4.1,GO:0042476,odontogenesis,M1,1,0
1,-2.3,GO:0007626,locomotory behavior,M1,1,0
1,-2.8,GO:0002252,immune effector process,M1,1,0
1,-2.1,GO:0045834,positive regulation of lipid metabolic process,M1,1,0
1,-4.2,hsa04979,Cholesterol metabolism,M1,1,0
1,-3.9,GO:0001101,response to acid chemical,M1,1,0
1,-3.4,WP5061,Fatty acid transporters,M1,1,0
1,-3.2,hsa04926,Relaxin signaling pathway,M1,1,0
1,-5.4,GO:0048871,multicellular organismal homeostasis,M1,1,0
1,-3,GO:0010720,positive regulation of cell development,M1,1,0
1,-3.9,GO:0050920,regulation of chemotaxis,M1,1,0
1,-2.5,GO:0071402,cellular response to lipoprotein particle stimulus,M1,1,0
1,-2.1,R-HSA-112310,Neurotransmitter release cycle,M1,1,0
1,-2,R-HSA-5653656,Vesicle-mediated transport,M1,1,0
1,-2.7,WP5102,Familial partial lipodystrophy,M1,1,0
1,-2.9,GO:0150063,visual system development,M1,1,0
1,-2.9,GO:0035108,limb morphogenesis,M1,1,0
1,-2,GO:0051703,biological process involved in intraspecies interaction between organisms,M1,1,0
1,-3,GO:0061484,hematopoietic stem cell homeostasis,M1,1,0
1,-2.6,GO:0071404,cellular response to low-density lipoprotein particle stimulus,M1,1,0
1,-3.9,GO:0019217,regulation of fatty acid metabolic process,M1,1,0
1,-4.1,GO:0032409,regulation of transporter activity,M1,1,0
1,-2.1,R-HSA-170834,Signaling by TGF-beta Receptor Complex,M1,1,0
1,-2.7,GO:0001935,endothelial cell proliferation,M1,1,0
1,-5.7,GO:0031175,neuron projection development,M1,1,0
1,-2.3,GO:0150115,cell-substrate junction organization,M1,1,0
1,-5.2,GO:0150104,transport across blood-brain barrier,M1,1,0
1,-3.4,R-HSA-174824,"Plasma lipoprotein assembly, remodeling, and clearance",M1,1,0
1,-3.6,GO:0038065,collagen-activated signaling pathway,M1,1,0
1,-2.5,GO:0045321,leukocyte activation,M1,1,0
1,-3.1,GO:0051048,negative regulation of secretion,M1,1,0
1,-3.3,R-HSA-9006936,Signaling by TGFB family members,M1,1,0
1,-2,GO:0007188,adenylate cyclase-modulating G protein-coupled receptor signaling pathway,M1,1,0
1,-3.6,GO:0007420,brain development,M1,1,0
1,-2.4,GO:0032989,cellular component morphogenesis,M1,1,0
1,-4.3,GO:0043087,regulation of GTPase activity,M1,1,0
1,-2,GO:0002244,hematopoietic progenitor cell differentiation,M1,1,0
1,-2.5,GO:0030178,negative regulation of Wnt signaling pathway,M1,1,0
1,-2.2,GO:0042060,wound healing,M1,1,0
1,-3.9,GO:0006869,lipid transport,M1,1,0
1,-3.3,GO:0007610,behavior,M1,1,0
1,-5.7,hsa04974,Protein digestion and absorption,M1,1,0
1,-2.2,GO:0060047,heart contraction,M1,1,0
1,-2.5,GO:0050807,regulation of synapse organization,M1,1,0
1,-3.1,GO:0050804,modulation of chemical synaptic transmission,M1,1,0
1,-5.7,GO:0030029,actin filament-based process,M1,1,0
1,-6.3,GO:0030336,negative regulation of cell migration,M1,1,0
1,-7.6,GO:0030199,collagen fibril organization,M1,1,0
1,-2.3,GO:0051954,positive regulation of amine transport,M1,1,0
1,-4.4,GO:0050729,positive regulation of inflammatory response,M1,1,0
1,-2.3,GO:0044843,cell cycle G1/S phase transition,M1,1,0
1,-2.1,GO:0001666,response to hypoxia,M1,1,0
1,-2.3,GO:0070098,chemokine-mediated signaling pathway,M1,1,0
1,-3.5,GO:0002691,regulation of cellular extravasation,M1,1,0
1,-6.3,GO:0050654,chondroitin sulfate proteoglycan metabolic process,M1,1,0
1,-2.8,GO:0048858,cell projection morphogenesis,M1,1,0
1,-2.7,GO:0098655,monoatomic cation transmembrane transport,M1,1,0
1,-5.5,GO:0031589,cell-substrate adhesion,M1,1,0
1,-3.5,R-HSA-8875878,MET promotes cell motility,M1,1,0
1,-4.6,GO:0009725,response to hormone,M1,1,0
1,-4.5,GO:0045765,regulation of angiogenesis,M1,1,0
1,-4,GO:1902547,regulation of cellular response to vascular endothelial growth factor stimulus,M1,1,0
1,-3.1,GO:1905952,regulation of lipid localization,M1,1,0
1,-2.8,GO:0043010,camera-type eye development,M1,1,0
1,-2.1,GO:0051348,negative regulation of transferase activity,M1,1,0
1,-3.6,GO:0048729,tissue morphogenesis,M1,1,0
1,-2.1,GO:1901654,response to ketone,M1,1,0
1,-2.1,GO:0044089,positive regulation of cellular component biogenesis,M1,1,0
1,-8.4,M5885,NABA MATRISOME ASSOCIATED,M1,1,0
1,-4.2,GO:0045444,fat cell differentiation,M1,1,0
1,-5.1,GO:0071560,cellular response to transforming growth factor beta stimulus,M1,1,0
1,-2.1,GO:0042692,muscle cell differentiation,M1,1,0
1,-2,GO:0031214,biomineral tissue development,M1,1,0
1,-2.7,R-HSA-8957275,Post-translational protein phosphorylation,M1,1,0
1,-4.4,GO:0032103,positive regulation of response to external stimulus,M1,1,0
1,-3.4,GO:0030206,chondroitin sulfate biosynthetic process,M1,1,0
1,-2.7,GO:0048592,eye morphogenesis,M1,1,0
1,-3.6,R-HSA-5083635,Defective B3GALTL causes PpS,M1,1,0
1,-3.8,WP5110,Familial hyperlipidemia type 3,M1,1,0
1,-3.6,WP3594,Circadian rhythm genes,M1,1,0
1,-2,R-HSA-9013148,CDC42 GTPase cycle,M1,1,0
1,-4.4,GO:0001942,hair follicle development,M1,1,0
1,-2.6,GO:0032956,regulation of actin cytoskeleton organization,M1,1,0
1,-2.3,GO:0071496,cellular response to external stimulus,M1,1,0
1,-2.7,GO:0009612,response to mechanical stimulus,M1,1,0
1,-2.1,R-HSA-442755,Activation of NMDA receptors and postsynaptic events,M1,1,0
1,-4.1,GO:0034368,protein-lipid complex remodeling,M1,1,0
1,-3.4,GO:0044058,regulation of digestive system process,M1,1,0
1,-3.1,GO:0007423,sensory organ development,M1,1,0
1,-4.1,GO:0085029,extracellular matrix assembly,M1,1,0
1,-2.6,GO:0002685,regulation of leukocyte migration,M1,1,0
1,-5.2,GO:0010232,vascular transport,M1,1,0
1,-2.3,R-HSA-9609736,Assembly and cell surface presentation of NMDA receptors,M1,1,0
1,-3.3,GO:0051962,positive regulation of nervous system development,M1,1,0
1,-2.2,GO:0060326,cell chemotaxis,M1,1,0
1,-4.7,GO:0030335,positive regulation of cell migration,M1,1,0
1,-2.4,GO:1902229,regulation of intrinsic apoptotic signaling pathway in response to DNA damage,M1,1,0
1,-5.3,R-HSA-2214320,Anchoring fibril formation,M1,1,0
1,-2.7,R-HSA-373076,Class A/1 (Rhodopsin-like receptors),M1,1,0
1,-3.9,WP558,Complement and coagulation cascades,M1,1,0
1,-2.7,GO:0071300,cellular response to retinoic acid,M1,1,0
1,-3.2,GO:0010594,regulation of endothelial cell migration,M1,1,0
1,-2.1,GO:0048247,lymphocyte chemotaxis,M1,1,0
1,-2.5,M65,PID FRA PATHWAY,M1,1,0
1,-3.4,GO:0062012,regulation of small molecule metabolic process,M1,1,0
1,-2.9,GO:0010718,positive regulation of epithelial to mesenchymal transition,M1,1,0
1,-2.9,GO:0030166,proteoglycan biosynthetic process,M1,1,0
1,-3.5,GO:0014902,myotube differentiation,M1,1,0
1,-2.6,GO:0061138,morphogenesis of a branching epithelium,M1,1,0
1,-3.8,GO:0060349,bone morphogenesis,M1,1,0
1,-2.7,GO:0043473,pigmentation,M1,1,0
1,-4,R-HSA-9675108,Nervous system development,M1,1,0
1,-5.3,GO:0019935,cyclic-nucleotide-mediated signaling,M1,1,0
1,-6.7,GO:0030204,chondroitin sulfate metabolic process,M1,1,0
1,-2.1,GO:0008585,female gonad development,M1,1,0
1,-3.8,GO:0048589,developmental growth,M1,1,0
1,-2.2,GO:0006874,cellular calcium ion homeostasis,M1,1,0
1,-4.4,GO:0090092,regulation of transmembrane receptor protein serine/threonine kinase signaling pathway,M1,1,0
1,-4.2,GO:0009991,response to extracellular stimulus,M1,1,0
1,-2.2,hsa05415,Diabetic cardiomyopathy,M1,1,0
1,-3.4,R-HSA-1989781,PPARA activates gene expression,M1,1,0
1,-3.3,GO:0071825,protein-lipid complex subunit organization,M1,1,0
1,-3.9,GO:0031667,response to nutrient levels,M1,1,0
1,-5.2,M5883,NABA SECRETED FACTORS,M1,1,0
1,-2.1,GO:0048667,cell morphogenesis involved in neuron differentiation,M1,1,0
1,-2.1,GO:0006638,neutral lipid metabolic process,M1,1,0
1,-3.3,GO:0032374,regulation of cholesterol transport,M1,1,0
1,-3.8,M3468,NABA ECM REGULATORS,M1,1,0
1,-3,GO:0034381,plasma lipoprotein particle clearance,M1,1,0
1,-2.2,GO:0098742,cell-cell adhesion via plasma-membrane adhesion molecules,M1,1,0
1,-2.5,GO:0061061,muscle structure development,M1,1,0
1,-2.2,hsa04658,Th1 and Th2 cell differentiation,M1,1,0
1,-2.1,GO:0051249,regulation of lymphocyte activation,M1,1,0
1,-2.7,GO:0001933,negative regulation of protein phosphorylation,M1,1,0
1,-2.5,GO:0018149,peptide cross-linking,M1,1,0
1,-2.4,GO:0007044,cell-substrate junction assembly,M1,1,0
1,-2,GO:0030857,negative regulation of epithelial cell differentiation,M1,1,0
1,-3.2,GO:1903706,regulation of hemopoiesis,M1,1,0
1,-3.4,GO:0015908,fatty acid transport,M1,1,0
1,-2.3,R-HSA-76005,Response to elevated platelet cytosolic Ca2+,M1,1,0
1,-5.8,GO:0070848,response to growth factor,M1,1,0
1,-3,GO:0001654,eye development,M1,1,0
1,-3,R-HSA-5668914,Diseases of metabolism,M1,1,0
1,-3.5,GO:1904035,regulation of epithelial cell apoptotic process,M1,1,0
1,-3.8,GO:0034765,regulation of monoatomic ion transmembrane transport,M1,1,0
1,-2.3,GO:0048754,branching morphogenesis of an epithelial tube,M1,1,0
1,-2.5,GO:0071675,regulation of mononuclear cell migration,M1,1,0
1,-3,GO:0010874,regulation of cholesterol efflux,M1,1,0
1,-3.2,GO:0097205,renal filtration,M1,1,0
1,-3.2,R-HSA-109582,Hemostasis,M1,1,0
1,-2.6,GO:0001894,tissue homeostasis,M1,1,0
1,-10,M3008,NABA ECM GLYCOPROTEINS,M1,1,0
1,-2.2,GO:0071774,response to fibroblast growth factor,M1,1,0
1,-3.8,GO:0002021,response to dietary excess,M1,1,0
1,-3.8,GO:0071356,cellular response to tumor necrosis factor,M1,1,0
1,-3.3,GO:0032371,regulation of sterol transport,M1,1,0
1,-2.4,GO:0050803,regulation of synapse structure or activity,M1,1,0
1,-2.4,GO:0009314,response to radiation,M1,1,0
1,-3.2,GO:0002688,regulation of leukocyte chemotaxis,M1,1,0
1,-3.7,GO:0007167,enzyme-linked receptor protein signaling pathway,M1,1,0
1,-3.1,GO:0060191,regulation of lipase activity,M1,1,0
1,-3.7,GO:0010959,regulation of metal ion transport,M1,1,0
1,-2.2,R-HSA-112316,Neuronal System,M1,1,0
1,-2.9,GO:0060840,artery development,M1,1,0
1,-2.7,WP4172,PI3K-Akt signaling pathway,M1,1,0
1,-2.6,GO:0050673,epithelial cell proliferation,M1,1,0
1,-5.4,WP5055,Burn wound healing,M1,1,0
1,-2.7,GO:0051346,negative regulation of hydrolase activity,M1,1,0
1,-2,GO:0009792,embryo development ending in birth or egg hatching,M1,1,0
1,-2.7,GO:0062014,negative regulation of small molecule metabolic process,M1,1,0
1,-3.4,R-HSA-9012999,RHO GTPase cycle,M1,1,0
1,-2.7,GO:0001958,endochondral ossification,M1,1,0
1,-2.1,GO:0099175,regulation of postsynapse organization,M1,1,0
1,-3.6,GO:0051046,regulation of secretion,M1,1,0
1,-2.5,GO:0046320,regulation of fatty acid oxidation,M1,1,0
1,-2.3,GO:0048066,developmental pigmentation,M1,1,0
1,-3.1,GO:0071229,cellular response to acid chemical,M1,1,0
1,-2.1,GO:0043009,chordate embryonic development,M1,1,0
1,-2.1,GO:0046545,development of primary female sexual characteristics,M1,1,0
1,-4.6,GO:0050921,positive regulation of chemotaxis,M1,1,0
1,-2.5,GO:0048608,reproductive structure development,M1,1,0
1,-3.1,R-HSA-166663,Initial triggering of complement,M1,1,0
1,-5,GO:0001952,regulation of cell-matrix adhesion,M1,1,0
1,-3,GO:0043271,negative regulation of monoatomic ion transport,M1,1,0
1,-2.8,GO:1900746,regulation of vascular endothelial growth factor signaling pathway,M1,1,0
1,-2.2,GO:0007268,chemical synaptic transmission,M1,1,0
1,-5.9,GO:0051216,cartilage development,M1,1,0
1,-2.1,WP2806,Complement system,M1,1,0
1,-3.1,GO:0001936,regulation of endothelial cell proliferation,M1,1,0
1,-2.8,GO:0090596,sensory organ morphogenesis,M1,1,0
1,-3.3,GO:0002761,regulation of myeloid leukocyte differentiation,M1,1,0
1,-4.1,GO:0034369,plasma lipoprotein particle remodeling,M1,1,0
1,-3.6,R-HSA-9029569,NR1H3 & NR1H2 regulate gene expression linked to cholesterol transport and efflux,M1,1,0
1,-2.7,GO:0090109,regulation of cell-substrate junction assembly,M1,1,0
1,-2.4,GO:0030324,lung development,M1,1,0
1,-3.2,GO:0048545,response to steroid hormone,M1,1,0
1,-2.1,WP4754,IL-18 signaling pathway,M1,1,0
1,-2.1,GO:0043535,regulation of blood vessel endothelial cell migration,M1,1,0
1,-2.2,R-HSA-194315,Signaling by Rho GTPases,M1,1,0
1,-2.1,GO:0050878,regulation of body fluid levels,M1,1,0
1,-2.5,GO:0048762,mesenchymal cell differentiation,M1,1,0
1,-2.4,R-HSA-114608,Platelet degranulation,M1,1,0
1,-2.7,GO:0008283,cell population proliferation,M1,1,0
1,-2.2,GO:0003044,regulation of systemic arterial blood pressure mediated by a chemical signal,M1,1,0
1,-2.5,GO:0042596,fear response,M1,1,0
1,-2.7,GO:0034766,negative regulation of monoatomic ion transmembrane transport,M1,1,0
1,-3.2,GO:0015918,sterol transport,M1,1,0
1,-2.3,GO:0000082,G1/S transition of mitotic cell cycle,M1,1,0
1,-3.9,GO:0034367,protein-containing complex remodeling,M1,1,0
1,-2.7,GO:0055065,metal ion homeostasis,M1,1,0
1,-2.3,GO:0050730,regulation of peptidyl-tyrosine phosphorylation,M1,1,0
1,-4,GO:0043547,positive regulation of GTPase activity,M1,1,0
1,-2.7,WP706,Sudden infant death syndrome (SIDS) susceptibility pathways,M1,1,0
1,-7.4,R-HSA-2022090,Assembly of collagen fibrils and other multimeric structures,M1,1,0
1,-3.8,R-HSA-8963899,Plasma lipoprotein remodeling,M1,1,0
1,-3.3,GO:0002694,regulation of leukocyte activation,M1,1,0
1,-3.4,GO:0003014,renal system process,M1,1,0
1,-2.4,GO:0022604,regulation of cell morphogenesis,M1,1,0
1,-6.6,GO:0001501,skeletal system development,M1,1,0
1,-3.4,GO:0034612,response to tumor necrosis factor,M1,1,0
1,-4,GO:0048511,rhythmic process,M1,1,0
1,-4,GO:0048705,skeletal system morphogenesis,M1,1,0
1,-3.4,GO:0071805,potassium ion transmembrane transport,M1,1,0
1,-3.5,GO:0060541,respiratory system development,M1,1,0
1,-2.7,GO:0006641,triglyceride metabolic process,M1,1,0
1,-2.2,GO:2001239,regulation of extrinsic apoptotic signaling pathway in absence of ligand,M1,1,0
1,-2.1,R-HSA-1280215,Cytokine Signaling in Immune system,M1,1,0
1,-2.9,hsa05150,Staphylococcus aureus infection,M1,1,0
1,-3,GO:0098771,inorganic ion homeostasis,M1,1,0
1,-2.7,GO:0030003,cellular monoatomic cation homeostasis,M1,1,0
1,-4.5,GO:0030036,actin cytoskeleton organization,M1,1,0
1,-2.3,GO:0008037,cell recognition,M1,1,0
1,-10,GO:0030198,extracellular matrix organization,M1,1,0
1,-3,GO:1990868,response to chemokine,M1,1,0
1,-4.2,GO:0019934,cGMP-mediated signaling,M1,1,0
1,-2.6,GO:0050873,brown fat cell differentiation,M1,1,0
1,-3,GO:0050801,monoatomic ion homeostasis,M1,1,0
1,-3.8,GO:0022898,regulation of transmembrane transporter activity,M1,1,0
1,-3.3,R-HSA-400206,Regulation of lipid metabolism by PPARalpha,M1,1,0
1,-3,GO:0045936,negative regulation of phosphate metabolic process,M1,1,0
1,-2.6,hsa04924,Renin secretion,M1,1,0
1,-2.1,GO:0090066,regulation of anatomical structure size,M1,1,0
1,-2.6,GO:0001938,positive regulation of endothelial cell proliferation,M1,1,0
1,-2.8,GO:0048041,focal adhesion assembly,M1,1,0
1,-2.3,GO:0120039,plasma membrane bounded cell projection morphogenesis,M1,1,0
1,-2.5,GO:0001763,morphogenesis of a branching structure,M1,1,0
1,-2.4,GO:0090288,negative regulation of cellular response to growth factor stimulus,M1,1,0
1,-3.9,WP430,Statin inhibition of cholesterol production,M1,1,0
1,-3.6,GO:0048844,artery morphogenesis,M1,1,0
1,-2.8,GO:0006875,cellular metal ion homeostasis,M1,1,0
1,-4.4,WP3932,Focal adhesion: PI3K-Akt-mTOR-signaling pathway,M1,1,0
1,-2.8,WP3869,Cannabinoid receptor signaling,M1,1,0
1,-7.5,R-HSA-216083,Integrin cell surface interactions,M1,1,0
1,-3.5,R-HSA-418594,G alpha (i) signalling events,M1,1,0
1,-5.9,M53,PID INTEGRIN3 PATHWAY,M1,1,0
1,-3.9,GO:0042303,molting cycle,M1,1,0
1,-3.8,GO:0120162,positive regulation of cold-induced thermogenesis,M1,1,0
1,-3.1,WP545,Complement activation,M1,1,0
1,-3.6,GO:0051345,positive regulation of hydrolase activity,M1,1,0
1,-3,GO:0051043,regulation of membrane protein ectodomain proteolysis,M1,1,0
1,-2.3,GO:0032970,regulation of actin filament-based process,M1,1,0
1,-3.8,GO:0040007,growth,M1,1,0
1,-3,GO:0010563,negative regulation of phosphorus metabolic process,M1,1,0
1,-3,WP3668,Hypothesized pathways in pathogenesis of cardiovascular disease,M1,1,0
1,-3.7,GO:0048730,epidermis morphogenesis,M1,1,0
1,-2.1,GO:0031644,regulation of nervous system process,M1,1,0
1,-6.2,GO:0071363,cellular response to growth factor stimulus,M1,1,0
1,-2.8,GO:1904063,negative regulation of cation transmembrane transport,M1,1,0
1,-3.3,WP98,Prostaglandin synthesis and regulation,M1,1,0
1,-2.5,GO:0022600,digestive system process,M1,1,0
1,-3.9,GO:0044057,regulation of system process,M1,1,0
1,-4.4,GO:1901342,regulation of vasculature development,M1,1,0
1,-2.6,GO:0046660,female sex differentiation,M1,1,0
1,-4.4,M198,PID SYNDECAN 1 PATHWAY,M1,1,0
1,-3.1,GO:0010632,regulation of epithelial cell migration,M1,1,0
1,-2.9,GO:0048880,sensory system development,M1,1,0
1,-2.5,GO:1902905,positive regulation of supramolecular fiber organization,M1,1,0
1,-2.8,GO:0099536,synaptic signaling,M1,1,0
1,-2.6,GO:0042752,regulation of circadian rhythm,M1,1,0
1,-3.6,GO:2000181,negative regulation of blood vessel morphogenesis,M1,1,0
1,-2.4,GO:0060485,mesenchyme development,M1,1,0
1,-2.4,GO:0048736,appendage development,M1,1,0
1,-3,GO:0071345,cellular response to cytokine stimulus,M1,1,0
1,-3.5,GO:1905954,positive regulation of lipid localization,M1,1,0
1,-4.7,R-HSA-2022870,Chondroitin sulfate biosynthesis,M1,1,0
1,-2.5,GO:0031344,regulation of cell projection organization,M1,1,0
1,-2.2,GO:0032370,positive regulation of lipid transport,M1,1,0
1,-2.2,GO:0010830,regulation of myotube differentiation,M1,1,0
1,-2.2,GO:0015748,organophosphate ester transport,M1,1,0
1,-3.2,GO:1904062,regulation of monoatomic cation transmembrane transport,M1,1,0
1,-2.5,GO:0048662,negative regulation of smooth muscle cell proliferation,M1,1,0
1,-2.6,GO:0050931,pigment cell differentiation,M1,1,0
1,-3.8,GO:0001822,kidney development,M1,1,0
1,-6.6,GO:0008015,blood circulation,M1,1,0
1,-2.6,GO:0055094,response to lipoprotein particle,M1,1,0
1,-4.1,GO:0003018,vascular process in circulatory system,M1,1,0
1,-3.7,M5882,NABA PROTEOGLYCANS,M1,1,0
1,-3.3,GO:0097009,energy homeostasis,M1,1,0
1,-3.9,M23,PID WNT NONCANONICAL PATHWAY,M1,1,0
1,-3.6,GO:0016525,negative regulation of angiogenesis,M1,1,0
1,-4.8,GO:0097435,supramolecular fiber organization,M1,1,0
1,-2.3,GO:0140352,export from cell,M1,1,0
1,-3.1,GO:0050650,chondroitin sulfate proteoglycan biosynthetic process,M1,1,0
1,-2.2,GO:0070663,regulation of leukocyte proliferation,M1,1,0
1,-3.8,GO:0010035,response to inorganic substance,M1,1,0
1,-2.1,GO:0042330,taxis,M1,1,0
1,-3.8,GO:0006954,inflammatory response,M1,1,0
1,-2.1,WP1541,Energy metabolism,M1,1,0
1,-4.6,R-HSA-372790,Signaling by GPCR,M1,1,0
1,-2.2,GO:0000902,cell morphogenesis,M1,1,0
1,-2,GO:0070167,regulation of biomineral tissue development,M1,1,0
1,-2.8,GO:0098657,import into cell,M1,1,0
1,-2.4,GO:0060173,limb development,M1,1,0
1,-6.6,R-HSA-2243919,Crosslinking of collagen fibrils,M1,1,0
1,-4.2,R-HSA-3000170,Syndecan interactions,M1,1,0
1,-2.4,GO:0008361,regulation of cell size,M1,1,0
1,-3.7,GO:0120161,regulation of cold-induced thermogenesis,M1,1,0
1,-3.5,R-HSA-76002,"Platelet activation, signaling and aggregation",M1,1,0
1,-2.5,GO:0001990,regulation of systemic arterial blood pressure by hormone,M1,1,0
1,-2.6,GO:0090322,regulation of superoxide metabolic process,M1,1,0
1,-3.5,GO:1902105,regulation of leukocyte differentiation,M1,1,0
1,-3.1,GO:0007507,heart development,M1,1,0
1,-4.9,GO:0040017,positive regulation of locomotion,M1,1,0
1,-2.7,M255,PID HIF1 TFPATHWAY,M1,1,0
1,-7.3,R-HSA-1442490,Collagen degradation,M1,1,0
1,-4,WP236,Adipogenesis,M1,1,0
1,-2.2,GO:1903035,negative regulation of response to wounding,M1,1,0
1,-3.6,GO:0007584,response to nutrient,M1,1,0
1,-2,GO:2001237,negative regulation of extrinsic apoptotic signaling pathway,M1,1,0
1,-2.6,R-HSA-3906995,Diseases associated with O-glycosylation of proteins,M1,1,0
1,-3.4,GO:0001525,angiogenesis,M1,1,0
1,-10,GO:0045229,external encapsulating structure organization,M1,1,0
1,-3.3,GO:0007565,female pregnancy,M1,1,0
1,-3.6,GO:0032376,positive regulation of cholesterol transport,M1,1,0
1,-2,M113,PID NFAT 3PATHWAY,M1,1,0
1,-2.7,GO:1902230,negative regulation of intrinsic apoptotic signaling pathway in response to DNA damage,M1,1,0
1,-2.1,hsa04350,TGF-beta signaling pathway,M1,1,0
1,-3.2,GO:0006956,complement activation,M1,1,0
1,-2.1,GO:0006790,sulfur compound metabolic process,M1,1,0
1,-3.6,GO:0007178,transmembrane receptor protein serine/threonine kinase signaling pathway,M1,1,0
1,-2.6,GO:0015850,organic hydroxy compound transport,M1,1,0
1,-2.3,R-HSA-500792,GPCR ligand binding,M1,1,0
1,-2.4,GO:0071230,cellular response to amino acid stimulus,M1,1,0
1,-3.1,GO:0019221,cytokine-mediated signaling pathway,M1,1,0
1,-2.2,GO:0048872,homeostasis of number of cells,M1,1,0
1,-5.6,GO:0043588,skin development,M1,1,0
1,-4.2,R-HSA-422475,Axon guidance,M1,1,0
1,-2.5,GO:0007204,positive regulation of cytosolic calcium ion concentration,M1,1,0
1,-2,GO:0055092,sterol homeostasis,M1,1,0
1,-2.7,M28,PID IL4 2PATHWAY,M1,1,0
1,-2.9,GO:0010975,regulation of neuron projection development,M1,1,0
1,-2.1,GO:0048732,gland development,M1,1,0
1,-4.1,GO:0015909,long-chain fatty acid transport,M1,1,0
1,-2.3,GO:0001649,osteoblast differentiation,M1,1,0
1,-6.8,GO:0019932,second-messenger-mediated signaling,M1,1,0
1,-4.7,R-HSA-388396,GPCR downstream signalling,M1,1,0
1,-2.9,R-HSA-166658,Complement cascade,M1,1,0
1,-2.2,GO:0045596,negative regulation of cell differentiation,M1,1,0
1,-5.9,R-HSA-419037,NCAM1 interactions,M1,1,0
1,-2.2,R-HSA-9716542,"Signaling by Rho GTPases, Miro GTPases and RHOBTB3",M1,1,0
1,-5.6,hsa03320,PPAR signaling pathway,M1,1,0
1,-7.4,GO:0061448,connective tissue development,M1,1,0
1,-4.3,GO:0022405,hair cycle process,M1,1,0
1,-3.6,M167,PID AP1 PATHWAY,M1,1,0
1,-7.2,M18,PID INTEGRIN1 PATHWAY,M1,1,0
1,-2.9,GO:0002687,positive regulation of leukocyte migration,M1,1,0
1,-5,GO:0006029,proteoglycan metabolic process,M1,1,0
1,-5,GO:0071559,response to transforming growth factor beta,M1,1,0
1,-2.4,GO:0072676,lymphocyte migration,M1,1,0
1,-5,GO:0050727,regulation of inflammatory response,M1,1,0
1,-2.1,GO:0042304,regulation of fatty acid biosynthetic process,M1,1,0
1,-2.7,GO:0006469,negative regulation of protein kinase activity,M1,1,0
1,-2.9,R-HSA-3781865,Diseases of glycosylation,M1,1,0
1,-2,GO:0008406,gonad development,M1,1,0
1,-2.4,GO:0033673,negative regulation of kinase activity,M1,1,0
1,-3.3,GO:0010744,positive regulation of macrophage derived foam cell differentiation,M1,1,0
1,-2.8,GO:0051146,striated muscle cell differentiation,M1,1,0
1,-3.9,R-HSA-1251985,Nuclear signaling by ERBB4,M1,1,0
1,-5,R-HSA-381426,Regulation of Insulin-like Growth Factor (IGF) transport and uptake by Insulin-like Growth Factor Binding Proteins (IGFBPs),M1,1,0
1,-3.6,GO:0032373,positive regulation of sterol transport,M1,1,0
1,-2.2,GO:0008038,neuron recognition,M1,1,0
1,-3.5,WP3941,Oxidative damage response,M1,1,0
1,-3.6,WP3614,Photodynamic therapy-induced HIF-1 survival signaling,M1,1,0
1,-2.3,WP716,Vitamin A and carotenoid metabolism,M1,1,0
1,-8.6,R-HSA-8948216,Collagen chain trimerization,M1,1,0
1,-5.6,GO:0010810,regulation of cell-substrate adhesion,M1,1,0
1,-2,WP289,Myometrial relaxation and contraction pathways,M1,1,0
1,-5,GO:0098609,cell-cell adhesion,M1,1,0
1,-2.5,GO:0050795,regulation of behavior,M1,1,0
1,-3.9,GO:0043269,regulation of monoatomic ion transport,M1,1,0
1,-2.5,GO:0030278,regulation of ossification,M1,1,0
1,-2.3,GO:0044344,cellular response to fibroblast growth factor stimulus,M1,1,0
1,-2.8,GO:1904036,negative regulation of epithelial cell apoptotic process,M1,1,0
1,-2.9,GO:0002690,positive regulation of leukocyte chemotaxis,M1,1,0
1,-2.7,GO:0006024,glycosaminoglycan biosynthetic process,M1,1,0
1,-2.2,GO:0032413,negative regulation of ion transmembrane transporter activity,M1,1,0
1,-6.3,GO:0048514,blood vessel morphogenesis,M1,1,0
1,-2,GO:0032330,regulation of chondrocyte differentiation,M1,1,0
1,-2.2,GO:0051924,regulation of calcium ion transport,M1,1,0
1,-4.2,GO:0006022,aminoglycan metabolic process,M1,1,0
1,-2.3,GO:0048713,regulation of oligodendrocyte differentiation,M1,1,0
1,-2.3,R-HSA-1566948,Elastic fibre formation,M1,1,0
1,-2.9,GO:0070482,response to oxygen levels,M1,1,0
1,-2.3,GO:0086003,cardiac muscle cell contraction,M1,1,0
1,-3.1,GO:0099537,trans-synaptic signaling,M1,1,0
1,-2.2,R-HSA-449147,Signaling by Interleukins,M1,1,0
1,-3.1,GO:0030318,melanocyte differentiation,M1,1,0
1,-3.6,hsa04510,Focal adhesion,M1,1,0
1,-2,GO:1903531,negative regulation of secretion by cell,M1,1,0
1,-2.8,GO:0032963,collagen metabolic process,M1,1,0
1,-3.1,hsa04610,Complement and coagulation cascades,M1,1,0
1,-4,R-HSA-8874081,MET activates PTK2 signaling,M1,1,0
1,-2.2,GO:0090090,negative regulation of canonical Wnt signaling pathway,M1,1,0
1,-3.6,GO:0034375,high-density lipoprotein particle remodeling,M1,1,0
1,-2.7,GO:0045785,positive regulation of cell adhesion,M1,1,0
1,-2.1,GO:0032368,regulation of lipid transport,M1,1,0
1,-2.8,GO:0031349,positive regulation of defense response,M1,1,0
1,-2.4,GO:0045922,negative regulation of fatty acid metabolic process,M1,1,0
1,-2,GO:0010883,regulation of lipid storage,M1,1,0
1,-3.7,GO:0099177,regulation of trans-synaptic signaling,M1,1,0
