_MEMBER_MyList,_LogP_MyList,GO,Description,_PATTERN_,_RANK_,CHILD_GO_MyList
1,-10.034246826617556,GO:0009987,cellular process,M1,1,GO:0030198 extracellular matrix organization
1,-9.286850436690244,GO:0032502,developmental process,M1,1,GO:0001944 vasculature development
1,-8.9964118783104,GO:0032501,multicellular organismal process,M1,1,GO:0003013 circulatory system process
1,-6.778862590473728,GO:0023052,signaling,M1,1,GO:0019932 second-messenger-mediated signaling
1,-6.712873820388588,GO:0050896,response to stimulus,M1,1,GO:0090287 regulation of cellular response to growth factor stimulus
1,-6.668892708366953,GO:0008152,metabolic process,M1,1,GO:0030204 chondroitin sulfate metabolic process
1,-6.255846408304203,GO:0040011,locomotion,M1,1,GO:0040013 negative regulation of locomotion
1,-5.613236116609202,GO:0050789,regulation of biological process,M1,1,GO:0010810 regulation of cell-substrate adhesion
1,-5.377950245775483,GO:0042592,homeostatic process,M1,1,GO:0048871 multicellular organismal homeostasis
1,-5.154876794556398,GO:0051179,localization,M1,1,GO:0010232 vascular transport
1,-4.961118398114788,GO:0065007,biological regulation,M1,1,GO:0043086 negative regulation of catalytic activity
1,-4.430682136399254,GO:0048518,positive regulation of biological process,M1,1,GO:0032103 positive regulation of response to external stimulus
1,-4.009189579255048,GO:0048511,rhythmic process,M1,1,GO:0048511 rhythmic process
1,-3.8212577844515496,GO:0040007,growth,M1,1,GO:0048589 developmental growth
1,-3.7102114746701056,GO:0022414,reproductive process,M1,1,GO:0044703 multi-organism reproductive process
1,-3.6800894628802654,GO:0002376,immune system process,M1,1,GO:0002683 negative regulation of immune system process
1,-3.1288966794757687,GO:0043473,pigmentation,M1,1,GO:0030318 melanocyte differentiation
1,-2.9731057454980703,GO:0048519,negative regulation of biological process,M1,1,GO:0045936 negative regulation of phosphate metabolic process
1,-2.0275140586738067,GO:0051703,biological process involved in intraspecies interaction between organisms,M1,1,GO:0035176 social behavior
