_MEMBER_MyList,_LogP_MyList,GO,Description,_PATTERN_,_RANK_,GiniIndex
1,-2.1,M176,PID FOXM1 PATHWAY,M1,1,0
1,-2.5,GO:0003158,endothelium development,M1,1,0
1,-2,GO:1901617,organic hydroxy compound biosynthetic process,M1,1,0
1,-2,R-HSA-2219530,Constitutive Signaling by Aberrant PI3K in Cancer,M1,1,0
1,-3.8,GO:0045598,regulation of fat cell differentiation,M1,1,0
1,-2.6,GO:0072132,mesenchyme morphogenesis,M1,1,0
1,-2,GO:0051604,protein maturation,M1,1,0
1,-2.8,GO:0055065,metal ion homeostasis,M1,1,0
1,-3.4,M190,PID TCR JNK PATHWAY,M1,1,0
1,-3.7,GO:0007612,learning,M1,1,0
1,-3.9,R-HSA-1980143,Signaling by NOTCH1,M1,1,0
1,-2.3,GO:0031099,regeneration,M1,1,0
1,-2,GO:1902905,positive regulation of supramolecular fiber organization,M1,1,0
1,-11,GO:0010942,positive regulation of cell death,M1,1,0
1,-4,R-HSA-212718,EGFR interacts with phospholipase C-gamma,M1,1,0
1,-3.5,R-HSA-382551,Transport of small molecules,M1,1,0
1,-2.6,GO:0030516,regulation of axon extension,M1,1,0
1,-2.8,GO:0045747,positive regulation of Notch signaling pathway,M1,1,0
1,-2.5,GO:0034369,plasma lipoprotein particle remodeling,M1,1,0
1,-4.4,GO:0034614,cellular response to reactive oxygen species,M1,1,0
1,-6.3,GO:0048667,cell morphogenesis involved in neuron differentiation,M1,1,0
1,-2.5,GO:0007266,Rho protein signal transduction,M1,1,0
1,-2.2,GO:0046660,female sex differentiation,M1,1,0
1,-2.3,GO:0016485,protein processing,M1,1,0
1,-2,GO:0051348,negative regulation of transferase activity,M1,1,0
1,-11,GO:0043068,positive regulation of programmed cell death,M1,1,0
1,-2.3,GO:0006874,cellular calcium ion homeostasis,M1,1,0
1,-2.5,GO:0051048,negative regulation of secretion,M1,1,0
1,-3.5,R-HSA-179812,GRB2 events in EGFR signaling,M1,1,0
1,-3,GO:0097553,calcium ion transmembrane import into cytosol,M1,1,0
1,-2.3,GO:0043535,regulation of blood vessel endothelial cell migration,M1,1,0
1,-4.4,GO:0051005,negative regulation of lipoprotein lipase activity,M1,1,0
1,-3.2,GO:0060192,negative regulation of lipase activity,M1,1,0
1,-3.2,GO:0043618,regulation of transcription from RNA polymerase II promoter in response to stress,M1,1,0
1,-4,WP2880,Glucocorticoid receptor pathway,M1,1,0
1,-3,GO:0048871,multicellular organismal homeostasis,M1,1,0
1,-2.7,hsa05225,Hepatocellular carcinoma,M1,1,0
1,-2.7,GO:0007189,adenylate cyclase-activating G protein-coupled receptor signaling pathway,M1,1,0
1,-2.2,GO:0010951,negative regulation of endopeptidase activity,M1,1,0
1,-4.9,R-HSA-9006934,Signaling by Receptor Tyrosine Kinases,M1,1,0
1,-4.6,GO:0031344,regulation of cell projection organization,M1,1,0
1,-2.3,GO:0055002,striated muscle cell development,M1,1,0
1,-4.3,GO:0043010,camera-type eye development,M1,1,0
1,-2.3,GO:0006873,cellular monoatomic ion homeostasis,M1,1,0
1,-3,GO:0090036,regulation of protein kinase C signaling,M1,1,0
1,-2.2,R-HSA-5173105,O-linked glycosylation,M1,1,0
1,-2.7,R-HSA-416476,G alpha (q) signalling events,M1,1,0
1,-2.2,GO:0061900,glial cell activation,M1,1,0
1,-4.3,GO:0051145,smooth muscle cell differentiation,M1,1,0
1,-2.2,M86,PID ARF6 PATHWAY,M1,1,0
1,-3.1,GO:0060419,heart growth,M1,1,0
1,-3.2,M15,PID LYSOPHOSPHOLIPID PATHWAY,M1,1,0
1,-3.3,hsa04270,Vascular smooth muscle contraction,M1,1,0
1,-4.7,M5883,NABA SECRETED FACTORS,M1,1,0
1,-4.4,GO:0002040,sprouting angiogenesis,M1,1,0
1,-3.1,GO:0032412,regulation of monoatomic ion transmembrane transporter activity,M1,1,0
1,-2.7,GO:0055082,cellular chemical homeostasis,M1,1,0
1,-4.6,R-HSA-8857538,PTK6 promotes HIF1A stabilization,M1,1,0
1,-2.6,GO:0048146,positive regulation of fibroblast proliferation,M1,1,0
1,-13,GO:0001568,blood vessel development,M1,1,0
1,-2.2,GO:0051148,negative regulation of muscle cell differentiation,M1,1,0
1,-2.5,R-HSA-8863795,Downregulation of ERBB2 signaling,M1,1,0
1,-3.4,GO:0003205,cardiac chamber development,M1,1,0
1,-2.3,GO:0050870,positive regulation of T cell activation,M1,1,0
1,-2.3,GO:0031334,positive regulation of protein-containing complex assembly,M1,1,0
1,-2.9,GO:0001942,hair follicle development,M1,1,0
1,-2.8,GO:0051897,positive regulation of protein kinase B signaling,M1,1,0
1,-4,GO:0003007,heart morphogenesis,M1,1,0
1,-4.7,GO:0032990,cell part morphogenesis,M1,1,0
1,-5.3,GO:0097084,vascular associated smooth muscle cell development,M1,1,0
1,-3.5,WP5265,Neurogenesis regulation in the olfactory epithelium,M1,1,0
1,-3.4,hsa05213,Endometrial cancer,M1,1,0
1,-3.3,WP61,Notch signaling pathway,M1,1,0
1,-2.9,R-HSA-5625900,RHO GTPases activate CIT,M1,1,0
1,-2.8,GO:0033500,carbohydrate homeostasis,M1,1,0
1,-2.6,GO:0031954,positive regulation of protein autophosphorylation,M1,1,0
1,-2.4,R-HSA-114452,Activation of BH3-only proteins,M1,1,0
1,-2.4,M8,PID ENDOTHELIN PATHWAY,M1,1,0
1,-4.3,GO:0071560,cellular response to transforming growth factor beta stimulus,M1,1,0
1,-4,M167,PID AP1 PATHWAY,M1,1,0
1,-3.2,hsa05418,Fluid shear stress and atherosclerosis,M1,1,0
1,-5.4,WP4659,Gastrin signaling pathway,M1,1,0
1,-3.7,GO:0014745,negative regulation of muscle adaptation,M1,1,0
1,-2.4,GO:0042632,cholesterol homeostasis,M1,1,0
1,-7.9,WP289,Myometrial relaxation and contraction pathways,M1,1,0
1,-2.4,GO:0035296,regulation of tube diameter,M1,1,0
1,-2.4,GO:0032944,regulation of mononuclear cell proliferation,M1,1,0
1,-4.1,GO:0045926,negative regulation of growth,M1,1,0
1,-5.4,hsa04360,Axon guidance,M1,1,0
1,-2.6,GO:0046686,response to cadmium ion,M1,1,0
1,-2.5,GO:0051402,neuron apoptotic process,M1,1,0
1,-2.4,GO:0050671,positive regulation of lymphocyte proliferation,M1,1,0
1,-2.3,R-HSA-2219528,PI3K/AKT Signaling in Cancer,M1,1,0
1,-3.2,GO:0050863,regulation of T cell activation,M1,1,0
1,-2.1,GO:1903039,positive regulation of leukocyte cell-cell adhesion,M1,1,0
1,-2.3,GO:0070997,neuron death,M1,1,0
1,-4.7,R-HSA-6785807,Interleukin-4 and Interleukin-13 signaling,M1,1,0
1,-3.2,WP4928,MAPK pathway in congenital thyroid cancer,M1,1,0
1,-2.1,GO:0071407,cellular response to organic cyclic compound,M1,1,0
1,-5.1,M239,PID A6B1 A6B4 INTEGRIN PATHWAY,M1,1,0
1,-4.8,GO:0072009,nephron epithelium development,M1,1,0
1,-5.3,GO:0045765,regulation of angiogenesis,M1,1,0
1,-3.1,GO:0001936,regulation of endothelial cell proliferation,M1,1,0
1,-2.8,GO:0035924,cellular response to vascular endothelial growth factor stimulus,M1,1,0
1,-2.2,hsa04520,Adherens junction,M1,1,0
1,-6.5,hsa05210,Colorectal cancer,M1,1,0
1,-3,hsa05218,Melanoma,M1,1,0
1,-3.2,WP2849,Hematopoietic stem cell differentiation,M1,1,0
1,-2.6,GO:0003229,ventricular cardiac muscle tissue development,M1,1,0
1,-5.6,R-HSA-2129379,Molecules associated with elastic fibres,M1,1,0
1,-2.8,WP3612,Photodynamic therapy-induced NFE2L2 (NRF2) survival signaling,M1,1,0
1,-2.5,WP3646,Hepatitis C and hepatocellular carcinoma,M1,1,0
1,-3.2,GO:0014741,negative regulation of muscle hypertrophy,M1,1,0
1,-3.2,WP3413,NOTCH1 regulation of endothelial cell calcification,M1,1,0
1,-7.1,GO:0003013,circulatory system process,M1,1,0
1,-5.3,GO:0007409,axonogenesis,M1,1,0
1,-2.6,GO:0035994,response to muscle stretch,M1,1,0
1,-2.6,GO:2000177,regulation of neural precursor cell proliferation,M1,1,0
1,-3.7,GO:0044703,multi-organism reproductive process,M1,1,0
1,-2.9,WP4666,Hepatitis B infection,M1,1,0
1,-2.1,GO:0006875,cellular metal ion homeostasis,M1,1,0
1,-4.1,GO:2000146,negative regulation of cell motility,M1,1,0
1,-2.1,M5887,NABA BASEMENT MEMBRANES,M1,1,0
1,-7.4,GO:0060562,epithelial tube morphogenesis,M1,1,0
1,-3.4,WP1772,Apoptosis modulation and signaling,M1,1,0
1,-4.3,WP4808,Endochondral ossification with skeletal dysplasias,M1,1,0
1,-4.8,GO:0008277,regulation of G protein-coupled receptor signaling pathway,M1,1,0
1,-4,GO:0080135,regulation of cellular response to stress,M1,1,0
1,-2.6,M113,PID NFAT 3PATHWAY,M1,1,0
1,-2.5,GO:0061008,hepaticobiliary system development,M1,1,0
1,-3.5,GO:0044706,multi-multicellular organism process,M1,1,0
1,-3.5,GO:0002698,negative regulation of immune effector process,M1,1,0
1,-2.5,GO:0007519,skeletal muscle tissue development,M1,1,0
1,-2.4,R-HSA-112316,Neuronal System,M1,1,0
1,-2.3,GO:0043171,peptide catabolic process,M1,1,0
1,-2.3,WP2197,Endothelin pathways,M1,1,0
1,-2.1,hsa04935,"Growth hormone synthesis, secretion and action",M1,1,0
1,-2.8,GO:0003177,pulmonary valve development,M1,1,0
1,-2.9,M70,PID PS1 PATHWAY,M1,1,0
1,-3.1,WP5052,Nephrogenesis,M1,1,0
1,-3,GO:0045664,regulation of neuron differentiation,M1,1,0
1,-4.4,GO:0051004,regulation of lipoprotein lipase activity,M1,1,0
1,-7.7,GO:0001822,kidney development,M1,1,0
1,-2.2,GO:0043281,regulation of cysteine-type endopeptidase activity involved in apoptotic process,M1,1,0
1,-2.5,GO:0034368,protein-lipid complex remodeling,M1,1,0
1,-8.6,GO:0055001,muscle cell development,M1,1,0
1,-2.3,GO:0001569,branching involved in blood vessel morphogenesis,M1,1,0
1,-2.4,GO:0007176,regulation of epidermal growth factor-activated receptor activity,M1,1,0
1,-2.9,GO:0050878,regulation of body fluid levels,M1,1,0
1,-2.8,GO:0090257,regulation of muscle system process,M1,1,0
1,-2.4,WP4941,GPR143 in melanocytes and retinal pigment epithelium cells,M1,1,0
1,-2.3,GO:0031069,hair follicle morphogenesis,M1,1,0
1,-4.2,R-HSA-5638303,Inhibition of Signaling by Overexpressed EGFR,M1,1,0
1,-3.2,M255,PID HIF1 TFPATHWAY,M1,1,0
1,-3.2,WP2435,Quercetin and Nf-kB / AP-1 induced apoptosis,M1,1,0
1,-3.4,GO:0048469,cell maturation,M1,1,0
1,-5.7,WP4877,Host-pathogen interaction of human coronaviruses - MAPK signaling,M1,1,0
1,-5.3,GO:0045766,positive regulation of angiogenesis,M1,1,0
1,-5,GO:0043086,negative regulation of catalytic activity,M1,1,0
1,-2.8,WP437,EGF/EGFR signaling pathway,M1,1,0
1,-2,GO:0098754,detoxification,M1,1,0
1,-2.9,GO:0061318,renal filtration cell differentiation,M1,1,0
1,-2.7,R-HSA-177929,Signaling by EGFR,M1,1,0
1,-2.6,GO:0022409,positive regulation of cell-cell adhesion,M1,1,0
1,-4.1,GO:1902893,regulation of miRNA transcription,M1,1,0
1,-4.5,GO:0043588,skin development,M1,1,0
1,-2.2,GO:0051098,regulation of binding,M1,1,0
1,-8.7,GO:0070848,response to growth factor,M1,1,0
1,-2.1,GO:0035113,embryonic appendage morphogenesis,M1,1,0
1,-4.9,GO:0010721,negative regulation of cell development,M1,1,0
1,-3.3,GO:0030178,negative regulation of Wnt signaling pathway,M1,1,0
1,-2.1,GO:0015711,organic anion transport,M1,1,0
1,-2,M174,PID UPA UPAR PATHWAY,M1,1,0
1,-2.1,GO:0006469,negative regulation of protein kinase activity,M1,1,0
1,-2.5,GO:0001701,in utero embryonic development,M1,1,0
1,-2.6,GO:0071277,cellular response to calcium ion,M1,1,0
1,-2.7,GO:0099177,regulation of trans-synaptic signaling,M1,1,0
1,-2.4,GO:0034367,protein-containing complex remodeling,M1,1,0
1,-2.1,WP2526,PDGF pathway,M1,1,0
1,-2.2,R-HSA-9006925,Intracellular signaling by second messengers,M1,1,0
1,-3.5,GO:1904062,regulation of monoatomic cation transmembrane transport,M1,1,0
1,-3.1,GO:0098771,inorganic ion homeostasis,M1,1,0
1,-2.7,GO:0070372,regulation of ERK1 and ERK2 cascade,M1,1,0
1,-2.6,GO:0051647,nucleus localization,M1,1,0
1,-2.2,hsa05145,Toxoplasmosis,M1,1,0
1,-2.2,WP4844,Influence of laminopathies on Wnt signaling,M1,1,0
1,-6.7,M166,PID ATF2 PATHWAY,M1,1,0
1,-4.3,hsa04020,Calcium signaling pathway,M1,1,0
1,-4,GO:0001570,vasculogenesis,M1,1,0
1,-4.7,GO:0044057,regulation of system process,M1,1,0
1,-4.4,GO:0035886,vascular associated smooth muscle cell differentiation,M1,1,0
1,-2.4,M45,PID CD40 PATHWAY,M1,1,0
1,-14,GO:0061061,muscle structure development,M1,1,0
1,-2.8,GO:0008203,cholesterol metabolic process,M1,1,0
1,-4.2,GO:0042445,hormone metabolic process,M1,1,0
1,-2.5,GO:0002028,regulation of sodium ion transport,M1,1,0
1,-2.2,GO:0000768,syncytium formation by plasma membrane fusion,M1,1,0
1,-3.4,GO:0048010,vascular endothelial growth factor receptor signaling pathway,M1,1,0
1,-2.9,GO:0061383,trabecula morphogenesis,M1,1,0
1,-2.4,GO:0060674,placenta blood vessel development,M1,1,0
1,-4.1,GO:0048661,positive regulation of smooth muscle cell proliferation,M1,1,0
1,-3.2,GO:0045930,negative regulation of mitotic cell cycle,M1,1,0
1,-3.1,GO:0030855,epithelial cell differentiation,M1,1,0
1,-7.7,GO:0060537,muscle tissue development,M1,1,0
1,-2.3,hsa05142,Chagas disease,M1,1,0
1,-3.3,R-HSA-111447,Activation of BAD and translocation to mitochondria,M1,1,0
1,-2.5,M235,PID TCR CALCIUM PATHWAY,M1,1,0
1,-2,GO:0043154,negative regulation of cysteine-type endopeptidase activity involved in apoptotic process,M1,1,0
1,-2.7,GO:0150104,transport across blood-brain barrier,M1,1,0
1,-3.3,hsa04912,GnRH signaling pathway,M1,1,0
1,-5.1,GO:0034329,cell junction assembly,M1,1,0
1,-2.8,R-HSA-9665686,Signaling by ERBB2 TMD/JMD mutants,M1,1,0
1,-3.2,GO:0007158,neuron cell-cell adhesion,M1,1,0
1,-2,GO:0050709,negative regulation of protein secretion,M1,1,0
1,-3.9,GO:0045216,cell-cell junction organization,M1,1,0
1,-2,GO:0002691,regulation of cellular extravasation,M1,1,0
1,-3.1,GO:0010977,negative regulation of neuron projection development,M1,1,0
1,-2.2,GO:0140253,cell-cell fusion,M1,1,0
1,-2.4,WP5224,2q37 copy number variation syndrome,M1,1,0
1,-2.7,GO:0009410,response to xenobiotic stimulus,M1,1,0
1,-3.9,M236,PID DELTA NP63 PATHWAY,M1,1,0
1,-2.1,GO:0032570,response to progesterone,M1,1,0
1,-3.9,R-HSA-419812,Calcitonin-like ligand receptors,M1,1,0
1,-2.1,GO:0044089,positive regulation of cellular component biogenesis,M1,1,0
1,-4.8,GO:0048754,branching morphogenesis of an epithelial tube,M1,1,0
1,-3.3,R-HSA-76002,"Platelet activation, signaling and aggregation",M1,1,0
1,-4.2,GO:0045807,positive regulation of endocytosis,M1,1,0
1,-4.1,GO:0001934,positive regulation of protein phosphorylation,M1,1,0
1,-2.7,GO:0030198,extracellular matrix organization,M1,1,0
1,-2.7,GO:0006706,steroid catabolic process,M1,1,0
1,-2.2,R-HSA-199418,Negative regulation of the PI3K/AKT network,M1,1,0
1,-7.6,M3008,NABA ECM GLYCOPROTEINS,M1,1,0
1,-2.8,GO:0045927,positive regulation of growth,M1,1,0
1,-3.2,WP2064,Neural crest differentiation,M1,1,0
1,-2.1,GO:0021537,telencephalon development,M1,1,0
1,-8,WP5087,Malignant pleural mesothelioma,M1,1,0
1,-2.9,GO:0022604,regulation of cell morphogenesis,M1,1,0
1,-2.5,GO:0006109,regulation of carbohydrate metabolic process,M1,1,0
1,-2.3,GO:0032946,positive regulation of mononuclear cell proliferation,M1,1,0
1,-5.6,GO:0030097,hemopoiesis,M1,1,0
1,-2.6,GO:0031331,positive regulation of cellular catabolic process,M1,1,0
1,-2.9,WP4300,Extracellular vesicles in the crosstalk of cardiac cells,M1,1,0
1,-3.6,GO:0007626,locomotory behavior,M1,1,0
1,-8.4,GO:0006935,chemotaxis,M1,1,0
1,-5.3,GO:1904018,positive regulation of vasculature development,M1,1,0
1,-3.1,hsa05165,Human papillomavirus infection,M1,1,0
1,-3.9,GO:0061005,cell differentiation involved in kidney development,M1,1,0
1,-3.3,GO:0009309,amine biosynthetic process,M1,1,0
1,-3,GO:0120161,regulation of cold-induced thermogenesis,M1,1,0
1,-2.3,WP313,Hepatocyte growth factor receptor signaling,M1,1,0
1,-2.3,GO:1905330,regulation of morphogenesis of an epithelium,M1,1,0
1,-8.1,GO:1902532,negative regulation of intracellular signal transduction,M1,1,0
1,-5.5,GO:0040008,regulation of growth,M1,1,0
1,-5.4,R-HSA-1474244,Extracellular matrix organization,M1,1,0
1,-3.4,WP3932,Focal adhesion: PI3K-Akt-mTOR-signaling pathway,M1,1,0
1,-2.3,hsa04215,Apoptosis - multiple species,M1,1,0
1,-3.3,GO:1901722,regulation of cell proliferation involved in kidney development,M1,1,0
1,-2.2,GO:0051701,biological process involved in interaction with host,M1,1,0
1,-8.1,WP2882,Nuclear receptors meta-pathway,M1,1,0
1,-3.2,GO:0061351,neural precursor cell proliferation,M1,1,0
1,-4.3,R-HSA-388396,GPCR downstream signalling,M1,1,0
1,-2.8,GO:0060627,regulation of vesicle-mediated transport,M1,1,0
1,-2,hsa05208,Chemical carcinogenesis - reactive oxygen species,M1,1,0
1,-3.1,GO:0050922,negative regulation of chemotaxis,M1,1,0
1,-2.3,GO:0060538,skeletal muscle organ development,M1,1,0
1,-2.3,GO:2000377,regulation of reactive oxygen species metabolic process,M1,1,0
1,-3.2,hsa05215,Prostate cancer,M1,1,0
1,-2.9,GO:0010830,regulation of myotube differentiation,M1,1,0
1,-3,R-HSA-8957275,Post-translational protein phosphorylation,M1,1,0
1,-3.6,GO:0001657,ureteric bud development,M1,1,0
1,-2.4,R-HSA-182971,EGFR downregulation,M1,1,0
1,-2.4,GO:1900745,positive regulation of p38MAPK cascade,M1,1,0
1,-2.6,GO:0009409,response to cold,M1,1,0
1,-3,WP49,IL-2 signaling pathway,M1,1,0
1,-2.3,GO:0001890,placenta development,M1,1,0
1,-4.3,WP4155,Endometrial cancer,M1,1,0
1,-2.7,GO:0050927,positive regulation of positive chemotaxis,M1,1,0
1,-2.7,hsa04610,Complement and coagulation cascades,M1,1,0
1,-2.4,GO:0071709,membrane assembly,M1,1,0
1,-2.2,GO:0060326,cell chemotaxis,M1,1,0
1,-3,GO:0071902,positive regulation of protein serine/threonine kinase activity,M1,1,0
1,-2.1,GO:0015850,organic hydroxy compound transport,M1,1,0
1,-3,GO:0060716,labyrinthine layer blood vessel development,M1,1,0
1,-2.1,GO:0048259,regulation of receptor-mediated endocytosis,M1,1,0
1,-2.6,GO:2001233,regulation of apoptotic signaling pathway,M1,1,0
1,-5.4,GO:0043523,regulation of neuron apoptotic process,M1,1,0
1,-2.6,WP4263,Pancreatic adenocarcinoma pathway,M1,1,0
1,-2.1,hsa05417,Lipid and atherosclerosis,M1,1,0
1,-4,GO:0034381,plasma lipoprotein particle clearance,M1,1,0
1,-5.1,GO:0007611,learning or memory,M1,1,0
1,-6,WP3611,Photodynamic therapy-induced AP-1 survival signaling,M1,1,0
1,-4.3,WP474,Endochondral ossification,M1,1,0
1,-2.9,GO:0072112,podocyte differentiation,M1,1,0
1,-2.3,GO:0072078,nephron tubule morphogenesis,M1,1,0
1,-3,GO:0045600,positive regulation of fat cell differentiation,M1,1,0
1,-3.7,GO:2000628,regulation of miRNA metabolic process,M1,1,0
1,-4.7,hsa01521,EGFR tyrosine kinase inhibitor resistance,M1,1,0
1,-3,R-HSA-157118,Signaling by NOTCH,M1,1,0
1,-2.7,GO:0030856,regulation of epithelial cell differentiation,M1,1,0
1,-2.2,GO:1901222,regulation of NIK/NF-kappaB signaling,M1,1,0
1,-2.5,GO:0044000,movement in host,M1,1,0
1,-4.9,WP366,TGF-beta signaling pathway,M1,1,0
1,-7.9,GO:0071363,cellular response to growth factor stimulus,M1,1,0
1,-4.3,WP3927,BMP signaling in eyelid development,M1,1,0
1,-3.5,GO:0001892,embryonic placenta development,M1,1,0
1,-3.2,hsa04915,Estrogen signaling pathway,M1,1,0
1,-2.5,GO:0048843,negative regulation of axon extension involved in axon guidance,M1,1,0
1,-7.3,GO:0001666,response to hypoxia,M1,1,0
1,-2.1,GO:0002718,regulation of cytokine production involved in immune response,M1,1,0
1,-2,GO:0035272,exocrine system development,M1,1,0
1,-3.4,R-HSA-8963899,Plasma lipoprotein remodeling,M1,1,0
1,-2.7,WP3888,VEGFA-VEGFR2 signaling pathway,M1,1,0
1,-4.3,GO:0048598,embryonic morphogenesis,M1,1,0
1,-3.7,GO:0010594,regulation of endothelial cell migration,M1,1,0
1,-5.9,GO:1901342,regulation of vasculature development,M1,1,0
1,-2.3,GO:1901797,negative regulation of signal transduction by p53 class mediator,M1,1,0
1,-2.2,GO:0051926,negative regulation of calcium ion transport,M1,1,0
1,-3,GO:0006584,catecholamine metabolic process,M1,1,0
1,-3.9,M164,PID ERBB1 DOWNSTREAM PATHWAY,M1,1,0
1,-3.2,GO:0034765,regulation of monoatomic ion transmembrane transport,M1,1,0
1,-2.3,GO:0003382,epithelial cell morphogenesis,M1,1,0
1,-2.3,M279,PID RB 1PATHWAY,M1,1,0
1,-3.6,GO:0002694,regulation of leukocyte activation,M1,1,0
1,-3,GO:0031345,negative regulation of cell projection organization,M1,1,0
1,-3.1,GO:0009187,cyclic nucleotide metabolic process,M1,1,0
1,-4.1,GO:0050865,regulation of cell activation,M1,1,0
1,-2.6,GO:0042391,regulation of membrane potential,M1,1,0
1,-2.6,GO:2001242,regulation of intrinsic apoptotic signaling pathway,M1,1,0
1,-5.3,R-HSA-9634638,Estrogen-dependent nuclear events downstream of ESR-membrane signaling,M1,1,0
1,-2.5,GO:0048041,focal adhesion assembly,M1,1,0
1,-2.4,M63,PID AVB3 OPN PATHWAY,M1,1,0
1,-2.2,GO:0044403,biological process involved in symbiotic interaction,M1,1,0
1,-2.5,GO:0007431,salivary gland development,M1,1,0
1,-5.8,GO:0062197,cellular response to chemical stress,M1,1,0
1,-3.1,GO:0050807,regulation of synapse organization,M1,1,0
1,-6.9,GO:0050678,regulation of epithelial cell proliferation,M1,1,0
1,-3.3,GO:0006639,acylglycerol metabolic process,M1,1,0
1,-2.6,M122,PID IL2 1PATHWAY,M1,1,0
1,-2.5,GO:0042633,hair cycle,M1,1,0
1,-2.8,GO:0045860,positive regulation of protein kinase activity,M1,1,0
1,-3.2,GO:0051051,negative regulation of transport,M1,1,0
1,-2.5,GO:0019933,cAMP-mediated signaling,M1,1,0
1,-5.7,M145,PID P53 DOWNSTREAM PATHWAY,M1,1,0
1,-3.7,GO:0072080,nephron tubule development,M1,1,0
1,-3.3,GO:1902253,regulation of intrinsic apoptotic signaling pathway by p53 class mediator,M1,1,0
1,-3.9,GO:0099173,postsynapse organization,M1,1,0
1,-5.6,GO:1901214,regulation of neuron death,M1,1,0
1,-3.7,GO:0030308,negative regulation of cell growth,M1,1,0
1,-3.5,GO:0046486,glycerolipid metabolic process,M1,1,0
1,-4.8,GO:0048880,sensory system development,M1,1,0
1,-8.3,GO:0042330,taxis,M1,1,0
1,-3.1,GO:0071773,cellular response to BMP stimulus,M1,1,0
1,-5,GO:0061138,morphogenesis of a branching epithelium,M1,1,0
1,-3,WP1742,TP53 network,M1,1,0
1,-2.3,hsa05167,Kaposi sarcoma-associated herpesvirus infection,M1,1,0
1,-2.2,GO:0002683,negative regulation of immune system process,M1,1,0
1,-2.3,GO:0052547,regulation of peptidase activity,M1,1,0
1,-2.5,GO:0035282,segmentation,M1,1,0
1,-5.1,GO:0008593,regulation of Notch signaling pathway,M1,1,0
1,-2.1,GO:0034612,response to tumor necrosis factor,M1,1,0
1,-4.1,GO:0071559,response to transforming growth factor beta,M1,1,0
1,-3.4,GO:0008202,steroid metabolic process,M1,1,0
1,-3.8,R-HSA-9012852,Signaling by NOTCH3,M1,1,0
1,-6.2,GO:0007423,sensory organ development,M1,1,0
1,-3.3,GO:0060828,regulation of canonical Wnt signaling pathway,M1,1,0
1,-4.6,hsa05224,Breast cancer,M1,1,0
1,-2.3,hsa04072,Phospholipase D signaling pathway,M1,1,0
1,-2.9,GO:0090287,regulation of cellular response to growth factor stimulus,M1,1,0
1,-5.9,GO:0070302,regulation of stress-activated protein kinase signaling cascade,M1,1,0
1,-3.8,GO:0051347,positive regulation of transferase activity,M1,1,0
1,-3.4,GO:2000649,regulation of sodium ion transmembrane transporter activity,M1,1,0
1,-2.7,GO:0046503,glycerolipid catabolic process,M1,1,0
1,-7.5,hsa04510,Focal adhesion,M1,1,0
1,-4.4,GO:0016486,peptide hormone processing,M1,1,0
1,-2.3,GO:0072659,protein localization to plasma membrane,M1,1,0
1,-3.6,GO:0140467,integrated stress response signaling,M1,1,0
1,-3,GO:1904888,cranial skeletal system development,M1,1,0
1,-2.2,GO:0033138,positive regulation of peptidyl-serine phosphorylation,M1,1,0
1,-2.3,GO:0030239,myofibril assembly,M1,1,0
1,-5.6,GO:0051146,striated muscle cell differentiation,M1,1,0
1,-3.5,GO:0001501,skeletal system development,M1,1,0
1,-3.4,GO:0050930,induction of positive chemotaxis,M1,1,0
1,-4.6,GO:0032835,glomerulus development,M1,1,0
1,-3.7,hsa04979,Cholesterol metabolism,M1,1,0
1,-2.3,GO:0006954,inflammatory response,M1,1,0
1,-2.6,WP3286,Copper homeostasis,M1,1,0
1,-3.4,R-HSA-2894862,Constitutive Signaling by NOTCH1 HD+PEST Domain Mutants,M1,1,0
1,-3,GO:0060411,cardiac septum morphogenesis,M1,1,0
1,-2.8,GO:1902254,negative regulation of intrinsic apoptotic signaling pathway by p53 class mediator,M1,1,0
1,-4.2,GO:0022898,regulation of transmembrane transporter activity,M1,1,0
1,-3.9,GO:0060711,labyrinthine layer development,M1,1,0
1,-4.8,GO:0000302,response to reactive oxygen species,M1,1,0
1,-2.4,GO:1901019,regulation of calcium ion transmembrane transporter activity,M1,1,0
1,-2.6,WP3845,Canonical and non-canonical Notch signaling,M1,1,0
1,-8.9,GO:0000902,cell morphogenesis,M1,1,0
1,-2.6,GO:0007405,neuroblast proliferation,M1,1,0
1,-3,GO:0150115,cell-substrate junction organization,M1,1,0
1,-2.8,GO:0097150,neuronal stem cell population maintenance,M1,1,0
1,-2.3,R-HSA-9018519,Estrogen-dependent gene expression,M1,1,0
1,-2.7,GO:0043062,extracellular structure organization,M1,1,0
1,-3.2,GO:0051153,regulation of striated muscle cell differentiation,M1,1,0
1,-5.9,GO:0032989,cellular component morphogenesis,M1,1,0
1,-5.7,GO:0048762,mesenchymal cell differentiation,M1,1,0
1,-2.5,GO:0051283,negative regulation of sequestering of calcium ion,M1,1,0
1,-2,GO:0045913,positive regulation of carbohydrate metabolic process,M1,1,0
1,-2.5,WP2355,Corticotropin-releasing hormone signaling pathway,M1,1,0
1,-2.9,GO:0071248,cellular response to metal ion,M1,1,0
1,-3.1,GO:0022612,gland morphogenesis,M1,1,0
1,-2.4,GO:0050670,regulation of lymphocyte proliferation,M1,1,0
1,-2.5,WP4816,TGF-beta receptor signaling in skeletal dysplasias,M1,1,0
1,-2.5,GO:0008361,regulation of cell size,M1,1,0
1,-3.9,R-HSA-109582,Hemostasis,M1,1,0
1,-3.3,GO:0090596,sensory organ morphogenesis,M1,1,0
1,-3.2,GO:0048660,regulation of smooth muscle cell proliferation,M1,1,0
1,-2.6,GO:0045936,negative regulation of phosphate metabolic process,M1,1,0
1,-3.2,R-HSA-8864260,Transcriptional regulation by the AP-2 (TFAP2) family of transcription factors,M1,1,0
1,-3.3,GO:0051282,regulation of sequestering of calcium ion,M1,1,0
1,-2.4,M254,PID MYC REPRESS PATHWAY,M1,1,0
1,-5,GO:0009725,response to hormone,M1,1,0
1,-5,GO:0001654,eye development,M1,1,0
1,-2.9,GO:0040007,growth,M1,1,0
1,-3.5,GO:0035331,negative regulation of hippo signaling,M1,1,0
1,-3.5,R-HSA-6794362,Protein-protein interactions at synapses,M1,1,0
1,-2.9,GO:0009617,response to bacterium,M1,1,0
1,-2.3,WP4496,Signal transduction through IL1R,M1,1,0
1,-2.1,GO:0042058,regulation of epidermal growth factor receptor signaling pathway,M1,1,0
1,-2.9,GO:0048589,developmental growth,M1,1,0
1,-4.4,WP2840,Hair follicle development: cytodifferentiation - part 3 of 3,M1,1,0
1,-2.8,R-HSA-1250196,SHC1 events in ERBB2 signaling,M1,1,0
1,-3.5,GO:0051249,regulation of lymphocyte activation,M1,1,0
1,-2.3,GO:0035909,aorta morphogenesis,M1,1,0
1,-7.6,WP306,Focal adhesion,M1,1,0
1,-5,M183,PID IL6 7 PATHWAY,M1,1,0
1,-3.5,GO:0018958,phenol-containing compound metabolic process,M1,1,0
1,-4.2,WP4172,PI3K-Akt signaling pathway,M1,1,0
1,-3.2,GO:0050731,positive regulation of peptidyl-tyrosine phosphorylation,M1,1,0
1,-2.6,GO:0009636,response to toxic substance,M1,1,0
1,-4.7,WP4149,White fat cell differentiation,M1,1,0
1,-2.5,GO:0048545,response to steroid hormone,M1,1,0
1,-7.3,GO:0045596,negative regulation of cell differentiation,M1,1,0
1,-6.8,GO:0003018,vascular process in circulatory system,M1,1,0
1,-4,GO:0043620,regulation of DNA-templated transcription in response to stress,M1,1,0
1,-3.4,WP673,ErbB signaling pathway,M1,1,0
1,-3.4,R-HSA-180336,SHC1 events in EGFR signaling,M1,1,0
1,-2.4,GO:0098901,regulation of cardiac muscle cell action potential,M1,1,0
1,-3.4,GO:0061024,membrane organization,M1,1,0
1,-6.2,GO:0007610,behavior,M1,1,0
1,-3.2,R-HSA-1963640,GRB2 events in ERBB2 signaling,M1,1,0
1,-2.2,R-HSA-418594,G alpha (i) signalling events,M1,1,0
1,-2.1,GO:0010927,cellular component assembly involved in morphogenesis,M1,1,0
1,-5.2,R-HSA-1566948,Elastic fibre formation,M1,1,0
1,-3.1,GO:0030534,adult behavior,M1,1,0
1,-4,GO:1900744,regulation of p38MAPK cascade,M1,1,0
1,-2.6,GO:0035330,regulation of hippo signaling,M1,1,0
1,-3.6,GO:0055080,monoatomic cation homeostasis,M1,1,0
1,-2.7,GO:0070663,regulation of leukocyte proliferation,M1,1,0
1,-3.8,GO:0016331,morphogenesis of embryonic epithelium,M1,1,0
1,-3,M91,PID TCPTP PATHWAY,M1,1,0
1,-3,GO:0046718,viral entry into host cell,M1,1,0
1,-2.3,hsa05132,Salmonella infection,M1,1,0
1,-3.5,hsa04540,Gap junction,M1,1,0
1,-2.3,M275,PID ALPHA SYNUCLEIN PATHWAY,M1,1,0
1,-11,GO:0048729,tissue morphogenesis,M1,1,0
1,-6.7,GO:0072073,kidney epithelium development,M1,1,0
1,-4.2,GO:0043009,chordate embryonic development,M1,1,0
1,-6.1,GO:0048844,artery morphogenesis,M1,1,0
1,-5.5,GO:0010632,regulation of epithelial cell migration,M1,1,0
1,-4.3,GO:0055007,cardiac muscle cell differentiation,M1,1,0
1,-11,GO:0043065,positive regulation of apoptotic process,M1,1,0
1,-2.4,GO:0055092,sterol homeostasis,M1,1,0
1,-9.4,GO:0040017,positive regulation of locomotion,M1,1,0
1,-2,GO:0050999,regulation of nitric-oxide synthase activity,M1,1,0
1,-3.3,M201,PID ERBB NETWORK PATHWAY,M1,1,0
1,-2.3,GO:0086004,regulation of cardiac muscle cell contraction,M1,1,0
1,-2.5,R-HSA-1236394,Signaling by ERBB4,M1,1,0
1,-3.4,GO:0030509,BMP signaling pathway,M1,1,0
1,-2.6,GO:0009991,response to extracellular stimulus,M1,1,0
1,-3.6,GO:0071345,cellular response to cytokine stimulus,M1,1,0
1,-3,GO:0031294,lymphocyte costimulation,M1,1,0
1,-2.9,GO:0032956,regulation of actin cytoskeleton organization,M1,1,0
1,-2.2,GO:1903522,regulation of blood circulation,M1,1,0
1,-3.1,GO:0001953,negative regulation of cell-matrix adhesion,M1,1,0
1,-2.6,GO:0050926,regulation of positive chemotaxis,M1,1,0
1,-3.8,GO:0050808,synapse organization,M1,1,0
1,-3.7,GO:0010817,regulation of hormone levels,M1,1,0
1,-4.3,GO:0006898,receptor-mediated endocytosis,M1,1,0
1,-4.7,WP5144,NRP1-triggered signaling pathways in pancreatic cancer,M1,1,0
1,-2.5,GO:0085029,extracellular matrix assembly,M1,1,0
1,-2.1,hsa05220,Chronic myeloid leukemia,M1,1,0
1,-2.6,GO:0002696,positive regulation of leukocyte activation,M1,1,0
1,-4,GO:0050730,regulation of peptidyl-tyrosine phosphorylation,M1,1,0
1,-2.8,M223,PID BETA CATENIN NUC PATHWAY,M1,1,0
1,-5.9,GO:0030029,actin filament-based process,M1,1,0
1,-2.1,GO:0042551,neuron maturation,M1,1,0
1,-5.4,GO:0030036,actin cytoskeleton organization,M1,1,0
1,-3.2,R-HSA-8939211,ESR-mediated signaling,M1,1,0
1,-2.4,GO:0055123,digestive system development,M1,1,0
1,-4.7,GO:0010035,response to inorganic substance,M1,1,0
1,-4.7,GO:0097485,neuron projection guidance,M1,1,0
1,-2.2,GO:0010038,response to metal ion,M1,1,0
1,-5.2,GO:0048568,embryonic organ development,M1,1,0
1,-2.2,GO:0000165,MAPK cascade,M1,1,0
1,-2.1,WP5218,Extrafollicular and follicular B cell activation by SARS-CoV-2,M1,1,0
1,-2.3,GO:0035148,tube formation,M1,1,0
1,-4.2,GO:0140448,signaling receptor ligand precursor processing,M1,1,0
1,-3.2,GO:0008360,regulation of cell shape,M1,1,0
1,-2,M232,PID ECADHERIN STABILIZATION PATHWAY,M1,1,0
1,-2.5,WP5236,Markers of kidney cell lineage,M1,1,0
1,-2.4,GO:0051960,regulation of nervous system development,M1,1,0
1,-5.4,GO:0098609,cell-cell adhesion,M1,1,0
1,-6.6,M5884,NABA CORE MATRISOME,M1,1,0
1,-3.7,GO:0032409,regulation of transporter activity,M1,1,0
1,-2.2,GO:0010614,negative regulation of cardiac muscle hypertrophy,M1,1,0
1,-4.4,GO:0048732,gland development,M1,1,0
1,-5.5,WP4806,EGFR tyrosine kinase inhibitor resistance,M1,1,0
1,-2.7,GO:0002688,regulation of leukocyte chemotaxis,M1,1,0
1,-5,GO:1901615,organic hydroxy compound metabolic process,M1,1,0
1,-6.8,GO:0050920,regulation of chemotaxis,M1,1,0
1,-3.4,R-HSA-2644606,Constitutive Signaling by NOTCH1 PEST Domain Mutants,M1,1,0
1,-2.1,GO:0042326,negative regulation of phosphorylation,M1,1,0
1,-3.2,M105,PID TELOMERASE PATHWAY,M1,1,0
1,-5.3,WP2877,Vitamin D receptor pathway,M1,1,0
1,-4.6,R-HSA-8964046,VLDL clearance,M1,1,0
1,-5.9,GO:0034447,very-low-density lipoprotein particle clearance,M1,1,0
1,-3.4,GO:1901652,response to peptide,M1,1,0
1,-3,GO:0003184,pulmonary valve morphogenesis,M1,1,0
1,-2,GO:0019725,cellular homeostasis,M1,1,0
1,-4.8,GO:0001763,morphogenesis of a branching structure,M1,1,0
1,-4.3,WP516,Hypertrophy model,M1,1,0
1,-3.6,GO:0030111,regulation of Wnt signaling pathway,M1,1,0
1,-2.6,GO:0060993,kidney morphogenesis,M1,1,0
1,-3.3,GO:0002719,negative regulation of cytokine production involved in immune response,M1,1,0
1,-2.6,GO:0050679,positive regulation of epithelial cell proliferation,M1,1,0
1,-2.5,GO:0050867,positive regulation of cell activation,M1,1,0
1,-2.7,GO:0001656,metanephros development,M1,1,0
1,-3.2,GO:0055017,cardiac muscle tissue growth,M1,1,0
1,-3,GO:0007416,synapse assembly,M1,1,0
1,-3.5,GO:0014855,striated muscle cell proliferation,M1,1,0
1,-2.9,GO:0071498,cellular response to fluid shear stress,M1,1,0
1,-2.5,WP5092,Interactions of natural killer cells in pancreatic cancer,M1,1,0
1,-12,GO:0048514,blood vessel morphogenesis,M1,1,0
1,-3.2,GO:0055074,calcium ion homeostasis,M1,1,0
1,-8.2,GO:0034330,cell junction organization,M1,1,0
1,-2.4,GO:0030003,cellular monoatomic cation homeostasis,M1,1,0
1,-2.4,GO:0033135,regulation of peptidyl-serine phosphorylation,M1,1,0
1,-5.4,WP2828,Bladder cancer,M1,1,0
1,-3.3,GO:0035850,epithelial cell differentiation involved in kidney development,M1,1,0
1,-2.2,GO:1903531,negative regulation of secretion by cell,M1,1,0
1,-2.1,GO:0021536,diencephalon development,M1,1,0
1,-2,GO:0007596,blood coagulation,M1,1,0
1,-2.6,GO:1902652,secondary alcohol metabolic process,M1,1,0
1,-2.2,WP4255,Non-small cell lung cancer,M1,1,0
1,-3.4,hsa04015,Rap1 signaling pathway,M1,1,0
1,-2.6,GO:1903037,regulation of leukocyte cell-cell adhesion,M1,1,0
1,-4.4,WP4754,IL-18 signaling pathway,M1,1,0
1,-3.5,hsa05205,Proteoglycans in cancer,M1,1,0
1,-2.6,GO:0070374,positive regulation of ERK1 and ERK2 cascade,M1,1,0
1,-2,GO:0044770,cell cycle phase transition,M1,1,0
1,-5.4,hsa05219,Bladder cancer,M1,1,0
1,-3,GO:0044409,entry into host,M1,1,0
1,-3.7,GO:0006897,endocytosis,M1,1,0
1,-4.2,R-HSA-5638302,Signaling by Overexpressed Wild-Type EGFR in Cancer,M1,1,0
1,-5,GO:0007178,transmembrane receptor protein serine/threonine kinase signaling pathway,M1,1,0
1,-2.6,GO:0048638,regulation of developmental growth,M1,1,0
1,-2.2,GO:0045665,negative regulation of neuron differentiation,M1,1,0
1,-4.4,GO:0071625,vocalization behavior,M1,1,0
1,-2.2,hsa04390,Hippo signaling pathway,M1,1,0
1,-2.9,GO:0042063,gliogenesis,M1,1,0
1,-3,GO:0035265,organ growth,M1,1,0
1,-3.6,R-HSA-9006927,Signaling by Non-Receptor Tyrosine Kinases,M1,1,0
1,-2.4,GO:0035150,regulation of tube size,M1,1,0
1,-4,M144,PID CERAMIDE PATHWAY,M1,1,0
1,-2.9,GO:0001667,ameboidal-type cell migration,M1,1,0
1,-2.3,R-HSA-1980145,Signaling by NOTCH2,M1,1,0
1,-2.1,WP5285,Immune infiltration in pancreatic cancer,M1,1,0
1,-2.3,GO:0010812,negative regulation of cell-substrate adhesion,M1,1,0
1,-3.9,GO:0050919,negative chemotaxis,M1,1,0
1,-9.6,GO:2000147,positive regulation of cell motility,M1,1,0
1,-2.7,R-HSA-1643713,Signaling by EGFR in Cancer,M1,1,0
1,-2.8,GO:0009952,anterior/posterior pattern specification,M1,1,0
1,-2.8,GO:0046058,cAMP metabolic process,M1,1,0
1,-2.9,GO:0051961,negative regulation of nervous system development,M1,1,0
1,-2.4,GO:0097746,blood vessel diameter maintenance,M1,1,0
1,-2.6,GO:0001945,lymph vessel development,M1,1,0
1,-3.1,GO:0002685,regulation of leukocyte migration,M1,1,0
1,-2.3,M270,PID MAPK TRK PATHWAY,M1,1,0
1,-5.2,GO:0043410,positive regulation of MAPK cascade,M1,1,0
1,-2.2,GO:0044772,mitotic cell cycle phase transition,M1,1,0
1,-2.3,WP5090,Complement system in neuronal development and plasticity,M1,1,0
1,-2.7,GO:0060038,cardiac muscle cell proliferation,M1,1,0
1,-3.5,R-HSA-8847993,ERBB2 Activates PTK6 Signaling,M1,1,0
1,-3.7,GO:0048839,inner ear development,M1,1,0
1,-11,GO:0007167,enzyme-linked receptor protein signaling pathway,M1,1,0
1,-2.7,GO:2001026,regulation of endothelial cell chemotaxis,M1,1,0
1,-3.7,GO:0031032,actomyosin structure organization,M1,1,0
1,-5.1,GO:0050918,positive chemotaxis,M1,1,0
1,-4.7,GO:0014032,neural crest cell development,M1,1,0
1,-2.4,GO:0043407,negative regulation of MAP kinase activity,M1,1,0
1,-12,GO:0002009,morphogenesis of an epithelium,M1,1,0
1,-2.2,GO:0097191,extrinsic apoptotic signaling pathway,M1,1,0
1,-2.3,GO:0032535,regulation of cellular component size,M1,1,0
1,-3.4,hsa04926,Relaxin signaling pathway,M1,1,0
1,-2.8,GO:2000736,regulation of stem cell differentiation,M1,1,0
1,-2.8,GO:0072311,glomerular epithelial cell differentiation,M1,1,0
1,-2.4,GO:2001235,positive regulation of apoptotic signaling pathway,M1,1,0
1,-4.2,WP382,MAPK signaling pathway,M1,1,0
1,-2.2,GO:0042401,biogenic amine biosynthetic process,M1,1,0
1,-2.2,hsa05211,Renal cell carcinoma,M1,1,0
1,-2,GO:0006949,syncytium formation,M1,1,0
1,-2.5,GO:0099084,postsynaptic specialization organization,M1,1,0
1,-4.7,GO:0043583,ear development,M1,1,0
1,-10,GO:0008283,cell population proliferation,M1,1,0
1,-4,GO:0009792,embryo development ending in birth or egg hatching,M1,1,0
1,-2.8,GO:0042593,glucose homeostasis,M1,1,0
1,-4.7,GO:0120035,regulation of plasma membrane bounded cell projection organization,M1,1,0
1,-3.8,GO:0030099,myeloid cell differentiation,M1,1,0
1,-4.2,GO:0071526,semaphorin-plexin signaling pathway,M1,1,0
1,-2.4,GO:0060395,SMAD protein signal transduction,M1,1,0
1,-3.1,GO:0033194,response to hydroperoxide,M1,1,0
1,-3,GO:0030900,forebrain development,M1,1,0
1,-2.6,GO:0007204,positive regulation of cytosolic calcium ion concentration,M1,1,0
1,-4.2,WP4658,Small cell lung cancer,M1,1,0
1,-3.2,GO:0010810,regulation of cell-substrate adhesion,M1,1,0
1,-2.5,GO:0001941,postsynaptic membrane organization,M1,1,0
1,-3.2,R-HSA-373755,Semaphorin interactions,M1,1,0
1,-2.3,GO:0090279,regulation of calcium ion import,M1,1,0
1,-2.6,GO:0007599,hemostasis,M1,1,0
1,-3.7,GO:0034332,adherens junction organization,M1,1,0
1,-3.9,GO:0045859,regulation of protein kinase activity,M1,1,0
1,-2.1,GO:0007389,pattern specification process,M1,1,0
1,-3.4,GO:0050673,epithelial cell proliferation,M1,1,0
1,-3.1,GO:0043409,negative regulation of MAPK cascade,M1,1,0
1,-4.4,GO:0060191,regulation of lipase activity,M1,1,0
1,-2.1,GO:0062012,regulation of small molecule metabolic process,M1,1,0
1,-3.2,GO:0006641,triglyceride metabolic process,M1,1,0
1,-6.1,GO:0048738,cardiac muscle tissue development,M1,1,0
1,-4.9,WP4216,Chromosomal and microsatellite instability in colorectal cancer,M1,1,0
1,-4.1,M211,PID HEDGEHOG 2PATHWAY,M1,1,0
1,-2.3,GO:0061387,regulation of extent of cell growth,M1,1,0
1,-3.3,R-HSA-6785631,ERBB2 Regulates Cell Motility,M1,1,0
1,-2.8,GO:0099068,postsynapse assembly,M1,1,0
1,-6.1,GO:0055006,cardiac cell development,M1,1,0
1,-2.8,GO:0045321,leukocyte activation,M1,1,0
1,-2.8,GO:0045744,negative regulation of G protein-coupled receptor signaling pathway,M1,1,0
1,-2.6,GO:0002262,myeloid cell homeostasis,M1,1,0
1,-3,GO:0006468,protein phosphorylation,M1,1,0
1,-4.1,hsa05231,Choline metabolism in cancer,M1,1,0
1,-2.4,WP5083,Neuroinflammation and glutamatergic signaling,M1,1,0
1,-5.7,hsa04928,"Parathyroid hormone synthesis, secretion and action",M1,1,0
1,-7.9,GO:0001525,angiogenesis,M1,1,0
1,-3.6,WP2870,Extracellular vesicle-mediated signaling in recipient cells,M1,1,0
1,-5.5,GO:0010634,positive regulation of epithelial cell migration,M1,1,0
1,-5.3,WP2431,Spinal cord injury,M1,1,0
1,-2.3,GO:0048566,embryonic digestive tract development,M1,1,0
1,-3.5,GO:0061326,renal tubule development,M1,1,0
1,-4,GO:0031623,receptor internalization,M1,1,0
1,-2.9,GO:0001938,positive regulation of endothelial cell proliferation,M1,1,0
1,-5.4,R-HSA-9006931,Signaling by Nuclear Receptors,M1,1,0
1,-2.6,GO:0051703,biological process involved in intraspecies interaction between organisms,M1,1,0
1,-3.9,R-HSA-174824,"Plasma lipoprotein assembly, remodeling, and clearance",M1,1,0
1,-5.3,GO:1990410,adrenomedullin receptor signaling pathway,M1,1,0
1,-3,GO:0050803,regulation of synapse structure or activity,M1,1,0
1,-2.2,GO:2000352,negative regulation of endothelial cell apoptotic process,M1,1,0
1,-3.1,hsa05120,Epithelial cell signaling in Helicobacter pylori infection,M1,1,0
1,-3.6,R-HSA-8848021,Signaling by PTK6,M1,1,0
1,-8.7,GO:0040011,locomotion,M1,1,0
1,-3,GO:0014743,regulation of muscle hypertrophy,M1,1,0
1,-3.1,GO:0052652,cyclic purine nucleotide metabolic process,M1,1,0
1,-4.1,hsa01522,Endocrine resistance,M1,1,0
1,-2.9,hsa05212,Pancreatic cancer,M1,1,0
1,-4.8,GO:1902895,positive regulation of miRNA transcription,M1,1,0
1,-4,GO:0007565,female pregnancy,M1,1,0
1,-7.9,GO:0000904,cell morphogenesis involved in differentiation,M1,1,0
1,-3.4,GO:0001952,regulation of cell-matrix adhesion,M1,1,0
1,-3.4,hsa05222,Small cell lung cancer,M1,1,0
1,-3.1,GO:0031295,T cell costimulation,M1,1,0
1,-2.6,GO:0034762,regulation of transmembrane transport,M1,1,0
1,-4.3,GO:0009791,post-embryonic development,M1,1,0
1,-2.6,GO:0002686,negative regulation of leukocyte migration,M1,1,0
1,-3.5,GO:0072164,mesonephric tubule development,M1,1,0
1,-3.3,GO:0010595,positive regulation of endothelial cell migration,M1,1,0
1,-4.2,WP2032,Thyroid stimulating hormone (TSH) signaling pathway,M1,1,0
1,-2.2,GO:0090162,establishment of epithelial cell polarity,M1,1,0
1,-9.3,GO:0030335,positive regulation of cell migration,M1,1,0
1,-5.5,GO:0007420,brain development,M1,1,0
1,-2.2,GO:0042594,response to starvation,M1,1,0
1,-4.9,GO:0072006,nephron development,M1,1,0
1,-2.6,GO:0065005,protein-lipid complex assembly,M1,1,0
1,-6.1,GO:0034599,cellular response to oxidative stress,M1,1,0
1,-2.3,GO:0051668,localization within membrane,M1,1,0
1,-2.5,hsa04210,Apoptosis,M1,1,0
1,-2.1,R-HSA-5173214,O-glycosylation of TSR domain-containing proteins,M1,1,0
1,-2,GO:0051154,negative regulation of striated muscle cell differentiation,M1,1,0
1,-2.8,GO:0043087,regulation of GTPase activity,M1,1,0
1,-4.7,GO:0007411,axon guidance,M1,1,0
1,-3.4,R-HSA-2644603,Signaling by NOTCH1 in Cancer,M1,1,0
1,-4.2,GO:0014033,neural crest cell differentiation,M1,1,0
1,-2.5,GO:0042303,molting cycle,M1,1,0
1,-2.3,GO:0034101,erythrocyte homeostasis,M1,1,0
1,-3.3,GO:0006816,calcium ion transport,M1,1,0
1,-3,GO:0042423,catecholamine biosynthetic process,M1,1,0
1,-3.1,GO:0071241,cellular response to inorganic substance,M1,1,0
1,-3.1,GO:0051251,positive regulation of lymphocyte activation,M1,1,0
1,-3.1,GO:0007044,cell-substrate junction assembly,M1,1,0
1,-5,GO:0060485,mesenchyme development,M1,1,0
1,-4.7,GO:0003151,outflow tract morphogenesis,M1,1,0
1,-3.2,R-HSA-1963642,PI3K events in ERBB2 signaling,M1,1,0
1,-4,hsa04933,AGE-RAGE signaling pathway in diabetic complications,M1,1,0
1,-2.7,GO:0050804,modulation of chemical synaptic transmission,M1,1,0
1,-3.1,GO:0036294,cellular response to decreased oxygen levels,M1,1,0
1,-2.1,GO:0001974,blood vessel remodeling,M1,1,0
1,-2.1,GO:1901888,regulation of cell junction assembly,M1,1,0
1,-2.2,R-HSA-418555,G alpha (s) signalling events,M1,1,0
1,-3.2,GO:1902229,regulation of intrinsic apoptotic signaling pathway in response to DNA damage,M1,1,0
1,-2.5,GO:0001933,negative regulation of protein phosphorylation,M1,1,0
1,-2.4,GO:0031667,response to nutrient levels,M1,1,0
1,-2.7,GO:0070665,positive regulation of leukocyte proliferation,M1,1,0
1,-3.3,GO:0048872,homeostasis of number of cells,M1,1,0
1,-5.5,GO:0048864,stem cell development,M1,1,0
1,-3.1,GO:0036003,positive regulation of transcription from RNA polymerase II promoter in response to stress,M1,1,0
1,-3.3,GO:1901699,cellular response to nitrogen compound,M1,1,0
1,-3.1,GO:0042060,wound healing,M1,1,0
1,-2.7,GO:0030307,positive regulation of cell growth,M1,1,0
1,-2.6,GO:0033344,cholesterol efflux,M1,1,0
1,-2.1,GO:0010762,regulation of fibroblast migration,M1,1,0
1,-2.2,GO:0090050,positive regulation of cell migration involved in sprouting angiogenesis,M1,1,0
1,-3.6,GO:0045444,fat cell differentiation,M1,1,0
1,-2.5,GO:0051781,positive regulation of cell division,M1,1,0
1,-3.1,GO:0032496,response to lipopolysaccharide,M1,1,0
1,-4.5,GO:0051896,regulation of protein kinase B signaling,M1,1,0
1,-11,hsa05200,Pathways in cancer,M1,1,0
1,-3.4,WP4217,Ebola virus infection in host,M1,1,0
1,-3.5,WP254,Apoptosis,M1,1,0
1,-2.1,GO:1902806,regulation of cell cycle G1/S phase transition,M1,1,0
1,-7.5,GO:0043408,regulation of MAPK cascade,M1,1,0
1,-2.1,GO:0051101,regulation of DNA binding,M1,1,0
1,-3.2,R-HSA-8964043,Plasma lipoprotein clearance,M1,1,0
1,-3.3,GO:2001028,positive regulation of endothelial cell chemotaxis,M1,1,0
1,-2.6,GO:2000737,negative regulation of stem cell differentiation,M1,1,0
1,-2.6,GO:0097435,supramolecular fiber organization,M1,1,0
1,-2.7,GO:1904707,positive regulation of vascular associated smooth muscle cell proliferation,M1,1,0
1,-2.4,WP2858,Ectoderm differentiation,M1,1,0
1,-2.1,GO:0042491,inner ear auditory receptor cell differentiation,M1,1,0
1,-5.2,GO:0010975,regulation of neuron projection development,M1,1,0
1,-2.6,GO:0071229,cellular response to acid chemical,M1,1,0
1,-2.6,GO:0001889,liver development,M1,1,0
1,-8.3,GO:0072001,renal system development,M1,1,0
1,-4.3,GO:0071396,cellular response to lipid,M1,1,0
1,-3.6,GO:0060037,pharyngeal system development,M1,1,0
1,-4.4,WP3527,Pre-implantation embryo,M1,1,0
1,-3.2,GO:0006066,alcohol metabolic process,M1,1,0
1,-3.4,GO:0003206,cardiac chamber morphogenesis,M1,1,0
1,-2.1,GO:1903115,regulation of actin filament-based movement,M1,1,0
1,-3.2,R-HSA-180292,GAB1 signalosome,M1,1,0
1,-3.2,GO:0071900,regulation of protein serine/threonine kinase activity,M1,1,0
1,-2.9,GO:0097009,energy homeostasis,M1,1,0
1,-2.9,M285,PID HNF3A PATHWAY,M1,1,0
1,-4.1,GO:0043549,regulation of kinase activity,M1,1,0
1,-2,GO:1903034,regulation of response to wounding,M1,1,0
1,-4.1,GO:0009611,response to wounding,M1,1,0
1,-2.6,WP560,TGF-beta receptor signaling,M1,1,0
1,-3.6,GO:1902337,regulation of apoptotic process involved in morphogenesis,M1,1,0
1,-2.7,GO:2001238,positive regulation of extrinsic apoptotic signaling pathway,M1,1,0
1,-2.7,GO:0030162,regulation of proteolysis,M1,1,0
1,-2.8,GO:0010623,programmed cell death involved in cell development,M1,1,0
1,-5,GO:0008544,epidermis development,M1,1,0
1,-2.4,GO:1904036,negative regulation of epithelial cell apoptotic process,M1,1,0
1,-2.4,GO:1990778,protein localization to cell periphery,M1,1,0
1,-3.3,GO:0007188,adenylate cyclase-modulating G protein-coupled receptor signaling pathway,M1,1,0
1,-6.9,M5885,NABA MATRISOME ASSOCIATED,M1,1,0
1,-2.9,GO:0045165,cell fate commitment,M1,1,0
1,-2.8,WP3931,Embryonic stem cell pluripotency pathways,M1,1,0
1,-2.6,GO:0048705,skeletal system morphogenesis,M1,1,0
1,-3.1,R-HSA-422475,Axon guidance,M1,1,0
1,-2.5,M100,PID SHP2 PATHWAY,M1,1,0
1,-5.1,GO:0048812,neuron projection morphogenesis,M1,1,0
1,-3.4,R-HSA-2894858,Signaling by NOTCH1 HD+PEST Domain Mutants in Cancer,M1,1,0
1,-2.4,GO:0010466,negative regulation of peptidase activity,M1,1,0
1,-2.2,GO:0043542,endothelial cell migration,M1,1,0
1,-4.2,GO:0006638,neutral lipid metabolic process,M1,1,0
1,-3.6,GO:0043269,regulation of monoatomic ion transport,M1,1,0
1,-15,GO:0035239,tube morphogenesis,M1,1,0
1,-8,GO:0070482,response to oxygen levels,M1,1,0
1,-3,GO:0003279,cardiac septum development,M1,1,0
1,-3,M3468,NABA ECM REGULATORS,M1,1,0
1,-4.6,R-HSA-372790,Signaling by GPCR,M1,1,0
1,-5.5,GO:0040013,negative regulation of locomotion,M1,1,0
1,-2.6,R-HSA-1227990,Signaling by ERBB2 in Cancer,M1,1,0
1,-4,GO:0030100,regulation of endocytosis,M1,1,0
1,-3.7,GO:0001503,ossification,M1,1,0
1,-3.3,R-HSA-76005,Response to elevated platelet cytosolic Ca2+,M1,1,0
1,-3.3,GO:0051129,negative regulation of cellular component organization,M1,1,0
1,-2.9,GO:0007346,regulation of mitotic cell cycle,M1,1,0
1,-4.5,GO:0021700,developmental maturation,M1,1,0
1,-3.8,GO:0071417,cellular response to organonitrogen compound,M1,1,0
1,-4.4,GO:2000630,positive regulation of miRNA metabolic process,M1,1,0
1,-2.8,WP706,Sudden infant death syndrome (SIDS) susceptibility pathways,M1,1,0
1,-2.5,GO:0097006,regulation of plasma lipoprotein particle levels,M1,1,0
1,-3,GO:0001709,cell fate determination,M1,1,0
1,-3,GO:0072028,nephron morphogenesis,M1,1,0
1,-2.6,WP5231,Hippocampal synaptogenesis and neurogenesis,M1,1,0
1,-2.5,GO:0051209,release of sequestered calcium ion into cytosol,M1,1,0
1,-3.3,GO:0048730,epidermis morphogenesis,M1,1,0
1,-5.2,GO:0001775,cell activation,M1,1,0
1,-3.6,GO:0071453,cellular response to oxygen levels,M1,1,0
1,-5.2,GO:0008015,blood circulation,M1,1,0
1,-5.4,GO:0042327,positive regulation of phosphorylation,M1,1,0
1,-2.4,GO:0002244,hematopoietic progenitor cell differentiation,M1,1,0
1,-4.2,GO:0055013,cardiac muscle cell development,M1,1,0
1,-2.6,GO:0010563,negative regulation of phosphorus metabolic process,M1,1,0
1,-3.3,hsa04068,FoxO signaling pathway,M1,1,0
1,-2.2,GO:0072088,nephron epithelium morphogenesis,M1,1,0
1,-3.4,GO:0002237,response to molecule of bacterial origin,M1,1,0
1,-3.5,GO:0071276,cellular response to cadmium ion,M1,1,0
1,-2,R-HSA-8875878,MET promotes cell motility,M1,1,0
1,-3.4,R-HSA-381426,Regulation of Insulin-like Growth Factor (IGF) transport and uptake by Insulin-like Growth Factor Binding Proteins (IGFBPs),M1,1,0
1,-2.5,GO:0043502,regulation of muscle adaptation,M1,1,0
1,-4,M17200,SA B CELL RECEPTOR COMPLEXES,M1,1,0
1,-2.2,GO:2001236,regulation of extrinsic apoptotic signaling pathway,M1,1,0
1,-6.5,GO:0008285,negative regulation of cell population proliferation,M1,1,0
1,-2.4,GO:0002090,regulation of receptor internalization,M1,1,0
1,-2.2,GO:0031076,embryonic camera-type eye development,M1,1,0
1,-2.1,GO:1902904,negative regulation of supramolecular fiber organization,M1,1,0
1,-4,hsa04151,PI3K-Akt signaling pathway,M1,1,0
1,-4,WP2873,Aryl hydrocarbon receptor pathway,M1,1,0
1,-3.4,R-HSA-114608,Platelet degranulation,M1,1,0
1,-3.1,GO:0050921,positive regulation of chemotaxis,M1,1,0
1,-2,GO:0051493,regulation of cytoskeleton organization,M1,1,0
1,-2.8,GO:0051147,regulation of muscle cell differentiation,M1,1,0
1,-2.3,GO:0044091,membrane biogenesis,M1,1,0
1,-6.1,GO:0043114,regulation of vascular permeability,M1,1,0
1,-2.9,WP710,DNA damage response (only ATM dependent),M1,1,0
1,-2.6,hsa05166,Human T-cell leukemia virus 1 infection,M1,1,0
1,-2.4,WP23,B cell receptor signaling pathway,M1,1,0
1,-5.4,WP3872,Regulation of apoptosis by parathyroid hormone-related protein,M1,1,0
1,-2.5,R-HSA-373080,Class B/2 (Secretin family receptors),M1,1,0
1,-2.1,GO:0050767,regulation of neurogenesis,M1,1,0
1,-2.1,GO:1903131,mononuclear cell differentiation,M1,1,0
1,-3.6,GO:0019935,cyclic-nucleotide-mediated signaling,M1,1,0
1,-2.1,GO:0015695,organic cation transport,M1,1,0
1,-3.9,GO:0098773,skin epidermis development,M1,1,0
1,-2.9,hsa04668,TNF signaling pathway,M1,1,0
1,-2.6,GO:0002092,positive regulation of receptor internalization,M1,1,0
1,-13,GO:0001944,vasculature development,M1,1,0
1,-4.3,GO:0030336,negative regulation of cell migration,M1,1,0
1,-3.5,WP4879,Overlap between signal transduction pathways contributing to LMNA laminopathies,M1,1,0
1,-5,GO:0001558,regulation of cell growth,M1,1,0
1,-6.2,hsa04010,MAPK signaling pathway,M1,1,0
1,-8.2,GO:0042692,muscle cell differentiation,M1,1,0
1,-2.1,hsa03320,PPAR signaling pathway,M1,1,0
1,-2.7,GO:0003197,endocardial cushion development,M1,1,0
1,-4.1,GO:0051346,negative regulation of hydrolase activity,M1,1,0
1,-3.1,GO:0070301,cellular response to hydrogen peroxide,M1,1,0
1,-3.1,GO:0038128,ERBB2 signaling pathway,M1,1,0
1,-3.2,GO:0033674,positive regulation of kinase activity,M1,1,0
1,-3,GO:0009712,catechol-containing compound metabolic process,M1,1,0
1,-3.3,R-HSA-9675108,Nervous system development,M1,1,0
1,-3.2,GO:0071456,cellular response to hypoxia,M1,1,0
1,-3.2,WP3678,Amplification and expansion of oncogenic pathways as metastatic traits,M1,1,0
1,-4.6,WP408,Oxidative stress response,M1,1,0
1,-3.2,GO:1902305,regulation of sodium ion transmembrane transport,M1,1,0
1,-2.6,GO:0019058,viral life cycle,M1,1,0
1,-8.1,GO:0007507,heart development,M1,1,0
1,-2.5,GO:0001101,response to acid chemical,M1,1,0
1,-5,GO:0060840,artery development,M1,1,0
1,-2.7,GO:0043434,response to peptide hormone,M1,1,0
1,-2.7,R-HSA-9664565,Signaling by ERBB2 KD Mutants,M1,1,0
1,-3.7,hsa05226,Gastric cancer,M1,1,0
1,-2.7,GO:0048799,animal organ maturation,M1,1,0
1,-2.1,R-HSA-9031628,NGF-stimulated transcription,M1,1,0
1,-3.5,GO:0061384,heart trabecula morphogenesis,M1,1,0
1,-3.4,R-HSA-2644602,Signaling by NOTCH1 PEST Domain Mutants in Cancer,M1,1,0
1,-2.4,GO:0070542,response to fatty acid,M1,1,0
1,-3.1,GO:0061333,renal tubule morphogenesis,M1,1,0
1,-4.9,GO:0150063,visual system development,M1,1,0
1,-2.8,R-HSA-2122947,NOTCH1 Intracellular Domain Regulates Transcription,M1,1,0
1,-2.3,R-HSA-2871796,FCERI mediated MAPK activation,M1,1,0
1,-2.8,hsa05161,Hepatitis B,M1,1,0
1,-2.1,GO:0030326,embryonic limb morphogenesis,M1,1,0
1,-2.2,R-HSA-5083635,Defective B3GALTL causes PpS,M1,1,0
1,-2.9,hsa04921,Oxytocin signaling pathway,M1,1,0
1,-2.5,GO:0032768,regulation of monooxygenase activity,M1,1,0
1,-5,GO:0120039,plasma membrane bounded cell projection morphogenesis,M1,1,0
1,-3.5,GO:1904748,regulation of apoptotic process involved in development,M1,1,0
1,-4.5,GO:0050890,cognition,M1,1,0
1,-2.2,WP400,p38 MAPK signaling pathway,M1,1,0
1,-3.4,GO:1905207,regulation of cardiocyte differentiation,M1,1,0
1,-4.5,GO:0043405,regulation of MAP kinase activity,M1,1,0
1,-3.9,R-HSA-9013507,NOTCH3 Activation and Transmission of Signal to the Nucleus,M1,1,0
1,-2.1,WP3298,Melatonin metabolism and effects,M1,1,0
1,-5,GO:0048858,cell projection morphogenesis,M1,1,0
1,-5.4,GO:0033002,muscle cell proliferation,M1,1,0
1,-2.8,GO:0022404,molting cycle process,M1,1,0
1,-2.2,R-HSA-3906995,Diseases associated with O-glycosylation of proteins,M1,1,0
1,-2.4,GO:1903169,regulation of calcium ion transmembrane transport,M1,1,0
1,-2.1,GO:0009612,response to mechanical stimulus,M1,1,0
1,-3,R-HSA-8963898,Plasma lipoprotein assembly,M1,1,0
1,-3.6,GO:0090066,regulation of anatomical structure size,M1,1,0
1,-2.9,GO:0014066,regulation of phosphatidylinositol 3-kinase signaling,M1,1,0
1,-2.9,GO:0072657,protein localization to membrane,M1,1,0
1,-2,GO:0090101,negative regulation of transmembrane receptor protein serine/threonine kinase signaling pathway,M1,1,0
1,-6.3,GO:0007169,transmembrane receptor protein tyrosine kinase signaling pathway,M1,1,0
1,-4.2,GO:0045785,positive regulation of cell adhesion,M1,1,0
1,-3.1,R-HSA-5663202,Diseases of signal transduction by growth factor receptors and second messengers,M1,1,0
1,-2.2,GO:1902903,regulation of supramolecular fiber organization,M1,1,0
1,-3.6,GO:1902230,negative regulation of intrinsic apoptotic signaling pathway in response to DNA damage,M1,1,0
1,-2.2,GO:0010611,regulation of cardiac muscle hypertrophy,M1,1,0
1,-2.3,GO:1903706,regulation of hemopoiesis,M1,1,0
1,-7,GO:0036293,response to decreased oxygen levels,M1,1,0
1,-4.6,GO:0048863,stem cell differentiation,M1,1,0
1,-8.2,GO:0031175,neuron projection development,M1,1,0
1,-2.6,GO:0007435,salivary gland morphogenesis,M1,1,0
1,-4.6,GO:1901215,negative regulation of neuron death,M1,1,0
1,-2.2,GO:0003208,cardiac ventricle morphogenesis,M1,1,0
1,-2.5,WP3972,PDGFR-beta pathway,M1,1,0
1,-2.4,GO:0048562,embryonic organ morphogenesis,M1,1,0
1,-2.3,GO:0031102,neuron projection regeneration,M1,1,0
1,-2.2,hsa05223,Non-small cell lung cancer,M1,1,0
1,-2.2,GO:0021915,neural tube development,M1,1,0
1,-3.1,GO:0071772,response to BMP,M1,1,0
1,-2.4,GO:2001243,negative regulation of intrinsic apoptotic signaling pathway,M1,1,0
1,-2.5,GO:0051345,positive regulation of hydrolase activity,M1,1,0
1,-2.3,GO:0034405,response to fluid shear stress,M1,1,0
1,-2.2,GO:1904035,regulation of epithelial cell apoptotic process,M1,1,0
1,-2.2,hsa05216,Thyroid cancer,M1,1,0
1,-2.6,GO:0045786,negative regulation of cell cycle,M1,1,0
1,-2.6,GO:0048565,digestive tract development,M1,1,0
1,-3,GO:0050768,negative regulation of neurogenesis,M1,1,0
1,-6,GO:0061564,axon development,M1,1,0
1,-2.1,GO:0046903,secretion,M1,1,0
1,-4.6,R-HSA-6794361,Neurexins and neuroligins,M1,1,0
1,-4.5,GO:0043116,negative regulation of vascular permeability,M1,1,0
1,-3,GO:0042542,response to hydrogen peroxide,M1,1,0
1,-2.6,GO:0045229,external encapsulating structure organization,M1,1,0
1,-6,GO:0032872,regulation of stress-activated MAPK cascade,M1,1,0
1,-2.3,WP4241,Type 2 papillary renal cell carcinoma,M1,1,0
1,-2.9,GO:0048592,eye morphogenesis,M1,1,0
1,-2.9,R-HSA-9009391,Extra-nuclear estrogen signaling,M1,1,0
1,-4.2,GO:0097646,calcitonin family receptor signaling pathway,M1,1,0
1,-2.7,GO:0072010,glomerular epithelium development,M1,1,0
1,-4.8,GO:0071695,anatomical structure maturation,M1,1,0
1,-2.8,M206,PID PDGFRA PATHWAY,M1,1,0
1,-2.6,GO:0032102,negative regulation of response to external stimulus,M1,1,0
1,-2.2,GO:0060541,respiratory system development,M1,1,0
1,-2.2,GO:0071398,cellular response to fatty acid,M1,1,0
1,-4.3,GO:0001823,mesonephros development,M1,1,0
1,-2.6,GO:0035176,social behavior,M1,1,0
1,-6,GO:0014706,striated muscle tissue development,M1,1,0
1,-3,GO:0009713,catechol-containing compound biosynthetic process,M1,1,0
1,-2.1,GO:0002252,immune effector process,M1,1,0
1,-5.3,GO:0007517,muscle organ development,M1,1,0
1,-3.3,GO:0007162,negative regulation of cell adhesion,M1,1,0
1,-2.4,WP430,Statin inhibition of cholesterol production,M1,1,0
1,-2.5,WP558,Complement and coagulation cascades,M1,1,0
1,-3.3,GO:0070304,positive regulation of stress-activated protein kinase signaling cascade,M1,1,0
1,-3,GO:0031952,regulation of protein autophosphorylation,M1,1,0
1,-2.4,WP3996,Ethanol effects on histone modifications,M1,1,0
1,-4.2,GO:0038134,ERBB2-EGFR signaling pathway,M1,1,0
1,-4.1,GO:0007179,transforming growth factor beta receptor signaling pathway,M1,1,0
1,-3.5,GO:0032870,cellular response to hormone stimulus,M1,1,0
1,-2.6,GO:0016125,sterol metabolic process,M1,1,0
1,-3.3,GO:0051924,regulation of calcium ion transport,M1,1,0
1,-2.1,GO:0032355,response to estradiol,M1,1,0
1,-2.8,GO:0043406,positive regulation of MAP kinase activity,M1,1,0
1,-5.7,GO:0006979,response to oxidative stress,M1,1,0
1,-3.4,GO:0048841,regulation of axon extension involved in axon guidance,M1,1,0
1,-3.6,GO:0022407,regulation of cell-cell adhesion,M1,1,0
1,-3.4,GO:0032874,positive regulation of stress-activated MAPK cascade,M1,1,0
1,-2.8,WP2637,Interleukin-1 (IL-1) structural pathway,M1,1,0
1,-3.6,WP4262,Breast cancer pathway,M1,1,0
1,-2.8,GO:0022405,hair cycle process,M1,1,0
1,-2.2,GO:0046189,phenol-containing compound biosynthetic process,M1,1,0
1,-2.1,GO:0033627,cell adhesion mediated by integrin,M1,1,0
1,-2.5,GO:0030001,metal ion transport,M1,1,0
1,-3.5,GO:0050801,monoatomic ion homeostasis,M1,1,0
1,-2.1,GO:0003203,endocardial cushion morphogenesis,M1,1,0
1,-2,GO:0052548,regulation of endopeptidase activity,M1,1,0
1,-3.6,GO:0032970,regulation of actin filament-based process,M1,1,0
1,-7.2,GO:0035051,cardiocyte differentiation,M1,1,0
1,-2.8,GO:0034377,plasma lipoprotein particle assembly,M1,1,0
1,-2.8,WP712,Estrogen signaling pathway,M1,1,0
1,-2,GO:0055088,lipid homeostasis,M1,1,0
1,-2.1,GO:0045861,negative regulation of proteolysis,M1,1,0
1,-2.2,GO:0045746,negative regulation of Notch signaling pathway,M1,1,0
1,-3.7,hsa05202,Transcriptional misregulation in cancer,M1,1,0
1,-2.2,GO:0001818,negative regulation of cytokine production,M1,1,0
1,-2.2,GO:0048008,platelet-derived growth factor receptor signaling pathway,M1,1,0
1,-3.5,GO:0072163,mesonephric epithelium development,M1,1,0
1,-4.3,GO:0010959,regulation of metal ion transport,M1,1,0
1,-3.1,WP127,IL-5 signaling pathway,M1,1,0
1,-2.8,GO:0002701,negative regulation of production of molecular mediator of immune response,M1,1,0
1,-2.8,M2,PID SMAD2 3NUCLEAR PATHWAY,M1,1,0
1,-2,GO:0071675,regulation of mononuclear cell migration,M1,1,0
1,-2.1,GO:0043547,positive regulation of GTPase activity,M1,1,0
1,-3.2,GO:0090090,negative regulation of canonical Wnt signaling pathway,M1,1,0
1,-5.5,hsa05207,Chemical carcinogenesis - receptor activation,M1,1,0
1,-2.7,GO:0010232,vascular transport,M1,1,0
1,-4.7,GO:0090092,regulation of transmembrane receptor protein serine/threonine kinase signaling pathway,M1,1,0
1,-2.8,M142,PID AJDISS 2PATHWAY,M1,1,0
1,-2.7,hsa04012,ErbB signaling pathway,M1,1,0
1,-2.7,R-HSA-400685,Sema4D in semaphorin signaling,M1,1,0
1,-5.2,GO:0043524,negative regulation of neuron apoptotic process,M1,1,0
1,-2.2,WP5055,Burn wound healing,M1,1,0
1,-3.6,GO:0010749,regulation of nitric oxide mediated signal transduction,M1,1,0
