_MEMBER_MyList,_LogP_MyList,GO,Description,_PATTERN_,_RANK_,CHILD_GO_MyList
1,-14.89713630481079,GO:0032502,developmental process,M1,1,GO:0035239 tube morphogenesis
1,-11.371870764512694,GO:0048518,positive regulation of biological process,M1,1,GO:0043065 positive regulation of apoptotic process
1,-10.501368397347825,GO:0023052,signaling,M1,1,GO:0007167 enzyme-linked receptor protein signaling pathway
1,-10.04095640584378,GO:0009987,cellular process,M1,1,GO:0008283 cell population proliferation
1,-9.625901291409502,GO:0040011,locomotion,M1,1,GO:2000147 positive regulation of cell motility
1,-8.740982936272921,GO:0050896,response to stimulus,M1,1,GO:0070848 response to growth factor
1,-7.0937597487702835,GO:0032501,multicellular organismal process,M1,1,GO:0003013 circulatory system process
1,-6.914169948569865,GO:0050789,regulation of biological process,M1,1,GO:0050678 regulation of epithelial cell proliferation
1,-6.49529738329917,GO:0048519,negative regulation of biological process,M1,1,GO:0008285 negative regulation of cell population proliferation
1,-5.504059237196755,GO:0040007,growth,M1,1,GO:0040008 regulation of growth
1,-5.0404479421145,GO:0065007,biological regulation,M1,1,GO:0043086 negative regulation of catalytic activity
1,-4.957103054113935,GO:0008152,metabolic process,M1,1,GO:1901615 organic hydroxy compound metabolic process
1,-4.321950938815014,GO:0051179,localization,M1,1,GO:0010959 regulation of metal ion transport
1,-4.039429545923058,GO:0022414,reproductive process,M1,1,GO:0007565 female pregnancy
1,-3.6499809678463655,GO:0002376,immune system process,M1,1,GO:0002694 regulation of leukocyte activation
1,-3.5745192198149365,GO:0042592,homeostatic process,M1,1,GO:0055080 monoatomic cation homeostasis
1,-3.4262707734865003,GO:0044419,biological process involved in interspecies interaction between organisms,M1,1,GO:0002237 response to molecule of bacterial origin
1,-3.000453025470873,GO:0016032,viral process,M1,1,GO:0046718 viral entry into host cell
1,-2.6322031735357214,GO:0051703,biological process involved in intraspecies interaction between organisms,M1,1,GO:0051703 biological process involved in intraspecies interaction between organisms
1,-2.0240683365683423,GO:0098754,detoxification,M1,1,GO:0098754 detoxification
